accident_severity,special_conditions_at_site,pedestrian_movement,road_surface_conditions,light_conditions,weather_conditions,age_of_vehicle,sex_of_driver,age_of_driver,junction_location,junction_detail,junction_control,did_police_officer_attend_scene_of_accident,day_of_week
1208,2,0.0,0.0,1.0,4,1,2.1972245773362196,2.0,3.9318256327243257,8.0,6.0,2.0,1.0,7
1217,3,0.0,1.0,1.0,4,1,1.0986122886681098,1.0,3.7376696182833684,2.0,3.0,2.0,2.0,3
1227,3,0.0,0.0,2.0,4,1,2.4849066497880004,1.0,3.1354942159291497,2.0,3.0,4.0,1.0,2
1228,3,0.0,0.0,2.0,4,1,2.1972245773362196,1.0,3.295836866004329,1.0,3.0,4.0,1.0,2
1230,3,0.0,0.0,1.0,1,1,0.6931471805599453,1.0,3.5263605246161616,8.0,3.0,4.0,1.0,3
1233,3,0.0,0.0,1.0,1,1,1.9459101490553132,1.0,4.04305126783455,2.0,3.0,4.0,1.0,4
1234,3,0.0,0.0,1.0,1,1,1.791759469228055,2.0,3.2188758248682006,1.0,6.0,4.0,1.0,7
1235,3,0.0,0.0,1.0,1,1,2.3978952727983707,2.0,3.4657359027997265,1.0,6.0,4.0,1.0,7
1236,3,0.0,0.0,1.0,1,1,2.3978952727983707,2.0,3.4657359027997265,1.0,6.0,4.0,1.0,7
1244,3,4.0,0.0,1.0,1,1,0.6931471805599453,2.0,4.110873864173311,2.0,3.0,4.0,2.0,3
1245,3,4.0,0.0,1.0,1,1,1.0986122886681098,2.0,4.204692619390966,2.0,3.0,4.0,2.0,3
1248,3,0.0,0.0,2.0,1,2,2.70805020110221,2.0,4.442651256490317,1.0,3.0,4.0,1.0,6
1249,3,0.0,0.0,2.0,1,2,2.70805020110221,2.0,4.442651256490317,1.0,3.0,4.0,1.0,6
1252,3,0.0,0.0,2.0,4,4,2.833213344056216,1.0,3.258096538021482,1.0,3.0,4.0,1.0,4
1254,3,0.0,0.0,2.0,4,2,3.4339872044851463,2.0,2.8903717578961645,8.0,3.0,4.0,1.0,3
1258,2,0.0,9.0,2.0,1,2,2.0794415416798357,2.0,4.07753744390572,5.0,3.0,4.0,1.0,4
1260,3,0.0,0.0,1.0,1,1,2.0794415416798357,1.0,4.3694478524670215,1.0,6.0,2.0,2.0,3
1261,3,0.0,0.0,1.0,1,1,2.0794415416798357,1.0,4.3694478524670215,1.0,6.0,2.0,2.0,3
1267,3,0.0,0.0,2.0,4,1,2.6390573296152584,1.0,3.044522437723423,8.0,3.0,4.0,1.0,2
1268,3,0.0,0.0,2.0,4,1,2.6390573296152584,1.0,3.044522437723423,8.0,3.0,4.0,1.0,2
1269,3,0.0,0.0,2.0,4,1,2.6390573296152584,1.0,3.044522437723423,8.0,3.0,4.0,1.0,2
1270,3,0.0,0.0,2.0,4,1,2.6390573296152584,1.0,3.044522437723423,8.0,3.0,4.0,1.0,2
1274,3,0.0,0.0,2.0,1,2,2.1972245773362196,1.0,3.1354942159291497,8.0,3.0,4.0,2.0,5
1284,3,0.0,0.0,1.0,4,1,2.302585092994046,2.0,3.9318256327243257,1.0,3.0,4.0,1.0,2
1290,3,0.0,0.0,2.0,4,1,2.0794415416798357,2.0,3.5263605246161616,1.0,3.0,4.0,2.0,7
1294,3,0.0,1.0,2.0,4,1,0.6931471805599453,1.0,3.1780538303479458,8.0,3.0,4.0,1.0,5
1295,3,0.0,0.0,2.0,4,1,2.1972245773362196,1.0,4.1588830833596715,8.0,6.0,2.0,1.0,3
1297,3,0.0,1.0,2.0,4,1,2.6390573296152584,1.0,3.784189633918261,8.0,3.0,2.0,1.0,5
1301,2,0.0,1.0,1.0,1,1,1.791759469228055,1.0,3.6635616461296463,8.0,3.0,4.0,1.0,3
1304,3,0.0,0.0,2.0,4,4,0.6931471805599453,2.0,3.970291913552122,1.0,3.0,3.0,1.0,5
1306,3,0.0,3.0,2.0,1,1,1.791759469228055,2.0,3.5263605246161616,1.0,3.0,4.0,1.0,6
1308,3,6.0,0.0,2.0,1,2,1.0986122886681098,1.0,4.127134385045092,4.0,1.0,4.0,1.0,2
1310,3,0.0,0.0,1.0,1,1,2.0794415416798357,2.0,4.060443010546419,1.0,3.0,4.0,1.0,5
1314,1,0.0,3.0,1.0,4,1,1.0986122886681098,1.0,3.6635616461296463,8.0,3.0,4.0,1.0,5
1318,3,0.0,0.0,3.0,4,8,2.6390573296152584,1.0,3.8501476017100584,1.0,3.0,4.0,2.0,5
1319,3,0.0,0.0,1.0,1,1,2.4849066497880004,1.0,4.02535169073515,2.0,3.0,2.0,1.0,3
1323,3,0.0,0.0,1.0,4,1,2.5649493574615367,1.0,3.332204510175204,8.0,1.0,4.0,1.0,4
1325,3,0.0,0.0,1.0,1,1,2.0794415416798357,2.0,3.332204510175204,1.0,1.0,4.0,1.0,6
1328,3,0.0,0.0,2.0,1,1,2.1972245773362196,1.0,3.6888794541139363,1.0,3.0,4.0,1.0,7
1329,2,0.0,1.0,1.0,4,1,2.3978952727983707,2.0,4.02535169073515,8.0,6.0,4.0,1.0,7
1334,2,0.0,2.0,1.0,4,9,1.791759469228055,1.0,3.4339872044851463,1.0,6.0,2.0,2.0,6
1335,2,0.0,2.0,1.0,4,9,1.791759469228055,1.0,3.4339872044851463,1.0,6.0,2.0,2.0,6
1336,3,0.0,1.0,1.0,1,1,2.1972245773362196,1.0,4.3694478524670215,1.0,7.0,2.0,1.0,3
1338,3,0.0,0.0,2.0,4,1,2.4849066497880004,1.0,3.8918202981106265,1.0,1.0,2.0,1.0,4
1341,2,0.0,3.0,1.0,4,1,2.8903717578961645,2.0,4.2626798770413155,2.0,3.0,2.0,1.0,3
1352,3,0.0,0.0,1.0,1,1,1.3862943611198906,1.0,2.772588722239781,8.0,3.0,4.0,1.0,1
1369,3,0.0,1.0,2.0,4,1,2.1972245773362196,1.0,3.6888794541139363,5.0,3.0,2.0,1.0,7
1370,3,0.0,1.0,2.0,4,1,2.1972245773362196,1.0,3.6888794541139363,5.0,3.0,2.0,1.0,7
1376,3,0.0,0.0,2.0,4,2,2.70805020110221,1.0,3.9512437185814275,1.0,3.0,2.0,1.0,4
1378,3,0.0,0.0,1.0,1,1,1.791759469228055,1.0,2.995732273553991,8.0,6.0,4.0,1.0,4
1379,3,0.0,0.0,1.0,1,1,2.0794415416798357,2.0,3.6888794541139363,1.0,3.0,2.0,1.0,1
1385,3,0.0,0.0,1.0,1,1,2.5649493574615367,1.0,2.833213344056216,8.0,3.0,4.0,2.0,4
1388,2,0.0,0.0,1.0,1,1,1.9459101490553132,1.0,3.8918202981106265,8.0,6.0,4.0,1.0,4
1400,3,0.0,0.0,1.0,1,1,2.772588722239781,1.0,3.6888794541139363,8.0,6.0,4.0,1.0,6
1406,3,4.0,0.0,1.0,1,1,2.5649493574615367,2.0,3.871201010907891,8.0,5.0,4.0,1.0,1
1407,3,0.0,0.0,1.0,1,1,2.3978952727983707,2.0,3.4011973816621555,6.0,6.0,4.0,1.0,6
1409,3,0.0,0.0,1.0,1,1,2.4849066497880004,1.0,3.332204510175204,3.0,1.0,4.0,1.0,7
1410,3,0.0,0.0,1.0,1,1,1.6094379124341003,1.0,3.4339872044851463,1.0,1.0,4.0,1.0,7
1411,3,0.0,9.0,1.0,1,1,2.70805020110221,1.0,3.4011973816621555,1.0,3.0,2.0,1.0,2
1412,3,0.0,0.0,1.0,1,1,1.791759469228055,1.0,4.02535169073515,6.0,3.0,4.0,1.0,4
1413,3,0.0,0.0,1.0,1,1,2.5649493574615367,1.0,3.4339872044851463,8.0,3.0,4.0,1.0,4
1414,3,0.0,0.0,1.0,1,1,2.3978952727983707,1.0,3.6888794541139363,1.0,6.0,2.0,1.0,1
1415,3,0.0,0.0,1.0,1,1,1.0986122886681098,1.0,2.9444389791664403,1.0,6.0,2.0,1.0,1
1416,3,0.0,0.0,1.0,1,1,1.0986122886681098,1.0,2.9444389791664403,1.0,6.0,2.0,1.0,1
1418,3,0.0,0.0,1.0,1,1,2.3978952727983707,1.0,3.2188758248682006,1.0,6.0,2.0,1.0,1
1419,3,0.0,0.0,1.0,1,1,2.3978952727983707,1.0,3.2188758248682006,1.0,6.0,2.0,1.0,1
1423,2,0.0,0.0,1.0,1,1,1.6094379124341003,2.0,3.6109179126442243,8.0,3.0,4.0,1.0,5
1424,2,0.0,0.0,1.0,1,1,1.6094379124341003,2.0,3.6109179126442243,8.0,3.0,4.0,1.0,5
1427,3,0.0,0.0,1.0,4,1,2.6390573296152584,1.0,3.4965075614664802,8.0,6.0,4.0,1.0,7
1428,3,0.0,0.0,1.0,4,1,2.6390573296152584,1.0,3.4965075614664802,8.0,6.0,4.0,1.0,7
1429,3,0.0,0.0,1.0,4,1,2.6390573296152584,1.0,3.4965075614664802,8.0,6.0,4.0,1.0,7
1430,3,0.0,1.0,1.0,1,1,1.6094379124341003,1.0,4.465908118654584,2.0,3.0,4.0,1.0,1
1431,3,0.0,0.0,2.0,1,2,2.6390573296152584,2.0,3.6375861597263857,8.0,6.0,2.0,1.0,4
1433,3,0.0,0.0,2.0,1,2,2.0794415416798357,1.0,3.1354942159291497,8.0,8.0,4.0,1.0,1
1438,3,0.0,0.0,1.0,1,1,2.0794415416798357,1.0,3.58351893845611,8.0,6.0,2.0,1.0,2
1439,3,0.0,0.0,1.0,1,1,2.0794415416798357,1.0,3.58351893845611,8.0,6.0,2.0,1.0,2
1446,3,0.0,0.0,1.0,1,1,1.791759469228055,1.0,3.8918202981106265,6.0,3.0,4.0,1.0,5
1447,3,0.0,0.0,1.0,1,1,2.0794415416798357,1.0,4.248495242049359,1.0,6.0,2.0,2.0,3
1448,3,0.0,1.0,2.0,1,2,0.6931471805599453,1.0,3.367295829986474,8.0,3.0,4.0,2.0,6
1450,3,0.0,0.0,1.0,1,1,2.0794415416798357,1.0,4.174387269895637,8.0,7.0,2.0,1.0,6
1452,2,0.0,0.0,1.0,1,1,2.4849066497880004,2.0,3.4339872044851463,8.0,8.0,4.0,1.0,6
1453,2,0.0,0.0,1.0,1,1,2.5649493574615367,1.0,2.9444389791664403,8.0,8.0,4.0,1.0,6
1460,3,0.0,3.0,1.0,1,1,2.0794415416798357,1.0,3.8066624897703196,2.0,3.0,4.0,1.0,1
1464,3,0.0,0.0,1.0,1,1,2.4849066497880004,1.0,4.060443010546419,8.0,6.0,4.0,1.0,2
1465,3,0.0,0.0,1.0,1,1,2.4849066497880004,1.0,4.060443010546419,8.0,6.0,4.0,1.0,2
1466,3,0.0,0.0,1.0,1,1,1.3862943611198906,1.0,3.332204510175204,8.0,6.0,4.0,1.0,2
1475,3,0.0,0.0,1.0,1,1,2.3978952727983707,2.0,3.6888794541139363,1.0,3.0,2.0,1.0,6
1481,3,0.0,0.0,1.0,1,1,2.1972245773362196,1.0,3.4965075614664802,8.0,3.0,4.0,2.0,3
1484,2,0.0,3.0,1.0,1,1,0.6931471805599453,1.0,3.8066624897703196,1.0,6.0,4.0,1.0,5
1485,2,0.0,0.0,1.0,1,1,2.3978952727983707,1.0,3.258096538021482,2.0,3.0,4.0,1.0,3
1487,2,0.0,0.0,1.0,1,1,2.1972245773362196,2.0,3.713572066704308,2.0,3.0,4.0,1.0,3
1492,3,0.0,0.0,1.0,1,1,2.302585092994046,2.0,3.1780538303479458,8.0,3.0,4.0,1.0,4
1493,3,0.0,0.0,1.0,1,1,2.302585092994046,2.0,3.1780538303479458,8.0,3.0,4.0,1.0,4
1498,2,0.0,0.0,1.0,1,1,1.0986122886681098,1.0,3.332204510175204,1.0,6.0,2.0,1.0,6
1500,3,0.0,0.0,1.0,1,1,2.6390573296152584,1.0,4.356708826689592,8.0,6.0,4.0,1.0,1
1501,3,0.0,0.0,1.0,1,1,2.5649493574615367,2.0,3.4339872044851463,1.0,9.0,2.0,1.0,7
1502,3,0.0,0.0,1.0,1,1,2.6390573296152584,2.0,4.1588830833596715,1.0,9.0,2.0,1.0,7
1504,3,0.0,4.0,1.0,1,1,2.3978952727983707,1.0,3.7376696182833684,3.0,2.0,4.0,1.0,5
1505,3,0.0,1.0,1.0,1,1,2.5649493574615367,1.0,3.871201010907891,6.0,3.0,4.0,1.0,3
1507,3,0.0,0.0,1.0,1,1,1.6094379124341003,1.0,3.5263605246161616,4.0,1.0,4.0,1.0,4
1508,3,0.0,0.0,1.0,1,1,1.6094379124341003,1.0,3.5263605246161616,4.0,1.0,4.0,1.0,4
1515,3,0.0,0.0,2.0,4,2,2.4849066497880004,2.0,3.1354942159291497,8.0,6.0,2.0,1.0,4
1516,2,0.0,9.0,1.0,1,1,1.791759469228055,2.0,3.713572066704308,8.0,3.0,4.0,2.0,3
1517,2,0.0,9.0,1.0,1,1,1.791759469228055,2.0,3.713572066704308,8.0,3.0,4.0,2.0,3
1530,3,0.0,0.0,2.0,1,1,2.4849066497880004,1.0,3.713572066704308,4.0,1.0,4.0,1.0,1
1538,2,0.0,9.0,1.0,4,1,0.6931471805599453,1.0,3.5263605246161616,1.0,3.0,4.0,1.0,5
1543,3,0.0,0.0,2.0,1,2,2.4849066497880004,2.0,4.060443010546419,1.0,3.0,4.0,1.0,7
1544,3,0.0,0.0,2.0,1,2,2.4849066497880004,2.0,4.060443010546419,1.0,3.0,4.0,1.0,7
1546,3,0.0,0.0,1.0,1,1,1.3862943611198906,1.0,3.258096538021482,8.0,6.0,4.0,2.0,7
1547,3,0.0,0.0,1.0,1,1,1.3862943611198906,1.0,3.258096538021482,8.0,6.0,4.0,2.0,7
1549,3,4.0,1.0,2.0,1,2,0.6931471805599453,2.0,3.9318256327243257,1.0,9.0,4.0,1.0,2
1553,3,0.0,0.0,1.0,1,1,1.3862943611198906,1.0,2.8903717578961645,2.0,3.0,2.0,1.0,3
1554,3,0.0,0.0,1.0,1,1,2.1972245773362196,1.0,4.02535169073515,2.0,3.0,2.0,1.0,3
1556,3,0.0,1.0,2.0,1,2,1.9459101490553132,2.0,3.8066624897703196,2.0,5.0,4.0,1.0,2
1557,3,0.0,0.0,2.0,1,2,2.3978952727983707,2.0,3.2188758248682006,6.0,3.0,4.0,1.0,2
1558,3,0.0,0.0,2.0,1,2,2.3978952727983707,1.0,3.6635616461296463,8.0,3.0,4.0,1.0,2
1559,3,0.0,3.0,2.0,1,2,0.6931471805599453,1.0,3.258096538021482,2.0,6.0,4.0,1.0,2
1560,3,0.0,3.0,2.0,1,2,0.6931471805599453,1.0,3.258096538021482,2.0,6.0,4.0,1.0,2
1563,2,0.0,1.0,1.0,1,1,0.6931471805599453,1.0,3.367295829986474,6.0,3.0,4.0,1.0,3
1564,3,0.0,1.0,1.0,1,1,0.6931471805599453,1.0,3.258096538021482,8.0,9.0,4.0,1.0,5
1566,2,0.0,9.0,2.0,4,5,1.3862943611198906,1.0,3.4339872044851463,2.0,3.0,4.0,1.0,7
1567,3,0.0,0.0,1.0,1,1,1.0986122886681098,2.0,3.970291913552122,8.0,3.0,4.0,1.0,5
1573,3,0.0,0.0,1.0,1,1,2.0794415416798357,1.0,4.04305126783455,1.0,3.0,4.0,1.0,4
1574,3,0.0,0.0,1.0,1,1,0.6931471805599453,1.0,3.6375861597263857,1.0,3.0,4.0,1.0,4
1584,3,0.0,1.0,1.0,1,1,2.302585092994046,2.0,3.4965075614664802,8.0,3.0,4.0,1.0,6
1590,3,3.0,0.0,2.0,1,1,2.6390573296152584,2.0,3.332204510175204,8.0,6.0,4.0,2.0,7
1592,3,0.0,0.0,1.0,1,1,0.6931471805599453,1.0,3.6375861597263857,8.0,3.0,4.0,1.0,2
1593,3,0.0,0.0,1.0,1,1,2.302585092994046,1.0,3.2188758248682006,8.0,3.0,4.0,1.0,4
1598,3,0.0,0.0,1.0,1,1,2.1972245773362196,2.0,4.0943445622221,8.0,6.0,4.0,2.0,5
1599,2,0.0,1.0,1.0,1,1,2.5649493574615367,1.0,3.367295829986474,2.0,3.0,4.0,1.0,3
1602,3,0.0,0.0,1.0,1,1,2.0794415416798357,1.0,2.8903717578961645,1.0,3.0,4.0,1.0,4
1605,3,0.0,0.0,1.0,1,1,2.4849066497880004,1.0,3.784189633918261,8.0,3.0,4.0,1.0,3
1606,3,0.0,0.0,1.0,1,1,2.4849066497880004,1.0,3.784189633918261,8.0,3.0,4.0,1.0,3
1607,3,0.0,0.0,1.0,1,1,2.4849066497880004,1.0,3.784189633918261,8.0,3.0,4.0,1.0,3
1619,3,0.0,0.0,1.0,1,1,2.6390573296152584,1.0,3.713572066704308,8.0,3.0,4.0,1.0,2
1620,3,0.0,0.0,1.0,1,1,2.0794415416798357,2.0,4.276666119016055,8.0,3.0,4.0,1.0,2
1633,3,0.0,0.0,1.0,1,1,1.9459101490553132,2.0,3.58351893845611,8.0,6.0,4.0,1.0,3
1634,2,0.0,1.0,1.0,1,1,1.3862943611198906,2.0,4.007333185232471,8.0,3.0,4.0,1.0,4
1635,3,0.0,0.0,1.0,4,1,2.3978952727983707,2.0,3.1354942159291497,8.0,3.0,4.0,2.0,1
1643,3,0.0,0.0,1.0,1,1,2.302585092994046,1.0,4.007333185232471,8.0,6.0,4.0,2.0,4
1644,3,0.0,0.0,1.0,1,1,2.1972245773362196,1.0,3.912023005428146,8.0,6.0,4.0,2.0,4
1648,3,0.0,0.0,1.0,4,1,2.0794415416798357,1.0,3.1354942159291497,8.0,3.0,4.0,1.0,1
1649,3,0.0,0.0,1.0,4,1,2.772588722239781,1.0,3.4657359027997265,8.0,3.0,4.0,1.0,1
1650,3,0.0,3.0,1.0,1,1,2.6390573296152584,2.0,3.828641396489095,2.0,3.0,4.0,1.0,6
1651,3,0.0,3.0,1.0,1,1,2.6390573296152584,2.0,3.4339872044851463,2.0,6.0,2.0,1.0,4
1653,3,0.0,0.0,1.0,1,1,1.3862943611198906,1.0,3.1780538303479458,8.0,3.0,4.0,1.0,6
1666,3,0.0,0.0,1.0,1,1,2.4849066497880004,1.0,3.58351893845611,1.0,6.0,2.0,2.0,5
1668,2,0.0,0.0,1.0,1,1,3.2188758248682006,1.0,3.9318256327243257,8.0,3.0,4.0,1.0,5
1669,3,0.0,0.0,1.0,1,1,2.1972245773362196,1.0,3.1354942159291497,1.0,6.0,2.0,1.0,4
1670,3,0.0,0.0,1.0,1,1,2.1972245773362196,1.0,3.1354942159291497,1.0,6.0,2.0,1.0,4
1671,3,0.0,0.0,1.0,1,1,1.791759469228055,2.0,3.2188758248682006,1.0,6.0,2.0,1.0,4
1678,3,0.0,0.0,1.0,1,1,2.4849066497880004,2.0,3.7612001156935624,1.0,1.0,4.0,2.0,5
1679,3,0.0,0.0,1.0,1,1,2.302585092994046,2.0,4.418840607796598,8.0,2.0,4.0,1.0,7
1682,3,0.0,0.0,1.0,4,1,0.6931471805599453,1.0,4.1588830833596715,1.0,6.0,4.0,2.0,6
1683,3,0.0,0.0,1.0,4,1,0.6931471805599453,1.0,4.1588830833596715,1.0,6.0,4.0,2.0,6
1688,3,0.0,0.0,1.0,1,1,2.1972245773362196,1.0,3.5553480614894135,8.0,3.0,4.0,2.0,4
1690,2,0.0,2.0,1.0,1,1,2.5649493574615367,1.0,3.9889840465642745,1.0,3.0,4.0,1.0,6
1692,3,0.0,0.0,1.0,1,1,1.791759469228055,1.0,3.6888794541139363,8.0,6.0,2.0,2.0,6
1695,3,0.0,0.0,1.0,1,1,2.70805020110221,1.0,3.295836866004329,8.0,8.0,4.0,1.0,3
1702,3,0.0,0.0,1.0,1,1,2.70805020110221,1.0,3.970291913552122,2.0,9.0,4.0,2.0,5
1703,3,0.0,0.0,2.0,1,2,2.302585092994046,2.0,3.367295829986474,2.0,7.0,2.0,1.0,3
1708,3,0.0,0.0,1.0,1,1,1.0986122886681098,1.0,3.912023005428146,8.0,3.0,4.0,1.0,1
1716,3,0.0,0.0,1.0,4,1,1.791759469228055,2.0,3.784189633918261,8.0,6.0,2.0,1.0,2
1729,3,0.0,0.0,1.0,4,1,1.9459101490553132,2.0,4.0943445622221,8.0,6.0,2.0,1.0,4
1730,3,0.0,0.0,1.0,4,1,1.9459101490553132,2.0,4.0943445622221,8.0,6.0,2.0,1.0,4
1731,3,0.0,0.0,1.0,4,1,1.6094379124341003,1.0,4.02535169073515,8.0,6.0,2.0,1.0,4
1733,2,0.0,0.0,1.0,1,1,2.0794415416798357,1.0,3.367295829986474,8.0,3.0,4.0,1.0,2
1739,3,0.0,0.0,1.0,1,1,2.6390573296152584,1.0,4.060443010546419,8.0,6.0,4.0,1.0,1
1740,3,0.0,0.0,1.0,1,1,1.791759469228055,1.0,3.091042453358316,1.0,3.0,2.0,1.0,5
1745,3,0.0,0.0,1.0,4,1,1.3862943611198906,1.0,3.258096538021482,8.0,3.0,2.0,1.0,5
1746,3,0.0,0.0,1.0,4,1,0.6931471805599453,1.0,3.9512437185814275,8.0,3.0,2.0,1.0,5
1750,3,0.0,0.0,1.0,1,1,0.6931471805599453,1.0,4.248495242049359,8.0,6.0,4.0,1.0,2
1751,3,0.0,3.0,1.0,1,1,2.772588722239781,2.0,3.7612001156935624,1.0,6.0,4.0,1.0,2
1757,3,0.0,0.0,1.0,5,1,1.791759469228055,2.0,3.8501476017100584,1.0,3.0,4.0,1.0,2
1760,3,0.0,0.0,1.0,1,1,2.772588722239781,1.0,3.8501476017100584,8.0,6.0,4.0,1.0,6
1761,3,0.0,9.0,1.0,1,1,0.6931471805599453,2.0,3.7376696182833684,4.0,6.0,4.0,1.0,2
1767,3,0.0,0.0,2.0,4,2,2.0794415416798357,2.0,3.6375861597263857,1.0,1.0,4.0,2.0,4
1769,3,0.0,0.0,1.0,1,1,2.1972245773362196,1.0,3.2188758248682006,8.0,3.0,4.0,1.0,6
1772,2,0.0,0.0,1.0,1,1,2.4849066497880004,1.0,3.1780538303479458,6.0,8.0,4.0,1.0,3
1773,3,0.0,0.0,1.0,1,1,1.9459101490553132,2.0,2.9444389791664403,8.0,6.0,2.0,1.0,2
1779,3,0.0,3.0,1.0,1,1,2.6390573296152584,1.0,3.912023005428146,1.0,6.0,2.0,1.0,4
1781,3,0.0,0.0,2.0,4,2,2.3978952727983707,1.0,3.295836866004329,8.0,3.0,4.0,1.0,7
1783,3,0.0,2.0,1.0,1,1,2.1972245773362196,2.0,3.4339872044851463,1.0,6.0,4.0,1.0,7
1785,2,0.0,0.0,2.0,4,2,0.6931471805599453,1.0,3.8066624897703196,1.0,6.0,2.0,1.0,6
1789,3,0.0,0.0,2.0,4,2,2.4849066497880004,2.0,3.295836866004329,2.0,3.0,2.0,1.0,6
1790,3,0.0,0.0,2.0,4,2,2.4849066497880004,2.0,3.295836866004329,2.0,3.0,2.0,1.0,6
1791,3,0.0,0.0,2.0,4,2,2.4849066497880004,2.0,3.295836866004329,2.0,3.0,2.0,1.0,6
1792,3,0.0,0.0,2.0,4,2,2.4849066497880004,2.0,3.295836866004329,2.0,3.0,2.0,1.0,6
1793,3,0.0,1.0,1.0,1,1,2.0794415416798357,2.0,3.4657359027997265,1.0,3.0,4.0,2.0,7
1804,3,0.0,0.0,2.0,4,2,1.3862943611198906,1.0,2.9444389791664403,8.0,3.0,4.0,2.0,7
1805,3,6.0,0.0,1.0,4,1,2.6390573296152584,1.0,3.044522437723423,8.0,3.0,4.0,1.0,6
1806,3,6.0,0.0,1.0,4,1,1.9459101490553132,1.0,3.7376696182833684,8.0,3.0,4.0,1.0,6
1807,3,0.0,0.0,2.0,7,1,2.1972245773362196,1.0,4.110873864173311,6.0,6.0,4.0,1.0,2
1808,3,0.0,0.0,2.0,7,1,2.3978952727983707,1.0,3.8066624897703196,1.0,6.0,4.0,1.0,2
1809,3,0.0,0.0,2.0,7,1,2.3978952727983707,1.0,3.8066624897703196,1.0,6.0,4.0,1.0,2
1811,3,0.0,0.0,2.0,4,1,2.5649493574615367,1.0,3.332204510175204,1.0,6.0,4.0,1.0,3
1815,3,0.0,0.0,1.0,4,1,0.6931471805599453,2.0,3.912023005428146,1.0,3.0,2.0,1.0,1
1816,3,0.0,0.0,1.0,1,1,2.0794415416798357,1.0,4.143134726391533,2.0,3.0,4.0,1.0,2
1817,3,0.0,0.0,1.0,1,1,2.0794415416798357,1.0,4.143134726391533,2.0,3.0,4.0,1.0,2
1820,3,0.0,0.0,2.0,4,1,1.9459101490553132,1.0,4.143134726391533,2.0,6.0,2.0,1.0,1
1821,3,0.0,0.0,2.0,4,2,2.70805020110221,2.0,3.2188758248682006,8.0,6.0,2.0,1.0,7
1824,3,0.0,0.0,2.0,1,1,2.6390573296152584,2.0,3.6888794541139363,8.0,3.0,4.0,1.0,3
1830,3,0.0,0.0,1.0,1,1,2.302585092994046,1.0,3.4011973816621555,6.0,3.0,4.0,1.0,5
1833,3,0.0,0.0,2.0,4,1,2.4849066497880004,2.0,4.060443010546419,1.0,3.0,2.0,2.0,6
1837,3,0.0,0.0,2.0,7,5,2.833213344056216,1.0,3.2188758248682006,1.0,9.0,4.0,1.0,4
1838,3,0.0,0.0,2.0,7,5,1.0986122886681098,2.0,3.5553480614894135,1.0,9.0,4.0,1.0,4
1839,3,0.0,0.0,2.0,7,5,1.0986122886681098,2.0,3.5553480614894135,1.0,9.0,4.0,1.0,4
1841,2,0.0,3.0,2.0,4,2,2.3978952727983707,1.0,3.4011973816621555,1.0,2.0,4.0,1.0,2
1842,3,0.0,3.0,1.0,1,1,2.302585092994046,2.0,3.5263605246161616,8.0,3.0,4.0,1.0,2
1849,3,0.0,0.0,2.0,7,2,2.0794415416798357,1.0,3.5263605246161616,8.0,6.0,2.0,1.0,4
1854,3,0.0,0.0,2.0,1,1,2.1972245773362196,2.0,3.7376696182833684,1.0,3.0,3.0,1.0,6
1857,3,4.0,0.0,2.0,4,1,2.3978952727983707,1.0,4.0943445622221,8.0,6.0,2.0,1.0,3
1861,3,0.0,0.0,2.0,4,2,2.70805020110221,2.0,3.9512437185814275,1.0,3.0,4.0,2.0,5
1862,3,0.0,0.0,2.0,1,2,2.5649493574615367,1.0,4.007333185232471,5.0,3.0,4.0,1.0,4
1864,2,0.0,1.0,2.0,1,1,0.6931471805599453,1.0,4.127134385045092,8.0,3.0,2.0,1.0,3
1865,2,0.0,0.0,2.0,4,2,2.1972245773362196,1.0,3.091042453358316,8.0,3.0,4.0,1.0,6
1866,2,0.0,0.0,2.0,4,2,2.1972245773362196,1.0,3.091042453358316,8.0,3.0,4.0,1.0,6
1867,2,0.0,0.0,2.0,4,2,2.1972245773362196,1.0,3.091042453358316,8.0,3.0,4.0,1.0,6
1870,3,0.0,0.0,1.0,1,1,0.6931471805599453,1.0,4.0943445622221,2.0,6.0,2.0,1.0,3
1876,3,0.0,0.0,2.0,1,2,1.791759469228055,1.0,2.995732273553991,8.0,3.0,2.0,1.0,5
1877,3,0.0,0.0,2.0,1,2,2.3978952727983707,1.0,3.5553480614894135,8.0,3.0,2.0,1.0,5
1878,3,0.0,0.0,2.0,7,2,2.3978952727983707,2.0,3.1354942159291497,8.0,2.0,4.0,1.0,3
1881,3,0.0,0.0,2.0,4,1,1.3862943611198906,2.0,3.9318256327243257,8.0,3.0,4.0,1.0,3
1882,3,0.0,0.0,2.0,4,1,1.3862943611198906,2.0,3.9318256327243257,8.0,3.0,4.0,1.0,3
1884,3,0.0,0.0,2.0,1,1,2.1972245773362196,1.0,3.4011973816621555,2.0,3.0,4.0,2.0,7
1886,3,0.0,0.0,2.0,1,2,2.4849066497880004,2.0,4.110873864173311,8.0,6.0,2.0,1.0,7
1892,3,0.0,0.0,2.0,1,2,2.833213344056216,1.0,3.091042453358316,8.0,3.0,2.0,1.0,5
1893,3,0.0,0.0,2.0,1,2,2.833213344056216,1.0,3.091042453358316,8.0,3.0,2.0,1.0,5
1894,3,0.0,0.0,2.0,1,2,0.6931471805599453,2.0,3.871201010907891,8.0,3.0,2.0,1.0,5
1895,3,0.0,0.0,2.0,1,1,2.6390573296152584,2.0,3.970291913552122,8.0,3.0,2.0,2.0,5