accident_severity,special_conditions_at_site,pedestrian_movement,road_surface_conditions,light_conditions,weather_conditions,age_of_vehicle,sex_of_driver,age_of_driver,junction_location,junction_detail,junction_control,did_police_officer_attend_scene_of_accident,day_of_week
1899,3,0.0,3.0,2.0,4,2,2.6390573296152584,1.0,3.4657359027997265,1.0,3.0,4.0,1.0,5
1904,3,0.0,0.0,1.0,4,1,1.3862943611198906,1.0,3.4339872044851463,8.0,6.0,4.0,1.0,1
1905,3,0.0,0.0,1.0,4,1,1.3862943611198906,1.0,3.4339872044851463,8.0,6.0,4.0,1.0,1
1906,3,0.0,0.0,1.0,4,1,1.3862943611198906,1.0,3.4339872044851463,8.0,6.0,4.0,1.0,1
1907,3,0.0,3.0,2.0,4,2,1.791759469228055,1.0,3.9512437185814275,2.0,6.0,2.0,1.0,6
1914,3,0.0,3.0,1.0,4,1,2.3978952727983707,1.0,3.4339872044851463,5.0,3.0,4.0,2.0,5
1918,3,0.0,0.0,2.0,4,2,0.6931471805599453,2.0,3.1354942159291497,8.0,3.0,4.0,1.0,6
1920,3,0.0,0.0,2.0,4,2,2.6390573296152584,1.0,4.290459441148391,8.0,6.0,4.0,1.0,7
1921,3,0.0,0.0,2.0,4,2,2.6390573296152584,1.0,4.290459441148391,8.0,6.0,4.0,1.0,7
1924,3,0.0,1.0,2.0,1,1,2.302585092994046,2.0,3.6888794541139363,2.0,3.0,4.0,1.0,5
1926,2,0.0,0.0,2.0,7,1,1.791759469228055,1.0,3.713572066704308,8.0,3.0,4.0,1.0,6
1927,2,0.0,0.0,2.0,7,1,1.791759469228055,1.0,3.713572066704308,8.0,3.0,4.0,1.0,6
1929,2,0.0,0.0,2.0,4,1,2.1972245773362196,1.0,4.04305126783455,8.0,6.0,4.0,1.0,1
1930,2,0.0,0.0,2.0,4,1,1.791759469228055,1.0,2.995732273553991,8.0,6.0,4.0,1.0,1
1933,3,0.0,0.0,1.0,1,1,1.0986122886681098,2.0,3.5553480614894135,1.0,3.0,2.0,2.0,2
1934,3,0.0,0.0,2.0,1,8,1.3862943611198906,1.0,3.258096538021482,1.0,6.0,4.0,1.0,5
1938,3,0.0,0.0,2.0,4,1,1.0986122886681098,1.0,3.295836866004329,1.0,7.0,4.0,1.0,4
1944,3,0.0,0.0,1.0,1,1,2.3978952727983707,2.0,3.4339872044851463,1.0,3.0,2.0,1.0,2
1948,3,0.0,0.0,2.0,4,4,2.4849066497880004,2.0,4.060443010546419,1.0,3.0,2.0,1.0,5
1949,3,0.0,0.0,2.0,4,4,1.0986122886681098,2.0,3.9512437185814275,1.0,3.0,2.0,1.0,5
1954,3,0.0,0.0,3.0,1,3,1.9459101490553132,2.0,3.912023005428146,8.0,3.0,4.0,1.0,7
1955,3,0.0,0.0,3.0,1,3,1.9459101490553132,2.0,3.912023005428146,8.0,3.0,4.0,1.0,7
1958,3,0.0,0.0,3.0,1,3,1.0986122886681098,1.0,3.58351893845611,8.0,6.0,4.0,1.0,7
1959,3,0.0,0.0,3.0,1,3,1.0986122886681098,1.0,3.58351893845611,8.0,6.0,4.0,1.0,7
1971,3,0.0,0.0,3.0,1,1,1.6094379124341003,1.0,3.258096538021482,8.0,6.0,4.0,1.0,4
1977,3,0.0,0.0,1.0,4,1,1.791759469228055,1.0,3.4657359027997265,1.0,3.0,4.0,1.0,6
1980,3,0.0,0.0,2.0,4,4,2.3978952727983707,2.0,4.007333185232471,8.0,3.0,2.0,1.0,6
1981,3,0.0,0.0,2.0,4,4,2.3978952727983707,2.0,4.007333185232471,8.0,3.0,2.0,1.0,6
1985,3,0.0,8.0,1.0,1,1,2.302585092994046,1.0,3.4339872044851463,8.0,3.0,4.0,2.0,6
1987,3,0.0,0.0,1.0,1,1,2.302585092994046,2.0,3.4339872044851463,8.0,3.0,4.0,1.0,1
1988,3,0.0,2.0,2.0,4,1,1.3862943611198906,2.0,3.367295829986474,2.0,3.0,4.0,2.0,3
1989,3,0.0,1.0,2.0,4,2,2.0794415416798357,1.0,3.970291913552122,1.0,3.0,4.0,1.0,4
1991,3,0.0,0.0,2.0,1,5,1.3862943611198906,2.0,3.4657359027997265,8.0,3.0,4.0,1.0,4
1992,3,0.0,3.0,4.0,1,1,2.3978952727983707,1.0,3.4011973816621555,8.0,3.0,4.0,1.0,4
1993,3,0.0,3.0,1.0,4,1,2.5649493574615367,1.0,3.4339872044851463,2.0,3.0,4.0,1.0,3
1997,3,0.0,0.0,1.0,1,1,1.6094379124341003,2.0,3.970291913552122,8.0,3.0,2.0,1.0,4
2000,3,0.0,1.0,1.0,1,1,2.302585092994046,1.0,3.7376696182833684,2.0,3.0,4.0,1.0,7
2001,3,0.0,0.0,1.0,7,1,2.70805020110221,2.0,3.7376696182833684,5.0,6.0,2.0,1.0,4
2003,3,0.0,0.0,2.0,4,1,1.9459101490553132,2.0,3.332204510175204,2.0,3.0,4.0,1.0,5
2004,3,0.0,0.0,2.0,4,1,1.9459101490553132,2.0,3.332204510175204,2.0,3.0,4.0,1.0,5
2011,3,0.0,0.0,1.0,7,1,1.3862943611198906,1.0,3.1354942159291497,1.0,1.0,4.0,2.0,2
2012,3,0.0,0.0,1.0,7,1,1.3862943611198906,1.0,3.1354942159291497,1.0,1.0,4.0,2.0,2
2013,3,0.0,2.0,1.0,1,1,1.0986122886681098,1.0,3.828641396489095,1.0,3.0,4.0,2.0,3
2017,3,0.0,0.0,2.0,1,2,2.1972245773362196,1.0,3.784189633918261,8.0,6.0,4.0,1.0,1
2018,3,0.0,0.0,2.0,1,2,2.1972245773362196,1.0,3.784189633918261,8.0,6.0,4.0,1.0,1
2020,3,0.0,0.0,1.0,1,1,2.0794415416798357,1.0,3.8066624897703196,8.0,6.0,4.0,1.0,3
2030,3,0.0,0.0,1.0,1,1,2.3978952727983707,1.0,3.5263605246161616,1.0,3.0,4.0,1.0,6
2031,2,0.0,0.0,1.0,1,9,2.1972245773362196,1.0,3.2188758248682006,1.0,3.0,4.0,2.0,2
2032,2,0.0,0.0,1.0,1,9,2.6390573296152584,2.0,3.2188758248682006,1.0,3.0,4.0,2.0,2
2033,2,0.0,0.0,1.0,1,9,1.791759469228055,2.0,4.204692619390966,1.0,3.0,4.0,2.0,2
2034,2,0.0,0.0,1.0,1,9,1.791759469228055,2.0,4.204692619390966,1.0,3.0,4.0,2.0,2
2035,3,0.0,4.0,1.0,1,1,2.833213344056216,1.0,3.1780538303479458,1.0,6.0,4.0,1.0,5
2038,3,0.0,0.0,2.0,4,1,2.1972245773362196,1.0,3.2188758248682006,8.0,6.0,4.0,1.0,7
2043,2,0.0,3.0,2.0,4,5,2.772588722239781,1.0,3.4965075614664802,8.0,3.0,4.0,1.0,3
2045,3,0.0,0.0,1.0,1,1,1.791759469228055,1.0,3.58351893845611,1.0,3.0,4.0,1.0,7
2046,3,0.0,9.0,1.0,1,1,2.5649493574615367,1.0,4.465908118654584,8.0,8.0,4.0,1.0,6
2049,3,0.0,0.0,1.0,1,1,2.5649493574615367,2.0,3.7376696182833684,8.0,3.0,4.0,1.0,7
2050,3,0.0,0.0,1.0,1,1,2.5649493574615367,2.0,3.7376696182833684,8.0,3.0,4.0,1.0,7
2052,3,0.0,0.0,1.0,1,4,1.6094379124341003,1.0,3.9889840465642745,1.0,3.0,4.0,1.0,2
2059,3,0.0,0.0,1.0,1,1,2.302585092994046,1.0,3.9318256327243257,1.0,1.0,4.0,1.0,6
2061,3,0.0,0.0,1.0,1,1,2.9444389791664403,1.0,3.58351893845611,1.0,3.0,4.0,1.0,6
2071,3,0.0,0.0,1.0,1,1,2.70805020110221,1.0,3.295836866004329,8.0,3.0,4.0,1.0,1
2072,3,0.0,0.0,1.0,1,1,1.0986122886681098,1.0,3.58351893845611,8.0,3.0,4.0,1.0,1
2073,3,0.0,0.0,1.0,1,1,1.0986122886681098,1.0,3.58351893845611,8.0,3.0,4.0,1.0,1
2078,3,0.0,0.0,1.0,1,1,2.6390573296152584,2.0,3.9512437185814275,8.0,6.0,4.0,1.0,1
2086,3,0.0,0.0,1.0,1,1,1.0986122886681098,2.0,3.4339872044851463,8.0,3.0,2.0,1.0,5
2087,2,0.0,1.0,1.0,1,1,2.5649493574615367,1.0,3.4657359027997265,1.0,3.0,2.0,1.0,3
2095,3,0.0,0.0,1.0,1,1,2.772588722239781,2.0,3.9512437185814275,8.0,3.0,4.0,2.0,2
2099,2,0.0,0.0,2.0,1,1,2.4849066497880004,1.0,3.091042453358316,6.0,6.0,4.0,1.0,3
2100,2,0.0,0.0,2.0,1,1,2.4849066497880004,1.0,3.091042453358316,6.0,6.0,4.0,1.0,3
2101,2,0.0,0.0,2.0,1,1,2.5649493574615367,1.0,3.044522437723423,8.0,6.0,4.0,1.0,3
2102,2,0.0,0.0,2.0,1,1,2.5649493574615367,1.0,3.044522437723423,8.0,6.0,4.0,1.0,3
2103,2,0.0,0.0,2.0,1,1,2.5649493574615367,1.0,3.044522437723423,8.0,6.0,4.0,1.0,3
2104,2,0.0,0.0,2.0,1,1,1.9459101490553132,1.0,3.6375861597263857,8.0,6.0,4.0,1.0,3
2108,2,0.0,0.0,1.0,4,1,2.3978952727983707,1.0,4.07753744390572,8.0,6.0,2.0,1.0,6
2109,2,0.0,0.0,1.0,4,1,2.1972245773362196,1.0,4.343805421853684,8.0,6.0,2.0,1.0,6
2110,2,0.0,0.0,1.0,4,1,2.1972245773362196,1.0,4.343805421853684,8.0,6.0,2.0,1.0,6
2111,2,0.0,0.0,1.0,4,1,2.1972245773362196,1.0,4.343805421853684,8.0,6.0,2.0,1.0,6
2112,2,0.0,0.0,1.0,4,1,2.1972245773362196,1.0,4.343805421853684,8.0,6.0,2.0,1.0,6
2114,3,0.0,0.0,1.0,4,1,2.6390573296152584,1.0,3.367295829986474,8.0,3.0,2.0,1.0,6
2115,3,0.0,0.0,1.0,4,1,2.6390573296152584,1.0,3.4011973816621555,8.0,3.0,2.0,1.0,6
2116,2,0.0,1.0,1.0,4,1,1.3862943611198906,1.0,4.343805421853684,1.0,6.0,2.0,1.0,7
2125,3,0.0,0.0,1.0,1,1,2.0794415416798357,2.0,3.871201010907891,8.0,3.0,4.0,1.0,7
2127,3,0.0,0.0,1.0,1,1,2.6390573296152584,2.0,3.044522437723423,8.0,1.0,4.0,1.0,7
2137,3,0.0,0.0,1.0,1,1,1.9459101490553132,1.0,2.833213344056216,8.0,8.0,4.0,1.0,3
2139,3,0.0,0.0,1.0,1,1,0.6931471805599453,1.0,4.343805421853684,1.0,6.0,2.0,1.0,3
2140,3,0.0,0.0,1.0,1,1,1.6094379124341003,1.0,3.828641396489095,1.0,6.0,2.0,1.0,2
2141,3,0.0,0.0,1.0,1,1,1.6094379124341003,2.0,4.04305126783455,1.0,6.0,2.0,1.0,2
2143,3,0.0,0.0,2.0,1,1,2.1972245773362196,1.0,3.4657359027997265,2.0,3.0,4.0,1.0,7
2144,3,0.0,0.0,2.0,1,1,2.1972245773362196,1.0,3.4657359027997265,2.0,3.0,4.0,1.0,7
2147,3,0.0,0.0,1.0,1,1,2.8903717578961645,1.0,3.258096538021482,8.0,1.0,4.0,1.0,4
2149,3,0.0,0.0,1.0,1,1,2.0794415416798357,2.0,3.2188758248682006,8.0,3.0,4.0,1.0,1
2153,2,0.0,0.0,1.0,1,1,2.5649493574615367,1.0,4.007333185232471,8.0,3.0,4.0,1.0,1
2154,3,0.0,0.0,1.0,1,1,1.0986122886681098,1.0,3.970291913552122,2.0,3.0,4.0,1.0,5
2156,3,0.0,0.0,1.0,1,1,2.1972245773362196,2.0,3.1354942159291497,1.0,6.0,2.0,1.0,5
2157,3,0.0,0.0,1.0,1,1,2.6390573296152584,2.0,3.871201010907891,1.0,6.0,2.0,1.0,5
2162,3,0.0,0.0,1.0,1,1,2.5649493574615367,1.0,3.5263605246161616,8.0,6.0,4.0,1.0,4
2163,3,0.0,0.0,1.0,1,1,2.5649493574615367,1.0,3.5263605246161616,8.0,6.0,4.0,1.0,4
2171,3,0.0,0.0,1.0,1,1,1.0986122886681098,2.0,3.4339872044851463,8.0,3.0,4.0,1.0,2
2172,2,0.0,0.0,1.0,1,1,2.0794415416798357,1.0,3.713572066704308,1.0,8.0,4.0,1.0,6
2174,3,0.0,0.0,1.0,4,1,1.6094379124341003,1.0,3.044522437723423,6.0,3.0,2.0,1.0,7
2175,3,0.0,0.0,1.0,4,1,1.6094379124341003,1.0,3.044522437723423,6.0,3.0,2.0,1.0,7
2176,3,0.0,0.0,1.0,4,1,1.791759469228055,1.0,2.9444389791664403,8.0,3.0,2.0,1.0,7
2181,3,0.0,0.0,1.0,4,1,2.4849066497880004,1.0,3.713572066704308,8.0,6.0,2.0,1.0,4
2182,3,0.0,0.0,1.0,4,1,2.3978952727983707,1.0,3.332204510175204,8.0,6.0,2.0,1.0,4
2183,2,0.0,0.0,1.0,1,1,1.3862943611198906,1.0,2.833213344056216,1.0,3.0,4.0,1.0,7
2184,2,0.0,0.0,1.0,1,1,1.3862943611198906,1.0,2.833213344056216,1.0,3.0,4.0,1.0,7
2191,3,0.0,0.0,1.0,1,1,1.6094379124341003,1.0,2.8903717578961645,8.0,3.0,4.0,2.0,4
2192,3,0.0,0.0,1.0,1,1,2.3978952727983707,1.0,4.48863636973214,8.0,3.0,4.0,1.0,4
2193,3,0.0,0.0,1.0,1,1,1.0986122886681098,2.0,3.258096538021482,8.0,3.0,4.0,1.0,4
2194,2,0.0,0.0,1.0,1,1,2.9444389791664403,1.0,3.9318256327243257,1.0,3.0,4.0,1.0,3
2206,3,0.0,0.0,1.0,1,1,1.6094379124341003,1.0,2.9444389791664403,8.0,8.0,4.0,1.0,5
2208,2,0.0,0.0,1.0,7,1,1.6094379124341003,1.0,4.418840607796598,8.0,1.0,4.0,1.0,7
2213,3,0.0,0.0,2.0,1,2,2.5649493574615367,1.0,3.367295829986474,8.0,1.0,2.0,1.0,7
2214,3,0.0,0.0,2.0,1,2,0.6931471805599453,2.0,4.110873864173311,8.0,1.0,2.0,1.0,7
2215,3,0.0,0.0,2.0,1,2,0.6931471805599453,2.0,4.110873864173311,8.0,1.0,2.0,1.0,7
2226,3,0.0,0.0,2.0,1,2,2.5649493574615367,1.0,3.295836866004329,1.0,9.0,2.0,1.0,1
2227,3,0.0,0.0,2.0,1,2,2.0794415416798357,1.0,3.8066624897703196,1.0,9.0,2.0,1.0,1
2235,3,0.0,0.0,1.0,1,1,1.0986122886681098,1.0,4.007333185232471,8.0,7.0,2.0,1.0,3
2246,3,0.0,0.0,2.0,1,2,2.1972245773362196,2.0,3.5263605246161616,8.0,3.0,4.0,1.0,1
2247,3,0.0,0.0,2.0,1,2,2.1972245773362196,2.0,3.5263605246161616,8.0,3.0,4.0,1.0,1
2248,3,0.0,0.0,2.0,1,2,2.1972245773362196,2.0,3.5263605246161616,8.0,3.0,4.0,1.0,1
2249,3,0.0,0.0,2.0,1,2,2.1972245773362196,2.0,3.5263605246161616,8.0,3.0,4.0,1.0,1
2253,3,0.0,0.0,1.0,1,1,1.9459101490553132,2.0,3.58351893845611,8.0,3.0,2.0,1.0,4
2255,3,0.0,0.0,1.0,1,1,1.9459101490553132,2.0,3.2188758248682006,8.0,3.0,4.0,1.0,3
2256,3,0.0,0.0,1.0,1,1,1.9459101490553132,2.0,3.2188758248682006,8.0,3.0,4.0,1.0,3
2259,3,0.0,0.0,2.0,1,2,2.3978952727983707,2.0,2.995732273553991,2.0,3.0,4.0,1.0,2
2264,3,0.0,0.0,1.0,1,1,2.302585092994046,1.0,3.367295829986474,8.0,3.0,4.0,1.0,1
2265,3,0.0,0.0,1.0,1,1,1.0986122886681098,1.0,3.7376696182833684,8.0,3.0,4.0,1.0,1
2267,3,0.0,3.0,1.0,1,1,2.302585092994046,1.0,3.1354942159291497,8.0,6.0,2.0,1.0,3
2268,3,0.0,1.0,1.0,1,1,2.4849066497880004,1.0,3.6109179126442243,2.0,6.0,2.0,1.0,2
2274,3,0.0,0.0,1.0,7,4,2.4849066497880004,2.0,3.367295829986474,1.0,3.0,4.0,2.0,2
2289,3,0.0,0.0,1.0,1,1,2.1972245773362196,1.0,4.23410650459726,1.0,3.0,4.0,1.0,4
2290,3,0.0,2.0,2.0,1,1,2.3978952727983707,1.0,4.060443010546419,8.0,3.0,4.0,1.0,6
2291,3,0.0,0.0,1.0,1,1,2.6390573296152584,2.0,3.4011973816621555,1.0,3.0,4.0,1.0,2
2298,1,0.0,0.0,1.0,4,1,2.3978952727983707,1.0,3.258096538021482,8.0,6.0,4.0,1.0,5
2305,3,0.0,0.0,1.0,1,1,2.0794415416798357,1.0,3.970291913552122,8.0,3.0,2.0,1.0,1
2307,3,0.0,3.0,1.0,1,1,2.6390573296152584,1.0,4.1588830833596715,5.0,3.0,4.0,1.0,4
2308,3,0.0,3.0,1.0,1,1,2.6390573296152584,1.0,4.1588830833596715,5.0,3.0,4.0,1.0,4
2309,3,0.0,2.0,1.0,1,1,2.5649493574615367,2.0,3.6109179126442243,2.0,3.0,4.0,1.0,6
2313,2,0.0,0.0,1.0,1,1,2.0794415416798357,2.0,3.58351893845611,8.0,6.0,4.0,1.0,5
2319,3,0.0,0.0,1.0,1,1,1.3862943611198906,1.0,2.833213344056216,8.0,9.0,4.0,1.0,1
2322,3,0.0,0.0,1.0,4,1,2.302585092994046,1.0,3.2188758248682006,6.0,3.0,4.0,1.0,7
2325,3,0.0,0.0,1.0,1,1,2.0794415416798357,1.0,3.044522437723423,8.0,3.0,4.0,1.0,4
2326,3,0.0,9.0,1.0,4,1,2.302585092994046,2.0,4.465908118654584,4.0,2.0,4.0,1.0,1
2331,3,0.0,0.0,1.0,1,1,1.6094379124341003,1.0,4.04305126783455,8.0,3.0,4.0,1.0,6
2333,2,0.0,0.0,1.0,1,1,2.0794415416798357,1.0,4.0943445622221,8.0,3.0,4.0,1.0,3
2336,3,0.0,0.0,1.0,1,1,2.833213344056216,1.0,3.4965075614664802,8.0,3.0,4.0,1.0,7
2341,3,0.0,0.0,1.0,4,1,2.4849066497880004,1.0,3.9889840465642745,8.0,6.0,4.0,1.0,6
2342,3,0.0,0.0,1.0,4,1,2.5649493574615367,2.0,3.091042453358316,8.0,6.0,2.0,1.0,1
2343,3,0.0,0.0,1.0,4,1,2.5649493574615367,2.0,3.091042453358316,8.0,6.0,2.0,1.0,1
2344,3,0.0,0.0,1.0,4,1,2.5649493574615367,2.0,3.091042453358316,8.0,6.0,2.0,1.0,1
2345,3,0.0,0.0,1.0,4,1,0.6931471805599453,2.0,4.110873864173311,8.0,6.0,2.0,1.0,1
2346,3,0.0,0.0,1.0,4,1,0.6931471805599453,2.0,4.110873864173311,8.0,6.0,2.0,1.0,1
2355,3,0.0,0.0,2.0,4,2,2.5649493574615367,1.0,3.6888794541139363,8.0,6.0,2.0,1.0,4
2359,3,0.0,0.0,1.0,1,1,2.1972245773362196,1.0,3.6109179126442243,8.0,3.0,2.0,1.0,1
2361,3,0.0,0.0,2.0,4,1,0.6931471805599453,2.0,3.6375861597263857,6.0,3.0,4.0,1.0,5
2362,3,0.0,0.0,2.0,4,1,0.6931471805599453,2.0,3.6375861597263857,6.0,3.0,4.0,1.0,5
2363,3,0.0,0.0,2.0,4,1,2.833213344056216,2.0,4.060443010546419,8.0,3.0,4.0,1.0,5
2370,3,0.0,0.0,2.0,4,2,2.3978952727983707,1.0,3.58351893845611,8.0,6.0,4.0,1.0,6
2373,3,0.0,0.0,1.0,4,1,2.5649493574615367,2.0,3.295836866004329,6.0,6.0,2.0,1.0,3
2384,3,0.0,0.0,2.0,4,2,2.1972245773362196,1.0,3.713572066704308,4.0,1.0,4.0,2.0,5
2389,2,0.0,1.0,1.0,1,1,1.791759469228055,1.0,3.8501476017100584,1.0,3.0,4.0,1.0,2
2390,3,0.0,0.0,2.0,1,4,0.6931471805599453,1.0,3.8501476017100584,8.0,9.0,2.0,1.0,2
2391,3,0.0,0.0,1.0,1,1,1.6094379124341003,1.0,4.406719247264253,1.0,7.0,4.0,1.0,2
2392,3,0.0,0.0,1.0,1,1,1.6094379124341003,1.0,4.406719247264253,1.0,7.0,4.0,1.0,2
2399,3,0.0,0.0,2.0,4,1,2.0794415416798357,1.0,3.8066624897703196,1.0,3.0,2.0,1.0,4
2400,1,0.0,3.0,2.0,4,2,1.3862943611198906,1.0,3.4965075614664802,2.0,3.0,4.0,1.0,7
2408,3,0.0,0.0,1.0,4,1,2.70805020110221,1.0,3.8066624897703196,8.0,3.0,4.0,1.0,1
2410,3,0.0,1.0,2.0,4,8,1.9459101490553132,2.0,4.04305126783455,2.0,6.0,2.0,2.0,7
2412,3,0.0,9.0,2.0,4,2,2.1972245773362196,2.0,3.8066624897703196,5.0,7.0,2.0,1.0,4
2418,3,0.0,4.0,2.0,4,1,1.791759469228055,1.0,3.9318256327243257,1.0,3.0,4.0,1.0,3
2419,3,0.0,4.0,2.0,4,1,1.791759469228055,1.0,3.9318256327243257,1.0,3.0,4.0,1.0,3
2421,3,0.0,0.0,1.0,4,1,2.4849066497880004,1.0,3.2188758248682006,8.0,3.0,3.0,1.0,2
2422,2,0.0,3.0,2.0,4,1,1.6094379124341003,1.0,3.4965075614664802,8.0,6.0,4.0,1.0,4
2426,3,0.0,1.0,2.0,1,1,2.4849066497880004,1.0,4.23410650459726,6.0,3.0,4.0,1.0,6
2427,3,0.0,0.0,1.0,4,1,2.1972245773362196,1.0,3.784189633918261,2.0,3.0,4.0,1.0,4
2430,3,0.0,0.0,2.0,4,2,2.5649493574615367,2.0,4.060443010546419,8.0,6.0,2.0,1.0,7
2435,3,0.0,0.0,1.0,4,1,2.772588722239781,1.0,3.1354942159291497,8.0,3.0,4.0,1.0,4
2436,3,0.0,0.0,1.0,4,1,2.772588722239781,1.0,3.1354942159291497,8.0,3.0,4.0,1.0,4
2437,3,0.0,1.0,1.0,4,1,2.833213344056216,1.0,3.6109179126442243,2.0,3.0,4.0,2.0,6
2442,2,0.0,1.0,2.0,4,2,2.1972245773362196,2.0,3.4339872044851463,2.0,3.0,4.0,1.0,6
2443,3,0.0,0.0,2.0,4,2,0.6931471805599453,1.0,3.367295829986474,1.0,3.0,2.0,1.0,7
2445,2,0.0,3.0,2.0,7,2,2.1972245773362196,2.0,4.060443010546419,8.0,6.0,4.0,1.0,7
2446,3,0.0,9.0,2.0,4,2,1.0986122886681098,2.0,3.5553480614894135,8.0,3.0,4.0,2.0,4
2447,3,0.0,0.0,1.0,4,1,2.4849066497880004,1.0,3.58351893845611,8.0,3.0,4.0,1.0,2
2448,3,0.0,0.0,1.0,4,1,2.1972245773362196,1.0,4.02535169073515,8.0,3.0,4.0,1.0,2
2455,3,0.0,0.0,1.0,1,1,1.3862943611198906,1.0,4.219507705176107,8.0,3.0,4.0,1.0,6
2456,2,0.0,1.0,1.0,4,1,1.9459101490553132,1.0,3.871201010907891,5.0,8.0,4.0,1.0,5
2463,3,0.0,0.0,1.0,1,1,1.0986122886681098,2.0,3.828641396489095,8.0,6.0,4.0,1.0,3
2464,3,0.0,0.0,1.0,1,1,1.0986122886681098,2.0,3.828641396489095,8.0,6.0,4.0,1.0,3
2466,2,0.0,0.0,1.0,1,1,0.6931471805599453,1.0,3.258096538021482,8.0,3.0,4.0,1.0,4
2469,3,0.0,0.0,2.0,1,5,3.4965075614664802,1.0,4.0943445622221,8.0,3.0,4.0,1.0,6
2472,3,0.0,0.0,1.0,1,1,1.791759469228055,2.0,3.6888794541139363,8.0,6.0,2.0,1.0,5
2473,3,0.0,0.0,2.0,1,1,1.9459101490553132,2.0,2.9444389791664403,1.0,6.0,2.0,1.0,1
2475,3,0.0,0.0,2.0,1,1,0.6931471805599453,2.0,3.9318256327243257,1.0,6.0,2.0,1.0,1
2476,3,0.0,0.0,2.0,1,1,0.6931471805599453,2.0,3.9318256327243257,1.0,6.0,2.0,1.0,1
2478,3,0.0,0.0,1.0,7,4,2.833213344056216,2.0,3.784189633918261,1.0,6.0,2.0,1.0,5
2480,3,0.0,0.0,2.0,4,1,1.791759469228055,2.0,4.04305126783455,8.0,8.0,4.0,1.0,6
2483,3,0.0,0.0,2.0,1,1,2.1972245773362196,2.0,3.871201010907891,8.0,3.0,4.0,1.0,3
2485,2,0.0,0.0,1.0,1,1,1.9459101490553132,2.0,3.4011973816621555,1.0,3.0,4.0,1.0,3
2491,2,0.0,0.0,1.0,4,1,2.3978952727983707,1.0,3.6109179126442243,1.0,3.0,4.0,1.0,6
2494,3,0.0,0.0,2.0,4,8,2.1972245773362196,2.0,3.713572066704308,8.0,3.0,4.0,1.0,3
2495,3,0.0,0.0,2.0,4,8,2.1972245773362196,2.0,3.713572066704308,8.0,3.0,4.0,1.0,3
2496,3,0.0,0.0,2.0,4,8,2.1972245773362196,2.0,3.713572066704308,8.0,3.0,4.0,1.0,3
2497,2,0.0,0.0,1.0,1,1,1.9459101490553132,1.0,3.9512437185814275,8.0,8.0,4.0,1.0,6
2498,2,0.0,0.0,1.0,1,1,2.3978952727983707,2.0,3.367295829986474,5.0,8.0,4.0,1.0,6
2508,3,0.0,0.0,2.0,4,5,2.70805020110221,2.0,3.828641396489095,8.0,6.0,2.0,1.0,4
2509,1,0.0,1.0,1.0,1,1,1.791759469228055,1.0,4.110873864173311,5.0,3.0,4.0,1.0,4
2511,2,0.0,0.0,2.0,4,2,0.6931471805599453,1.0,2.833213344056216,8.0,7.0,4.0,2.0,5
2513,3,0.0,0.0,1.0,1,9,0.6931471805599453,1.0,3.2188758248682006,8.0,3.0,4.0,2.0,7
2515,2,0.0,1.0,2.0,4,9,2.302585092994046,1.0,4.0943445622221,1.0,3.0,4.0,1.0,4
2517,3,0.0,0.0,1.0,1,1,0.6931471805599453,2.0,4.04305126783455,1.0,3.0,2.0,1.0,7
2518,3,0.0,0.0,1.0,1,1,0.6931471805599453,2.0,4.04305126783455,1.0,3.0,2.0,1.0,7
2519,3,0.0,0.0,1.0,1,1,0.6931471805599453,2.0,4.04305126783455,1.0,3.0,2.0,1.0,7
2521,3,0.0,0.0,1.0,1,1,2.4849066497880004,2.0,3.7612001156935624,8.0,3.0,2.0,1.0,1
2522,3,0.0,0.0,1.0,1,1,2.4849066497880004,2.0,3.7612001156935624,8.0,3.0,2.0,1.0,1
2523,3,0.0,0.0,2.0,4,2,2.302585092994046,2.0,3.784189633918261,8.0,3.0,4.0,1.0,3
2529,3,0.0,1.0,1.0,1,1,1.791759469228055,1.0,4.174387269895637,1.0,3.0,2.0,2.0,5
2538,3,0.0,0.0,1.0,4,1,0.6931471805599453,1.0,3.6109179126442243,8.0,3.0,2.0,1.0,6
2540,3,0.0,1.0,1.0,1,1,2.302585092994046,1.0,3.871201010907891,1.0,3.0,4.0,1.0,6
2541,3,0.0,1.0,1.0,1,1,2.302585092994046,1.0,3.871201010907891,1.0,3.0,4.0,1.0,6
2545,3,0.0,0.0,2.0,4,1,1.0986122886681098,1.0,3.871201010907891,1.0,3.0,4.0,1.0,2
2547,2,0.0,0.0,2.0,4,1,2.9444389791664403,1.0,3.6888794541139363,4.0,2.0,4.0,1.0,7
2549,3,0.0,0.0,1.0,4,1,1.6094379124341003,1.0,2.9444389791664403,8.0,3.0,4.0,1.0,4
2551,3,0.0,0.0,2.0,1,1,2.772588722239781,1.0,3.367295829986474,4.0,1.0,4.0,2.0,5
2557,2,0.0,0.0,1.0,4,1,2.1972245773362196,2.0,3.4657359027997265,8.0,3.0,4.0,1.0,7
2559,2,0.0,0.0,1.0,1,1,2.6390573296152584,1.0,3.8066624897703196,8.0,3.0,4.0,2.0,4
2562,3,0.0,3.0,1.0,1,1,1.3862943611198906,1.0,3.58351893845611,1.0,6.0,4.0,2.0,3