accident_severity,special_conditions_at_site,pedestrian_movement,road_surface_conditions,light_conditions,weather_conditions,age_of_vehicle,sex_of_driver,age_of_driver,junction_location,junction_detail,junction_control,did_police_officer_attend_scene_of_accident,day_of_week
2563,2,0.0,0.0,1.0,1,1,1.0986122886681098,1.0,3.8066624897703196,8.0,8.0,4.0,1.0,7
2588,3,0.0,0.0,2.0,4,2,1.9459101490553132,2.0,3.5263605246161616,1.0,6.0,4.0,1.0,5
2589,3,0.0,0.0,2.0,4,2,2.833213344056216,1.0,4.110873864173311,2.0,6.0,4.0,1.0,5
2592,3,0.0,0.0,1.0,1,1,1.9459101490553132,1.0,3.7612001156935624,8.0,3.0,4.0,1.0,7
2593,3,0.0,0.0,1.0,1,1,1.9459101490553132,1.0,3.7612001156935624,8.0,3.0,4.0,1.0,7
2598,3,0.0,1.0,2.0,4,2,2.772588722239781,1.0,4.04305126783455,1.0,3.0,4.0,1.0,5
2600,3,0.0,0.0,1.0,1,1,2.1972245773362196,1.0,4.248495242049359,5.0,8.0,4.0,1.0,4
2602,3,0.0,0.0,1.0,1,1,2.1972245773362196,1.0,3.4965075614664802,8.0,6.0,2.0,1.0,3
2603,3,0.0,0.0,1.0,1,1,1.791759469228055,2.0,3.4657359027997265,5.0,6.0,2.0,1.0,3
2604,3,0.0,0.0,1.0,1,1,1.791759469228055,2.0,3.4657359027997265,5.0,6.0,2.0,1.0,3
2605,3,0.0,1.0,1.0,4,1,2.3978952727983707,2.0,3.091042453358316,1.0,3.0,4.0,1.0,5
2609,3,0.0,0.0,2.0,1,1,2.1972245773362196,2.0,3.332204510175204,1.0,3.0,4.0,1.0,6
2611,3,0.0,0.0,2.0,1,1,2.4849066497880004,2.0,3.58351893845611,1.0,3.0,4.0,1.0,6
2616,3,0.0,0.0,1.0,1,1,2.1972245773362196,1.0,4.02535169073515,3.0,1.0,4.0,1.0,6
2618,3,0.0,0.0,1.0,1,1,2.3978952727983707,1.0,3.871201010907891,6.0,3.0,4.0,1.0,3
2619,3,0.0,0.0,1.0,1,1,2.3978952727983707,1.0,3.871201010907891,6.0,3.0,4.0,1.0,3
2620,3,0.0,0.0,1.0,1,1,2.302585092994046,1.0,3.4657359027997265,6.0,3.0,4.0,1.0,3
2621,3,0.0,9.0,1.0,1,1,2.3978952727983707,1.0,3.5263605246161616,5.0,3.0,2.0,1.0,5
2622,3,0.0,0.0,2.0,1,5,1.0986122886681098,2.0,3.912023005428146,2.0,6.0,4.0,1.0,3
2634,3,0.0,0.0,1.0,1,1,2.0794415416798357,1.0,3.1780538303479458,8.0,7.0,4.0,1.0,6
2635,3,0.0,0.0,1.0,1,1,2.0794415416798357,1.0,3.1780538303479458,8.0,7.0,4.0,1.0,6
2636,3,0.0,0.0,1.0,1,1,2.0794415416798357,1.0,3.1780538303479458,8.0,7.0,4.0,1.0,6
2637,3,0.0,0.0,1.0,1,1,1.6094379124341003,2.0,3.8918202981106265,8.0,7.0,4.0,1.0,6
2639,2,0.0,0.0,2.0,1,5,2.4849066497880004,1.0,3.8066624897703196,8.0,3.0,4.0,2.0,4
2640,3,0.0,0.0,1.0,4,1,2.5649493574615367,1.0,3.332204510175204,8.0,6.0,2.0,1.0,7
2642,2,0.0,9.0,1.0,1,9,1.0986122886681098,2.0,3.1354942159291497,1.0,3.0,4.0,1.0,5
2649,3,0.0,0.0,1.0,1,1,2.70805020110221,1.0,3.6109179126442243,8.0,8.0,4.0,1.0,1
2650,2,0.0,0.0,1.0,1,1,1.0986122886681098,2.0,3.6635616461296463,8.0,7.0,2.0,1.0,1
2651,2,0.0,0.0,1.0,1,1,1.0986122886681098,2.0,3.6635616461296463,8.0,7.0,2.0,1.0,1
2652,2,0.0,0.0,1.0,1,1,2.6390573296152584,1.0,4.060443010546419,8.0,7.0,2.0,1.0,1
2654,3,0.0,0.0,1.0,1,1,2.0794415416798357,2.0,3.8501476017100584,1.0,3.0,4.0,1.0,1
2655,3,0.0,0.0,1.0,1,1,2.0794415416798357,2.0,3.8501476017100584,1.0,3.0,4.0,1.0,1
2659,3,0.0,0.0,1.0,4,1,1.791759469228055,1.0,4.007333185232471,1.0,3.0,4.0,1.0,7
2660,3,0.0,0.0,1.0,4,1,1.791759469228055,1.0,4.007333185232471,1.0,3.0,4.0,1.0,7
2667,2,0.0,0.0,1.0,1,1,1.9459101490553132,1.0,3.332204510175204,8.0,3.0,4.0,1.0,4
2675,3,0.0,1.0,1.0,1,1,1.0986122886681098,2.0,3.258096538021482,2.0,3.0,4.0,1.0,5
2678,3,0.0,0.0,1.0,4,1,1.6094379124341003,1.0,2.995732273553991,8.0,6.0,2.0,1.0,5
2679,3,0.0,0.0,1.0,4,1,0.6931471805599453,1.0,2.9444389791664403,8.0,6.0,2.0,1.0,5
2682,3,4.0,0.0,1.0,4,1,2.4849066497880004,2.0,3.367295829986474,8.0,6.0,2.0,1.0,7
2683,3,4.0,0.0,1.0,4,1,2.0794415416798357,1.0,3.58351893845611,8.0,6.0,2.0,1.0,7
2687,3,0.0,0.0,2.0,1,1,2.6390573296152584,1.0,4.23410650459726,8.0,3.0,4.0,1.0,1
2689,3,0.0,0.0,2.0,1,1,1.3862943611198906,1.0,3.8918202981106265,8.0,1.0,2.0,1.0,2
2692,3,0.0,0.0,1.0,1,1,1.6094379124341003,1.0,2.995732273553991,8.0,3.0,4.0,1.0,1
2693,3,0.0,0.0,1.0,1,1,1.6094379124341003,1.0,2.995732273553991,8.0,3.0,4.0,1.0,1
2694,3,0.0,9.0,1.0,1,1,1.6094379124341003,2.0,3.5263605246161616,1.0,7.0,2.0,1.0,7
2696,3,0.0,1.0,1.0,1,1,2.833213344056216,2.0,3.6635616461296463,1.0,6.0,2.0,1.0,3
2698,3,0.0,0.0,1.0,1,1,2.5649493574615367,1.0,4.007333185232471,6.0,3.0,2.0,1.0,4
2699,3,0.0,0.0,1.0,1,1,2.5649493574615367,1.0,4.007333185232471,6.0,3.0,2.0,1.0,4
2704,3,0.0,0.0,2.0,1,1,2.4849066497880004,2.0,3.6888794541139363,1.0,6.0,2.0,1.0,3
2707,1,0.0,9.0,1.0,1,1,2.6390573296152584,1.0,3.2188758248682006,1.0,9.0,4.0,1.0,5
2714,3,0.0,0.0,1.0,1,1,2.4849066497880004,2.0,3.1780538303479458,8.0,6.0,2.0,1.0,5
2717,3,0.0,0.0,2.0,1,1,0.6931471805599453,2.0,3.784189633918261,8.0,6.0,2.0,1.0,2
2718,3,0.0,0.0,2.0,1,1,2.3978952727983707,1.0,3.784189633918261,8.0,6.0,2.0,1.0,2
2719,3,0.0,0.0,1.0,1,1,0.6931471805599453,2.0,3.1354942159291497,5.0,3.0,4.0,1.0,5
2720,3,0.0,0.0,1.0,1,1,2.1972245773362196,1.0,3.8918202981106265,8.0,3.0,4.0,1.0,5
2721,3,0.0,0.0,1.0,1,1,2.1972245773362196,1.0,3.8918202981106265,8.0,3.0,4.0,1.0,5
2722,3,0.0,0.0,1.0,1,1,2.1972245773362196,1.0,3.8918202981106265,8.0,3.0,4.0,1.0,5
2723,3,0.0,0.0,1.0,1,1,2.1972245773362196,1.0,3.332204510175204,8.0,8.0,4.0,1.0,6
2724,3,0.0,0.0,1.0,1,1,1.791759469228055,1.0,3.044522437723423,8.0,8.0,4.0,1.0,6
2725,3,0.0,0.0,1.0,1,1,1.0986122886681098,2.0,3.5263605246161616,8.0,8.0,4.0,1.0,6
2727,3,0.0,0.0,1.0,1,1,2.833213344056216,2.0,3.6888794541139363,8.0,6.0,4.0,1.0,1
2729,3,0.0,0.0,1.0,4,1,2.1972245773362196,1.0,4.430816798843313,8.0,9.0,4.0,1.0,1
2730,3,0.0,0.0,1.0,4,1,2.1972245773362196,1.0,4.430816798843313,8.0,9.0,4.0,1.0,1
2731,3,0.0,0.0,1.0,4,1,1.0986122886681098,2.0,2.9444389791664403,1.0,9.0,4.0,1.0,1
2732,3,0.0,0.0,1.0,4,1,1.0986122886681098,2.0,2.9444389791664403,1.0,9.0,4.0,1.0,1
2734,3,0.0,0.0,1.0,4,1,2.5649493574615367,1.0,3.2188758248682006,6.0,3.0,4.0,1.0,2
2735,3,0.0,0.0,1.0,4,1,2.4849066497880004,1.0,3.2188758248682006,8.0,3.0,4.0,1.0,2
2739,3,0.0,0.0,1.0,1,1,1.6094379124341003,2.0,4.02535169073515,8.0,6.0,2.0,1.0,4
2740,3,0.0,0.0,1.0,1,1,1.6094379124341003,2.0,4.02535169073515,8.0,6.0,2.0,1.0,4
2743,3,0.0,9.0,1.0,1,1,2.5649493574615367,2.0,3.4011973816621555,2.0,6.0,2.0,1.0,2
2748,3,0.0,0.0,1.0,1,1,2.302585092994046,1.0,3.4657359027997265,8.0,3.0,4.0,1.0,7
2750,3,0.0,0.0,2.0,1,2,2.4849066497880004,2.0,3.7376696182833684,8.0,3.0,4.0,1.0,2
2751,3,0.0,0.0,2.0,1,2,2.302585092994046,1.0,3.7376696182833684,8.0,3.0,4.0,1.0,2
2755,3,0.0,0.0,1.0,1,1,2.302585092994046,2.0,3.6635616461296463,8.0,1.0,2.0,2.0,6
2756,3,0.0,0.0,1.0,1,1,2.302585092994046,2.0,3.6635616461296463,8.0,1.0,2.0,2.0,6
2761,3,0.0,3.0,1.0,1,1,2.70805020110221,1.0,3.828641396489095,1.0,3.0,4.0,2.0,7
2766,2,0.0,1.0,1.0,1,1,0.6931471805599453,1.0,3.6109179126442243,8.0,3.0,4.0,1.0,3
2768,3,0.0,0.0,1.0,1,1,2.0794415416798357,1.0,4.060443010546419,1.0,3.0,4.0,2.0,4
2772,3,0.0,0.0,1.0,1,1,1.791759469228055,2.0,3.828641396489095,8.0,3.0,4.0,1.0,5
2775,2,0.0,3.0,1.0,1,1,1.9459101490553132,1.0,3.4011973816621555,1.0,9.0,4.0,1.0,4
2778,3,0.0,0.0,1.0,1,1,2.70805020110221,2.0,3.784189633918261,8.0,1.0,4.0,1.0,3
2779,3,0.0,0.0,1.0,1,1,2.70805020110221,2.0,3.784189633918261,8.0,1.0,4.0,1.0,3
2780,3,0.0,0.0,1.0,1,1,1.9459101490553132,1.0,3.9318256327243257,8.0,1.0,4.0,1.0,3
2785,3,0.0,9.0,2.0,1,2,2.302585092994046,2.0,3.4339872044851463,6.0,6.0,2.0,2.0,2
2787,3,0.0,0.0,1.0,1,1,2.1972245773362196,2.0,3.6888794541139363,8.0,6.0,2.0,1.0,6
2788,3,0.0,0.0,1.0,1,1,2.1972245773362196,2.0,3.6888794541139363,8.0,6.0,2.0,1.0,6
2789,3,0.0,0.0,1.0,1,1,2.1972245773362196,2.0,3.6888794541139363,8.0,6.0,2.0,1.0,6
2790,3,0.0,0.0,1.0,1,1,2.1972245773362196,2.0,3.6888794541139363,8.0,6.0,2.0,1.0,6
2791,3,0.0,0.0,1.0,1,1,2.1972245773362196,2.0,3.6888794541139363,8.0,6.0,2.0,1.0,6
2792,3,0.0,0.0,1.0,1,1,2.3978952727983707,1.0,3.5263605246161616,8.0,6.0,2.0,1.0,6
2794,3,0.0,0.0,1.0,1,1,1.791759469228055,1.0,3.091042453358316,1.0,3.0,2.0,1.0,7
2800,3,0.0,0.0,2.0,1,2,0.6931471805599453,2.0,2.9444389791664403,8.0,6.0,2.0,2.0,6
2804,3,0.0,0.0,1.0,1,1,2.302585092994046,1.0,4.174387269895637,8.0,6.0,4.0,1.0,5
2808,3,0.0,0.0,1.0,1,8,2.6390573296152584,1.0,4.406719247264253,8.0,3.0,4.0,1.0,5
2809,3,0.0,0.0,1.0,1,8,2.6390573296152584,1.0,4.406719247264253,8.0,3.0,4.0,1.0,5
2810,3,0.0,0.0,1.0,1,8,2.5649493574615367,1.0,2.9444389791664403,8.0,3.0,4.0,1.0,5
2811,3,0.0,0.0,1.0,1,8,2.5649493574615367,1.0,2.9444389791664403,8.0,3.0,4.0,1.0,5
2813,3,0.0,0.0,1.0,1,1,1.791759469228055,1.0,3.258096538021482,8.0,3.0,4.0,2.0,4
2814,2,0.0,0.0,1.0,4,1,2.0794415416798357,2.0,3.4011973816621555,8.0,3.0,4.0,1.0,5
2827,3,0.0,0.0,1.0,1,1,1.791759469228055,1.0,3.9889840465642745,8.0,6.0,2.0,1.0,1
2829,3,0.0,0.0,1.0,1,1,2.4849066497880004,1.0,3.091042453358316,8.0,6.0,4.0,1.0,5
2830,3,0.0,0.0,1.0,1,1,2.5649493574615367,2.0,3.8066624897703196,8.0,6.0,4.0,1.0,5
2831,2,0.0,0.0,2.0,1,1,2.3978952727983707,2.0,3.4011973816621555,8.0,1.0,4.0,1.0,4
2833,2,0.0,0.0,2.0,1,1,1.0986122886681098,2.0,3.6109179126442243,8.0,1.0,4.0,1.0,4
2835,3,0.0,0.0,1.0,1,1,1.6094379124341003,2.0,3.58351893845611,8.0,9.0,4.0,1.0,3
2843,3,0.0,0.0,1.0,1,1,0.6931471805599453,1.0,3.4011973816621555,4.0,1.0,4.0,1.0,7
2848,3,0.0,0.0,1.0,1,1,1.3862943611198906,2.0,3.6888794541139363,2.0,3.0,2.0,1.0,6
2849,3,0.0,0.0,2.0,1,1,1.3862943611198906,2.0,3.5553480614894135,8.0,6.0,2.0,1.0,6
2850,3,0.0,0.0,2.0,1,1,2.70805020110221,2.0,3.871201010907891,8.0,6.0,2.0,1.0,6
2855,3,0.0,0.0,1.0,1,1,1.3862943611198906,2.0,2.995732273553991,8.0,3.0,4.0,1.0,4
2857,2,0.0,0.0,1.0,1,1,2.3978952727983707,2.0,3.784189633918261,8.0,3.0,2.0,1.0,6
2860,3,0.0,0.0,1.0,1,1,0.6931471805599453,1.0,3.784189633918261,1.0,9.0,2.0,1.0,4
2862,3,0.0,0.0,1.0,1,1,2.302585092994046,2.0,4.2626798770413155,8.0,9.0,4.0,1.0,5
2865,3,0.0,1.0,1.0,1,1,2.8903717578961645,2.0,3.713572066704308,2.0,3.0,4.0,1.0,3
2867,3,0.0,0.0,1.0,1,1,2.3978952727983707,2.0,3.5553480614894135,1.0,3.0,4.0,2.0,5
2868,3,0.0,0.0,1.0,1,1,2.3978952727983707,2.0,3.5553480614894135,1.0,3.0,4.0,2.0,5
2869,3,0.0,0.0,1.0,1,1,2.3978952727983707,2.0,3.5553480614894135,1.0,3.0,4.0,2.0,5
2874,3,0.0,0.0,1.0,1,1,1.0986122886681098,1.0,3.4965075614664802,8.0,6.0,2.0,1.0,6
2875,1,0.0,3.0,1.0,1,1,1.3862943611198906,1.0,3.6635616461296463,3.0,1.0,4.0,1.0,7
2878,3,0.0,0.0,1.0,4,1,2.0794415416798357,1.0,4.189654742026425,3.0,1.0,4.0,1.0,3
2882,3,0.0,1.0,1.0,1,1,0.6931471805599453,1.0,4.174387269895637,2.0,3.0,4.0,1.0,5
2886,3,0.0,0.0,1.0,1,1,0.6931471805599453,1.0,3.091042453358316,8.0,3.0,4.0,1.0,5
2887,3,0.0,0.0,2.0,4,2,1.9459101490553132,2.0,3.1780538303479458,8.0,1.0,4.0,1.0,3
2888,3,0.0,0.0,2.0,4,2,1.9459101490553132,2.0,3.1780538303479458,8.0,1.0,4.0,1.0,3
2889,3,0.0,0.0,2.0,4,2,0.6931471805599453,2.0,3.091042453358316,8.0,1.0,4.0,1.0,3
2891,2,0.0,0.0,1.0,1,1,0.6931471805599453,2.0,3.4339872044851463,8.0,6.0,4.0,1.0,6
2892,3,0.0,0.0,1.0,1,1,1.9459101490553132,2.0,3.6375861597263857,8.0,3.0,4.0,1.0,3
2893,3,0.0,0.0,1.0,1,1,1.6094379124341003,2.0,4.290459441148391,8.0,3.0,4.0,1.0,3
2894,3,0.0,0.0,1.0,1,1,2.3978952727983707,2.0,4.110873864173311,8.0,6.0,2.0,1.0,7
2900,3,0.0,0.0,1.0,1,1,2.3978952727983707,1.0,3.6635616461296463,8.0,8.0,4.0,1.0,6
2901,3,0.0,0.0,1.0,1,1,2.3978952727983707,1.0,3.6635616461296463,8.0,8.0,4.0,1.0,6
2908,3,0.0,1.0,2.0,1,1,2.3978952727983707,2.0,3.58351893845611,8.0,6.0,2.0,1.0,3
2913,2,0.0,0.0,1.0,1,1,2.302585092994046,1.0,4.007333185232471,1.0,3.0,4.0,1.0,2
2914,2,0.0,3.0,1.0,1,1,2.772588722239781,1.0,3.2188758248682006,8.0,3.0,2.0,1.0,7
2919,3,0.0,0.0,1.0,1,1,1.791759469228055,1.0,3.1780538303479458,8.0,7.0,2.0,1.0,1
2920,3,0.0,0.0,1.0,1,1,1.791759469228055,1.0,3.1780538303479458,8.0,7.0,2.0,1.0,1
2927,3,0.0,0.0,2.0,4,1,2.6390573296152584,2.0,3.970291913552122,2.0,6.0,2.0,1.0,6
2928,3,0.0,0.0,1.0,4,7,2.5649493574615367,1.0,3.1354942159291497,8.0,1.0,4.0,1.0,2
2931,2,0.0,0.0,2.0,1,1,1.0986122886681098,2.0,3.7612001156935624,8.0,3.0,4.0,1.0,4
2940,2,0.0,3.0,1.0,4,1,1.0986122886681098,1.0,4.418840607796598,8.0,3.0,4.0,1.0,6
2947,3,0.0,0.0,2.0,1,1,2.6390573296152584,2.0,3.7376696182833684,8.0,2.0,4.0,1.0,1
2963,3,0.0,0.0,2.0,4,1,0.6931471805599453,1.0,3.8066624897703196,8.0,6.0,4.0,1.0,3
2966,3,0.0,0.0,2.0,7,1,2.0794415416798357,1.0,3.5553480614894135,8.0,3.0,4.0,1.0,4
2970,3,0.0,0.0,2.0,4,1,1.3862943611198906,1.0,3.4965075614664802,8.0,7.0,2.0,1.0,2
2972,3,0.0,9.0,1.0,4,1,1.9459101490553132,1.0,3.784189633918261,2.0,3.0,4.0,1.0,3
2976,3,0.0,0.0,2.0,4,1,2.1972245773362196,1.0,3.4965075614664802,1.0,7.0,2.0,1.0,6
2984,3,0.0,2.0,2.0,4,1,2.3978952727983707,2.0,3.295836866004329,1.0,3.0,4.0,1.0,4
2988,3,0.0,0.0,2.0,4,1,2.0794415416798357,1.0,3.912023005428146,8.0,3.0,4.0,1.0,5
2989,3,0.0,0.0,2.0,4,1,2.0794415416798357,1.0,3.912023005428146,8.0,3.0,4.0,1.0,5
2990,3,0.0,0.0,2.0,4,1,2.0794415416798357,1.0,3.912023005428146,8.0,3.0,4.0,1.0,5
2993,3,0.0,0.0,1.0,4,1,1.791759469228055,2.0,4.1588830833596715,2.0,3.0,4.0,1.0,3
2996,3,0.0,1.0,2.0,1,1,2.0794415416798357,1.0,3.9318256327243257,2.0,3.0,4.0,1.0,2
3004,3,0.0,0.0,1.0,1,1,2.1972245773362196,2.0,3.258096538021482,8.0,3.0,4.0,1.0,1
3011,3,0.0,3.0,1.0,4,4,1.3862943611198906,2.0,4.110873864173311,2.0,3.0,4.0,1.0,3
3014,3,0.0,0.0,2.0,4,1,2.3978952727983707,1.0,3.4657359027997265,8.0,6.0,2.0,1.0,1
3015,3,0.0,0.0,2.0,4,1,2.70805020110221,1.0,3.4965075614664802,8.0,6.0,2.0,1.0,6
3016,3,0.0,0.0,2.0,4,1,2.1972245773362196,2.0,3.784189633918261,8.0,6.0,2.0,1.0,6
3017,2,0.0,0.0,1.0,1,1,1.9459101490553132,1.0,4.04305126783455,2.0,3.0,4.0,1.0,2
3021,2,0.0,0.0,2.0,1,1,2.0794415416798357,1.0,3.4965075614664802,8.0,3.0,4.0,1.0,5
3022,3,0.0,0.0,2.0,1,1,2.302585092994046,1.0,3.6635616461296463,8.0,6.0,2.0,1.0,7
3027,3,0.0,0.0,1.0,1,1,2.1972245773362196,2.0,3.8066624897703196,8.0,3.0,4.0,1.0,2
3029,3,0.0,0.0,2.0,4,2,2.4849066497880004,1.0,3.6109179126442243,1.0,3.0,2.0,1.0,4
3030,3,0.0,0.0,2.0,4,2,2.4849066497880004,1.0,3.6109179126442243,1.0,3.0,2.0,1.0,4
3031,3,0.0,0.0,2.0,4,2,2.4849066497880004,1.0,3.6109179126442243,1.0,3.0,2.0,1.0,4
3032,3,0.0,0.0,2.0,4,2,2.4849066497880004,1.0,3.6109179126442243,1.0,3.0,2.0,1.0,4
3033,3,0.0,0.0,2.0,4,2,2.4849066497880004,1.0,3.6109179126442243,1.0,3.0,2.0,1.0,4
3034,3,0.0,0.0,2.0,4,2,2.4849066497880004,1.0,3.6109179126442243,1.0,3.0,2.0,1.0,4
3035,3,0.0,0.0,2.0,1,1,0.6931471805599453,1.0,3.367295829986474,1.0,1.0,4.0,1.0,6
3043,3,0.0,3.0,2.0,1,1,2.302585092994046,2.0,3.970291913552122,8.0,3.0,4.0,1.0,6
3048,3,0.0,0.0,3.0,4,6,2.1972245773362196,1.0,4.1588830833596715,4.0,1.0,4.0,1.0,5
3055,3,0.0,0.0,1.0,4,1,1.791759469228055,2.0,2.9444389791664403,8.0,6.0,2.0,1.0,2
3058,3,0.0,0.0,1.0,1,1,2.4849066497880004,2.0,3.295836866004329,8.0,8.0,4.0,1.0,7
3059,3,0.0,0.0,1.0,1,1,1.0986122886681098,2.0,3.367295829986474,8.0,8.0,4.0,1.0,7
3062,3,0.0,0.0,1.0,4,1,2.6390573296152584,1.0,2.9444389791664403,8.0,6.0,2.0,1.0,6
3064,3,0.0,0.0,1.0,1,1,1.6094379124341003,1.0,3.8501476017100584,8.0,1.0,4.0,1.0,4
3065,3,0.0,1.0,2.0,4,1,2.4849066497880004,1.0,2.9444389791664403,8.0,3.0,4.0,1.0,5
3067,3,0.0,0.0,1.0,1,1,2.833213344056216,2.0,3.7612001156935624,8.0,7.0,4.0,2.0,3
3068,3,0.0,0.0,1.0,1,1,2.833213344056216,2.0,3.7612001156935624,8.0,7.0,4.0,2.0,3
3071,2,0.0,5.0,1.0,4,1,1.791759469228055,1.0,4.23410650459726,3.0,2.0,4.0,1.0,7
3078,3,0.0,0.0,1.0,1,1,1.6094379124341003,1.0,3.9318256327243257,8.0,1.0,4.0,1.0,6
3081,2,0.0,9.0,1.0,1,1,1.0986122886681098,1.0,3.9512437185814275,1.0,3.0,4.0,1.0,5
3085,3,0.0,3.0,2.0,4,2,2.3978952727983707,1.0,3.4339872044851463,2.0,2.0,4.0,1.0,2
3089,3,0.0,0.0,2.0,1,1,1.3862943611198906,1.0,3.6375861597263857,8.0,3.0,4.0,1.0,5
3096,3,0.0,0.0,1.0,1,1,1.9459101490553132,1.0,4.127134385045092,8.0,3.0,4.0,1.0,6
3097,3,0.0,0.0,1.0,1,8,1.791759469228055,1.0,3.7376696182833684,8.0,3.0,4.0,1.0,3
3098,3,0.0,0.0,1.0,1,8,1.9459101490553132,1.0,3.8501476017100584,8.0,3.0,4.0,1.0,3
3099,3,0.0,0.0,2.0,4,2,2.4849066497880004,1.0,3.4339872044851463,8.0,2.0,4.0,1.0,6
3106,3,0.0,9.0,1.0,1,1,1.3862943611198906,1.0,3.713572066704308,1.0,3.0,4.0,1.0,6
3107,3,0.0,0.0,1.0,4,1,1.3862943611198906,1.0,3.713572066704308,1.0,3.0,4.0,1.0,6
3113,3,0.0,0.0,1.0,1,1,2.0794415416798357,1.0,3.784189633918261,8.0,8.0,4.0,1.0,6
3115,2,0.0,1.0,2.0,4,2,2.3978952727983707,1.0,3.8501476017100584,2.0,3.0,4.0,1.0,6
3120,3,0.0,0.0,2.0,1,2,2.6390573296152584,2.0,3.1780538303479458,8.0,1.0,4.0,1.0,4
3121,3,0.0,0.0,1.0,4,1,1.3862943611198906,1.0,3.58351893845611,8.0,6.0,2.0,1.0,6
3122,3,0.0,0.0,1.0,4,1,1.3862943611198906,1.0,3.7376696182833684,8.0,6.0,2.0,1.0,6
3123,3,0.0,1.0,1.0,4,1,1.6094379124341003,1.0,3.828641396489095,8.0,6.0,2.0,1.0,5
3127,3,0.0,0.0,2.0,1,1,2.3978952727983707,1.0,4.204692619390966,8.0,6.0,2.0,1.0,1
3128,3,0.0,1.0,1.0,4,1,2.6390573296152584,2.0,4.04305126783455,2.0,3.0,4.0,1.0,6
3131,3,0.0,1.0,1.0,1,1,2.4849066497880004,1.0,3.8918202981106265,8.0,3.0,2.0,1.0,1
3132,3,0.0,0.0,1.0,4,1,1.3862943611198906,1.0,3.7612001156935624,8.0,3.0,2.0,1.0,7
3135,3,0.0,0.0,2.0,1,2,1.0986122886681098,1.0,3.7376696182833684,8.0,3.0,4.0,1.0,7
3136,3,0.0,0.0,1.0,1,1,1.0986122886681098,1.0,3.7612001156935624,8.0,6.0,4.0,2.0,6
3138,3,0.0,0.0,1.0,1,1,2.3978952727983707,1.0,3.258096538021482,1.0,3.0,2.0,1.0,3
3139,3,0.0,0.0,1.0,1,1,1.9459101490553132,1.0,3.4657359027997265,1.0,3.0,2.0,1.0,3
3140,3,0.0,0.0,1.0,1,1,1.9459101490553132,1.0,3.4657359027997265,1.0,3.0,2.0,1.0,3
3142,3,0.0,9.0,1.0,1,1,1.791759469228055,1.0,4.189654742026425,1.0,3.0,4.0,1.0,4
3148,3,0.0,0.0,1.0,1,1,1.0986122886681098,1.0,3.6375861597263857,1.0,3.0,4.0,1.0,4
3149,3,0.0,0.0,1.0,4,1,0.6931471805599453,1.0,3.1354942159291497,2.0,6.0,4.0,1.0,4
3154,3,0.0,0.0,1.0,1,1,2.302585092994046,1.0,2.9444389791664403,8.0,6.0,4.0,1.0,7
3168,3,0.0,0.0,1.0,4,1,1.791759469228055,1.0,3.6109179126442243,8.0,3.0,2.0,1.0,3
3169,3,0.0,0.0,1.0,1,1,1.3862943611198906,1.0,3.258096538021482,1.0,1.0,2.0,1.0,3
3170,3,0.0,0.0,1.0,1,1,1.9459101490553132,1.0,3.784189633918261,1.0,1.0,2.0,1.0,3
3174,3,0.0,2.0,1.0,1,1,2.1972245773362196,1.0,3.8918202981106265,1.0,3.0,4.0,1.0,6
3175,3,0.0,0.0,2.0,4,1,1.9459101490553132,1.0,3.332204510175204,8.0,1.0,4.0,1.0,7
3179,3,0.0,0.0,2.0,4,2,0.6931471805599453,1.0,3.6888794541139363,2.0,3.0,4.0,1.0,6
3181,3,0.0,0.0,2.0,4,2,1.0986122886681098,1.0,3.828641396489095,2.0,3.0,4.0,1.0,6
3183,3,0.0,0.0,2.0,1,1,1.0986122886681098,1.0,2.833213344056216,8.0,6.0,2.0,1.0,7
3187,3,0.0,0.0,2.0,4,2,2.4849066497880004,1.0,3.58351893845611,8.0,3.0,4.0,1.0,2
3189,3,0.0,0.0,1.0,1,1,0.6931471805599453,1.0,3.258096538021482,1.0,3.0,2.0,1.0,2
3192,3,0.0,0.0,2.0,4,2,1.9459101490553132,1.0,3.828641396489095,8.0,3.0,4.0,1.0,3
3193,3,0.0,1.0,1.0,1,1,2.0794415416798357,1.0,3.713572066704308,1.0,3.0,2.0,1.0,3
3198,3,0.0,0.0,2.0,4,2,1.791759469228055,1.0,3.1354942159291497,2.0,6.0,2.0,1.0,5
3199,3,0.0,0.0,1.0,4,1,1.791759469228055,1.0,4.007333185232471,2.0,6.0,2.0,1.0,6
3200,3,0.0,0.0,1.0,4,1,1.791759469228055,1.0,4.007333185232471,2.0,6.0,2.0,1.0,6
3202,2,0.0,0.0,1.0,1,1,1.9459101490553132,1.0,3.1354942159291497,8.0,1.0,4.0,1.0,7
3203,3,0.0,0.0,1.0,1,1,1.3862943611198906,1.0,3.828641396489095,1.0,3.0,4.0,1.0,1
3205,2,0.0,0.0,1.0,1,1,2.4849066497880004,1.0,2.833213344056216,8.0,2.0,4.0,1.0,2
3213,3,0.0,0.0,1.0,1,1,1.0986122886681098,2.0,3.258096538021482,2.0,3.0,4.0,1.0,7
3220,2,0.0,0.0,1.0,1,1,2.6390573296152584,1.0,3.044522437723423,8.0,6.0,2.0,1.0,1
3221,3,0.0,0.0,1.0,1,1,1.0986122886681098,1.0,4.007333185232471,2.0,3.0,4.0,1.0,2
3229,3,0.0,0.0,1.0,4,1,1.0986122886681098,1.0,3.6375861597263857,8.0,6.0,4.0,2.0,7