accident_severity,special_conditions_at_site,pedestrian_movement,road_surface_conditions,light_conditions,weather_conditions,age_of_vehicle,sex_of_driver,age_of_driver,junction_location,junction_detail,junction_control,did_police_officer_attend_scene_of_accident,day_of_week
3235,3,0.0,0.0,1.0,1,1,1.0986122886681098,1.0,4.007333185232471,8.0,3.0,4.0,1.0,3
3237,3,0.0,0.0,1.0,4,1,2.4849066497880004,1.0,3.4657359027997265,8.0,3.0,4.0,1.0,6
3243,3,0.0,0.0,1.0,1,1,0.6931471805599453,2.0,3.258096538021482,8.0,3.0,4.0,2.0,4
3246,3,0.0,0.0,1.0,1,1,2.5649493574615367,1.0,3.7376696182833684,8.0,3.0,4.0,1.0,3
3247,3,0.0,0.0,1.0,4,1,1.9459101490553132,1.0,3.6109179126442243,1.0,6.0,2.0,1.0,3
3249,3,0.0,0.0,1.0,4,1,1.6094379124341003,1.0,3.091042453358316,8.0,3.0,4.0,1.0,3
3251,3,0.0,0.0,1.0,4,1,1.0986122886681098,1.0,3.4339872044851463,8.0,3.0,2.0,1.0,3
3262,3,4.0,0.0,1.0,1,1,1.3862943611198906,1.0,3.6635616461296463,8.0,3.0,4.0,1.0,6
3264,2,0.0,0.0,2.0,4,8,0.6931471805599453,1.0,3.9318256327243257,8.0,6.0,4.0,1.0,1
3275,3,0.0,0.0,1.0,4,1,1.6094379124341003,1.0,2.995732273553991,8.0,6.0,4.0,1.0,4
3279,3,0.0,0.0,1.0,1,1,1.3862943611198906,1.0,3.295836866004329,8.0,3.0,4.0,1.0,5
3283,3,0.0,0.0,1.0,1,1,1.0986122886681098,1.0,3.1780538303479458,8.0,3.0,4.0,1.0,6
3285,2,0.0,3.0,1.0,4,1,2.3978952727983707,1.0,3.6109179126442243,8.0,3.0,2.0,1.0,7
3289,3,0.0,0.0,1.0,1,1,1.791759469228055,1.0,3.295836866004329,8.0,6.0,2.0,1.0,2
3290,3,0.0,0.0,1.0,1,1,2.70805020110221,1.0,3.912023005428146,8.0,6.0,2.0,1.0,2
3297,3,0.0,0.0,1.0,4,1,1.9459101490553132,1.0,3.871201010907891,8.0,3.0,2.0,1.0,1
3299,3,0.0,3.0,1.0,4,1,1.3862943611198906,1.0,3.828641396489095,8.0,3.0,4.0,1.0,4
3302,3,0.0,0.0,1.0,1,1,2.0794415416798357,1.0,3.258096538021482,8.0,3.0,4.0,1.0,4
3312,3,0.0,0.0,1.0,1,1,2.302585092994046,1.0,3.2188758248682006,8.0,1.0,4.0,1.0,5
3324,3,0.0,0.0,1.0,1,1,0.6931471805599453,1.0,4.007333185232471,8.0,2.0,4.0,1.0,5
3327,3,0.0,0.0,1.0,4,1,1.9459101490553132,1.0,3.295836866004329,2.0,3.0,4.0,1.0,6
3328,3,0.0,9.0,1.0,4,1,1.9459101490553132,1.0,3.295836866004329,2.0,3.0,4.0,1.0,6
3333,3,0.0,2.0,1.0,1,1,2.3978952727983707,1.0,3.6635616461296463,2.0,3.0,2.0,1.0,1
3335,3,0.0,0.0,1.0,1,1,0.6931471805599453,1.0,4.007333185232471,1.0,1.0,2.0,1.0,3
3337,3,0.0,0.0,1.0,1,1,2.5649493574615367,1.0,3.9889840465642745,8.0,6.0,2.0,1.0,3
3343,3,0.0,0.0,1.0,1,1,1.6094379124341003,1.0,3.332204510175204,8.0,3.0,4.0,1.0,2
3344,3,0.0,0.0,1.0,4,1,0.6931471805599453,1.0,3.1354942159291497,8.0,3.0,4.0,1.0,6
3346,3,0.0,0.0,1.0,1,1,1.9459101490553132,1.0,3.713572066704308,8.0,1.0,2.0,1.0,1
3350,3,0.0,0.0,1.0,1,1,2.302585092994046,1.0,3.871201010907891,8.0,1.0,4.0,1.0,7
3354,3,0.0,0.0,1.0,4,1,1.6094379124341003,1.0,3.4965075614664802,8.0,6.0,2.0,1.0,2
3355,3,0.0,0.0,2.0,1,7,0.6931471805599453,1.0,3.367295829986474,8.0,3.0,4.0,1.0,1
3357,3,0.0,3.0,1.0,4,1,1.0986122886681098,1.0,3.912023005428146,8.0,3.0,4.0,1.0,5
3358,3,0.0,3.0,1.0,4,1,1.0986122886681098,1.0,3.912023005428146,8.0,3.0,4.0,1.0,5
3359,3,0.0,1.0,1.0,4,1,2.70805020110221,1.0,3.8501476017100584,8.0,6.0,2.0,1.0,3
3362,3,0.0,0.0,1.0,4,1,0.6931471805599453,1.0,3.4657359027997265,8.0,6.0,4.0,1.0,5
3363,3,0.0,0.0,1.0,4,1,1.6094379124341003,1.0,3.5553480614894135,8.0,6.0,4.0,1.0,5
3365,3,0.0,1.0,2.0,1,5,2.1972245773362196,1.0,3.58351893845611,1.0,6.0,2.0,1.0,5
3366,2,0.0,0.0,1.0,4,1,2.0794415416798357,1.0,2.9444389791664403,8.0,6.0,2.0,1.0,6
3368,3,0.0,0.0,1.0,1,1,1.9459101490553132,1.0,3.4657359027997265,8.0,3.0,4.0,1.0,1
3371,3,0.0,0.0,1.0,4,1,1.791759469228055,1.0,3.828641396489095,1.0,3.0,4.0,1.0,5
3386,3,0.0,0.0,1.0,1,1,2.0794415416798357,2.0,3.6635616461296463,8.0,2.0,4.0,1.0,2
3389,3,0.0,0.0,1.0,1,1,1.0986122886681098,1.0,3.8501476017100584,2.0,3.0,4.0,1.0,5
3391,3,0.0,0.0,2.0,1,2,1.0986122886681098,1.0,3.8918202981106265,2.0,3.0,2.0,1.0,6
3395,3,0.0,0.0,1.0,1,1,0.6931471805599453,1.0,3.6375861597263857,8.0,3.0,4.0,1.0,3
3396,3,0.0,1.0,1.0,1,1,0.6931471805599453,1.0,3.6375861597263857,8.0,3.0,4.0,1.0,3
3397,3,4.0,0.0,1.0,1,1,2.302585092994046,1.0,3.8501476017100584,8.0,3.0,4.0,1.0,2
3407,3,0.0,0.0,1.0,1,1,2.0794415416798357,1.0,3.58351893845611,8.0,6.0,2.0,1.0,5
3409,3,0.0,0.0,1.0,1,1,1.3862943611198906,1.0,3.295836866004329,8.0,3.0,4.0,1.0,5
3414,3,0.0,0.0,1.0,4,1,1.791759469228055,2.0,3.258096538021482,1.0,3.0,4.0,1.0,1
3415,3,0.0,3.0,1.0,1,1,3.295836866004329,1.0,4.04305126783455,8.0,3.0,2.0,1.0,7
3418,3,0.0,0.0,1.0,1,1,1.0986122886681098,1.0,3.4965075614664802,8.0,7.0,2.0,1.0,3
3420,3,0.0,0.0,1.0,1,1,2.70805020110221,1.0,4.174387269895637,8.0,3.0,4.0,1.0,5
3427,3,0.0,4.0,1.0,1,1,1.3862943611198906,1.0,4.007333185232471,2.0,3.0,4.0,1.0,5
3435,3,0.0,3.0,1.0,1,1,1.3862943611198906,1.0,3.258096538021482,8.0,3.0,2.0,1.0,6
3437,3,0.0,0.0,1.0,1,1,1.791759469228055,1.0,3.4657359027997265,8.0,3.0,4.0,1.0,6
3439,3,0.0,0.0,1.0,4,1,1.791759469228055,1.0,3.044522437723423,8.0,6.0,4.0,1.0,3
3440,3,0.0,0.0,1.0,1,1,0.6931471805599453,1.0,3.9512437185814275,2.0,1.0,2.0,1.0,2
3442,3,0.0,0.0,1.0,1,1,1.0986122886681098,2.0,3.1354942159291497,8.0,6.0,2.0,1.0,3
3449,3,0.0,0.0,1.0,1,1,1.6094379124341003,1.0,3.367295829986474,1.0,6.0,2.0,1.0,4
3451,3,0.0,0.0,1.0,1,1,1.791759469228055,2.0,4.219507705176107,1.0,6.0,2.0,1.0,4
3455,3,0.0,0.0,2.0,1,2,0.6931471805599453,1.0,3.784189633918261,2.0,3.0,4.0,1.0,5
3461,3,0.0,0.0,1.0,4,1,2.4849066497880004,1.0,4.060443010546419,8.0,3.0,2.0,1.0,6
3462,3,0.0,0.0,1.0,1,1,1.0986122886681098,1.0,3.8918202981106265,2.0,3.0,4.0,1.0,7
3468,3,0.0,0.0,1.0,4,1,2.0794415416798357,1.0,3.6888794541139363,8.0,6.0,2.0,1.0,1
3472,3,0.0,0.0,1.0,4,1,1.791759469228055,1.0,2.995732273553991,2.0,6.0,2.0,1.0,2
3473,2,0.0,1.0,1.0,1,1,2.1972245773362196,1.0,3.5263605246161616,8.0,3.0,4.0,1.0,2
3482,3,0.0,0.0,1.0,1,1,1.9459101490553132,1.0,2.833213344056216,8.0,6.0,4.0,1.0,4
3484,3,0.0,0.0,1.0,1,1,1.3862943611198906,1.0,3.044522437723423,8.0,3.0,4.0,1.0,4
3488,3,0.0,0.0,1.0,4,1,2.6390573296152584,1.0,3.258096538021482,8.0,2.0,4.0,1.0,5
3491,3,0.0,0.0,1.0,1,1,1.791759469228055,1.0,3.258096538021482,8.0,3.0,4.0,1.0,5
3497,3,0.0,0.0,1.0,1,1,0.6931471805599453,1.0,3.970291913552122,1.0,3.0,2.0,1.0,1
3499,3,0.0,0.0,1.0,1,1,2.6390573296152584,1.0,3.4657359027997265,8.0,3.0,2.0,1.0,2
3503,3,0.0,3.0,1.0,1,1,1.0986122886681098,1.0,3.871201010907891,2.0,3.0,4.0,1.0,4
3512,3,0.0,0.0,1.0,1,1,1.0986122886681098,1.0,3.1780538303479458,8.0,2.0,4.0,1.0,6
3522,3,0.0,0.0,1.0,1,1,2.0794415416798357,1.0,3.4965075614664802,8.0,3.0,4.0,1.0,7
3523,3,0.0,0.0,1.0,1,1,0.6931471805599453,1.0,3.970291913552122,8.0,6.0,2.0,1.0,1
3537,3,0.0,0.0,1.0,1,1,1.0986122886681098,1.0,3.5553480614894135,8.0,3.0,4.0,1.0,7
3539,3,0.0,0.0,1.0,1,1,2.6390573296152584,1.0,3.332204510175204,1.0,6.0,4.0,1.0,6
3540,3,0.0,1.0,1.0,1,1,2.302585092994046,1.0,3.9512437185814275,8.0,3.0,4.0,1.0,6
3547,3,0.0,1.0,1.0,1,1,2.6390573296152584,2.0,3.6888794541139363,2.0,3.0,4.0,1.0,3
3548,3,0.0,0.0,1.0,1,1,1.0986122886681098,1.0,3.871201010907891,8.0,3.0,4.0,1.0,3
3551,3,0.0,0.0,1.0,1,1,2.0794415416798357,1.0,3.4339872044851463,1.0,3.0,4.0,1.0,3
3553,3,0.0,0.0,1.0,1,1,1.3862943611198906,1.0,3.295836866004329,2.0,6.0,2.0,1.0,4
3555,3,0.0,0.0,1.0,4,1,1.0986122886681098,1.0,3.091042453358316,8.0,1.0,4.0,1.0,5
3556,3,0.0,0.0,1.0,4,1,1.0986122886681098,1.0,3.091042453358316,8.0,1.0,4.0,1.0,5
3558,3,0.0,0.0,1.0,1,1,2.6390573296152584,1.0,3.4965075614664802,8.0,6.0,2.0,1.0,1
3560,2,0.0,2.0,1.0,1,1,1.0986122886681098,1.0,3.1780538303479458,2.0,6.0,4.0,1.0,5
3562,3,0.0,0.0,1.0,1,1,1.3862943611198906,1.0,4.04305126783455,2.0,3.0,4.0,1.0,7
3569,3,0.0,0.0,1.0,1,1,2.1972245773362196,2.0,3.1354942159291497,1.0,6.0,2.0,2.0,3
3572,3,0.0,0.0,1.0,4,1,1.6094379124341003,1.0,3.367295829986474,1.0,6.0,2.0,1.0,7
3574,3,0.0,0.0,1.0,1,1,1.3862943611198906,1.0,3.367295829986474,8.0,3.0,4.0,1.0,1
3583,3,0.0,0.0,1.0,1,1,2.9444389791664403,1.0,3.091042453358316,1.0,3.0,2.0,1.0,2
3587,3,0.0,0.0,1.0,1,1,0.6931471805599453,2.0,3.5553480614894135,8.0,3.0,4.0,1.0,1
3588,2,0.0,0.0,1.0,1,1,1.791759469228055,1.0,2.9444389791664403,1.0,3.0,2.0,2.0,4
3598,3,0.0,0.0,1.0,1,1,1.791759469228055,2.0,4.110873864173311,8.0,6.0,4.0,1.0,5
3599,3,0.0,0.0,1.0,1,1,1.791759469228055,2.0,4.110873864173311,8.0,6.0,4.0,1.0,5
3600,3,0.0,0.0,1.0,1,1,1.791759469228055,2.0,4.110873864173311,8.0,6.0,4.0,1.0,5
3601,3,0.0,0.0,1.0,1,1,1.791759469228055,1.0,3.4011973816621555,8.0,6.0,4.0,1.0,5
3602,3,0.0,4.0,1.0,1,1,1.9459101490553132,1.0,4.382026634673881,2.0,3.0,4.0,1.0,1
3611,3,0.0,0.0,1.0,4,1,1.0986122886681098,1.0,3.8918202981106265,1.0,3.0,4.0,1.0,3
3612,3,0.0,0.0,1.0,1,1,2.4849066497880004,1.0,3.6375861597263857,8.0,3.0,4.0,1.0,6
3614,3,0.0,0.0,1.0,1,1,2.6390573296152584,1.0,2.995732273553991,8.0,2.0,4.0,1.0,3
3615,3,0.0,0.0,1.0,1,1,2.6390573296152584,1.0,2.995732273553991,8.0,2.0,4.0,1.0,3
3618,2,0.0,0.0,1.0,1,1,1.791759469228055,1.0,3.8066624897703196,8.0,3.0,4.0,1.0,4
3620,3,0.0,0.0,1.0,4,1,2.5649493574615367,1.0,3.8501476017100584,8.0,6.0,2.0,1.0,4
3624,2,0.0,9.0,1.0,4,1,1.791759469228055,2.0,4.290459441148391,8.0,3.0,4.0,1.0,5
3627,3,0.0,0.0,1.0,4,1,2.833213344056216,1.0,4.02535169073515,8.0,3.0,4.0,1.0,7
3629,3,0.0,1.0,1.0,1,1,1.3862943611198906,1.0,3.091042453358316,8.0,6.0,2.0,1.0,2
3630,3,0.0,0.0,1.0,1,1,0.6931471805599453,1.0,3.4657359027997265,8.0,3.0,4.0,1.0,2
3654,3,0.0,0.0,1.0,1,1,1.3862943611198906,1.0,3.7612001156935624,8.0,3.0,4.0,1.0,5
3655,3,0.0,0.0,1.0,1,1,1.3862943611198906,1.0,3.7612001156935624,8.0,3.0,4.0,1.0,5
3656,3,0.0,0.0,1.0,1,1,1.3862943611198906,1.0,3.7612001156935624,8.0,3.0,4.0,1.0,5
3665,3,0.0,0.0,1.0,1,1,1.9459101490553132,1.0,3.8918202981106265,8.0,6.0,2.0,1.0,2
3677,3,0.0,0.0,1.0,1,1,2.0794415416798357,1.0,3.4339872044851463,8.0,6.0,4.0,1.0,5
3679,3,0.0,1.0,1.0,1,1,0.6931471805599453,1.0,3.332204510175204,8.0,3.0,2.0,1.0,6
3682,2,0.0,1.0,1.0,4,1,2.1972245773362196,1.0,4.127134385045092,8.0,3.0,4.0,1.0,6
3685,3,0.0,1.0,1.0,1,1,2.6390573296152584,1.0,3.332204510175204,8.0,6.0,4.0,1.0,7
3689,3,0.0,0.0,1.0,4,1,2.0794415416798357,1.0,3.044522437723423,8.0,6.0,2.0,1.0,3
3691,2,0.0,1.0,1.0,1,1,2.833213344056216,1.0,3.970291913552122,8.0,3.0,4.0,1.0,4
3696,3,0.0,1.0,2.0,1,2,1.6094379124341003,1.0,4.02535169073515,8.0,3.0,4.0,1.0,1
3698,3,0.0,0.0,1.0,1,1,1.3862943611198906,1.0,3.4965075614664802,8.0,3.0,2.0,1.0,5
3710,3,0.0,1.0,1.0,1,1,0.6931471805599453,1.0,3.6375861597263857,8.0,3.0,2.0,1.0,4
3713,3,0.0,0.0,1.0,4,1,2.5649493574615367,1.0,3.4011973816621555,8.0,3.0,4.0,1.0,3
3715,3,0.0,0.0,1.0,4,1,2.4849066497880004,1.0,3.713572066704308,8.0,3.0,2.0,2.0,4
3719,3,0.0,0.0,1.0,1,1,0.6931471805599453,2.0,3.6888794541139363,8.0,6.0,2.0,2.0,3
3736,2,0.0,1.0,1.0,1,1,2.1972245773362196,2.0,3.713572066704308,8.0,6.0,2.0,1.0,1
3748,3,0.0,0.0,1.0,4,1,2.8903717578961645,1.0,3.4965075614664802,1.0,6.0,2.0,1.0,3
3752,3,0.0,1.0,1.0,1,1,1.6094379124341003,1.0,3.912023005428146,8.0,6.0,2.0,1.0,6
3756,3,0.0,9.0,1.0,1,1,1.3862943611198906,1.0,4.330733340286331,1.0,3.0,4.0,1.0,2
3759,3,0.0,0.0,1.0,1,1,0.6931471805599453,1.0,3.1354942159291497,8.0,3.0,2.0,1.0,2
3765,3,0.0,0.0,1.0,1,1,1.6094379124341003,1.0,3.5553480614894135,8.0,6.0,2.0,1.0,3
3775,3,0.0,1.0,1.0,1,1,1.791759469228055,1.0,4.127134385045092,8.0,6.0,2.0,1.0,7
3776,3,0.0,0.0,1.0,1,1,2.302585092994046,1.0,3.713572066704308,8.0,3.0,4.0,1.0,7
3778,3,0.0,0.0,1.0,4,1,2.302585092994046,1.0,3.9318256327243257,8.0,6.0,4.0,1.0,2
3780,3,0.0,0.0,1.0,4,1,2.1972245773362196,1.0,3.044522437723423,8.0,6.0,2.0,1.0,1
3782,3,0.0,0.0,1.0,1,1,0.6931471805599453,1.0,3.332204510175204,8.0,3.0,2.0,1.0,2
3784,3,0.0,0.0,1.0,1,1,2.4849066497880004,1.0,3.713572066704308,8.0,1.0,4.0,1.0,2
3789,3,0.0,0.0,2.0,1,1,1.9459101490553132,1.0,3.4965075614664802,8.0,3.0,4.0,1.0,3
3800,3,0.0,1.0,1.0,4,1,1.0986122886681098,1.0,3.367295829986474,8.0,3.0,4.0,1.0,5
3803,3,0.0,0.0,1.0,4,1,1.6094379124341003,1.0,2.995732273553991,8.0,3.0,4.0,1.0,1
3804,3,0.0,0.0,1.0,4,1,1.6094379124341003,1.0,2.995732273553991,8.0,3.0,4.0,1.0,1
3808,3,0.0,0.0,1.0,4,1,2.5649493574615367,1.0,3.5263605246161616,1.0,3.0,4.0,1.0,4
3813,2,0.0,0.0,1.0,1,1,0.6931471805599453,1.0,3.4339872044851463,8.0,3.0,4.0,1.0,5
3814,3,0.0,0.0,2.0,1,2,2.302585092994046,1.0,3.295836866004329,8.0,3.0,4.0,1.0,2
3815,3,0.0,0.0,1.0,1,1,1.791759469228055,2.0,4.406719247264253,8.0,3.0,4.0,1.0,1
3827,3,0.0,0.0,1.0,4,1,1.791759469228055,1.0,3.713572066704308,8.0,6.0,4.0,1.0,2
3828,3,0.0,0.0,1.0,4,1,1.791759469228055,1.0,3.713572066704308,8.0,6.0,4.0,1.0,2
3836,3,0.0,0.0,1.0,4,1,2.3978952727983707,1.0,3.8918202981106265,8.0,3.0,4.0,1.0,4
3839,3,0.0,0.0,1.0,1,1,1.6094379124341003,1.0,3.1780538303479458,8.0,3.0,2.0,1.0,5
3841,3,0.0,0.0,1.0,1,1,2.6390573296152584,1.0,4.143134726391533,8.0,6.0,4.0,1.0,2
3843,2,0.0,0.0,1.0,1,1,2.4849066497880004,1.0,3.9512437185814275,8.0,3.0,4.0,1.0,3
3848,3,0.0,0.0,1.0,1,1,1.0986122886681098,1.0,3.9512437185814275,8.0,3.0,4.0,1.0,4
3855,3,0.0,0.0,1.0,4,1,1.791759469228055,1.0,2.8903717578961645,8.0,3.0,4.0,1.0,1
3858,3,0.0,0.0,1.0,4,1,2.1972245773362196,1.0,3.871201010907891,8.0,3.0,2.0,1.0,7
3860,3,0.0,0.0,1.0,1,1,1.791759469228055,1.0,3.1780538303479458,8.0,3.0,4.0,1.0,1
3865,3,0.0,1.0,2.0,1,2,0.6931471805599453,1.0,3.1354942159291497,8.0,3.0,2.0,1.0,2
3869,3,0.0,0.0,1.0,1,1,1.0986122886681098,1.0,3.4657359027997265,8.0,3.0,2.0,1.0,3
3881,3,0.0,0.0,1.0,1,1,2.70805020110221,1.0,3.2188758248682006,2.0,6.0,2.0,1.0,5
3885,3,0.0,0.0,1.0,1,1,0.6931471805599453,1.0,3.58351893845611,8.0,3.0,4.0,1.0,7
3891,3,0.0,9.0,1.0,1,1,2.6390573296152584,2.0,3.6375861597263857,8.0,3.0,4.0,1.0,6
3894,3,0.0,0.0,1.0,1,1,0.6931471805599453,1.0,3.784189633918261,8.0,6.0,2.0,1.0,2
3895,3,0.0,0.0,1.0,1,1,0.6931471805599453,1.0,3.784189633918261,8.0,6.0,2.0,1.0,2
3896,3,0.0,0.0,1.0,1,1,2.0794415416798357,2.0,4.04305126783455,8.0,6.0,2.0,1.0,2
3897,3,0.0,0.0,1.0,1,1,2.0794415416798357,2.0,4.04305126783455,8.0,6.0,2.0,1.0,2
3900,3,0.0,0.0,1.0,1,1,2.4849066497880004,1.0,3.091042453358316,8.0,6.0,4.0,1.0,3
3902,3,0.0,0.0,1.0,1,1,2.1972245773362196,1.0,3.295836866004329,8.0,3.0,2.0,2.0,5
3921,3,0.0,0.0,1.0,1,1,1.3862943611198906,1.0,4.1588830833596715,8.0,3.0,4.0,1.0,3
3922,3,0.0,0.0,1.0,1,1,0.6931471805599453,1.0,3.4339872044851463,8.0,3.0,4.0,1.0,3
3925,3,0.0,0.0,1.0,1,1,2.70805020110221,1.0,3.4657359027997265,8.0,6.0,2.0,1.0,5
3931,3,0.0,0.0,1.0,4,1,0.6931471805599453,1.0,3.5263605246161616,8.0,3.0,4.0,1.0,6
3935,3,0.0,0.0,1.0,1,1,3.295836866004329,1.0,3.6375861597263857,8.0,3.0,4.0,1.0,2
3939,3,0.0,0.0,1.0,4,1,0.6931471805599453,1.0,3.8918202981106265,8.0,6.0,4.0,1.0,3
3941,3,0.0,0.0,1.0,1,1,3.4657359027997265,1.0,3.9889840465642745,8.0,3.0,4.0,1.0,3
3948,3,0.0,0.0,1.0,1,1,2.6390573296152584,1.0,3.5553480614894135,8.0,3.0,2.0,1.0,4
3951,3,0.0,3.0,1.0,4,1,0.6931471805599453,1.0,3.295836866004329,8.0,3.0,4.0,1.0,4
3952,3,0.0,1.0,1.0,1,1,1.9459101490553132,1.0,3.828641396489095,8.0,3.0,4.0,1.0,4
3954,3,0.0,0.0,1.0,1,1,2.302585092994046,1.0,3.4657359027997265,8.0,3.0,4.0,1.0,6
3955,3,0.0,0.0,2.0,4,2,1.6094379124341003,1.0,4.189654742026425,8.0,6.0,2.0,1.0,4
3956,3,0.0,0.0,2.0,4,2,1.6094379124341003,1.0,4.189654742026425,8.0,6.0,2.0,1.0,4
3964,3,0.0,0.0,1.0,1,1,1.791759469228055,2.0,3.8918202981106265,8.0,6.0,2.0,1.0,6
3969,2,0.0,0.0,1.0,1,1,1.791759469228055,1.0,3.871201010907891,8.0,3.0,4.0,1.0,2
3971,3,0.0,0.0,1.0,1,1,0.6931471805599453,1.0,3.8501476017100584,8.0,3.0,4.0,1.0,7
3983,3,0.0,0.0,1.0,4,1,2.0794415416798357,1.0,3.6635616461296463,8.0,6.0,4.0,1.0,1
3986,3,0.0,0.0,1.0,1,1,0.6931471805599453,1.0,3.784189633918261,8.0,3.0,4.0,1.0,1
3988,3,0.0,0.0,1.0,4,1,0.6931471805599453,1.0,3.1780538303479458,8.0,6.0,2.0,1.0,5
3991,3,0.0,0.0,1.0,4,1,0.6931471805599453,1.0,3.367295829986474,8.0,6.0,2.0,1.0,2
3993,2,0.0,1.0,1.0,4,1,1.6094379124341003,1.0,3.970291913552122,8.0,3.0,2.0,1.0,7
3997,3,0.0,0.0,1.0,1,1,2.4849066497880004,1.0,3.258096538021482,8.0,1.0,2.0,1.0,2
4000,3,0.0,0.0,1.0,4,1,2.302585092994046,1.0,3.4965075614664802,8.0,6.0,2.0,1.0,7
4001,3,0.0,0.0,1.0,1,1,0.6931471805599453,1.0,3.4339872044851463,8.0,3.0,4.0,2.0,6
4004,3,0.0,0.0,1.0,4,1,1.3862943611198906,2.0,4.204692619390966,8.0,3.0,4.0,1.0,4
4009,3,0.0,0.0,1.0,4,1,2.1972245773362196,1.0,3.4657359027997265,8.0,3.0,2.0,1.0,6
4014,2,0.0,3.0,1.0,4,1,2.1972245773362196,1.0,3.6109179126442243,8.0,3.0,4.0,1.0,1
4017,3,0.0,0.0,1.0,4,1,2.1972245773362196,1.0,3.4965075614664802,8.0,3.0,4.0,1.0,6
4018,3,0.0,0.0,1.0,4,1,2.1972245773362196,1.0,3.4965075614664802,8.0,3.0,4.0,1.0,6
4022,3,0.0,3.0,1.0,1,1,1.0986122886681098,1.0,3.091042453358316,8.0,3.0,4.0,1.0,6
4024,3,0.0,0.0,2.0,4,1,2.0794415416798357,1.0,3.4657359027997265,8.0,6.0,4.0,1.0,7
4028,3,0.0,9.0,1.0,1,1,0.6931471805599453,1.0,3.828641396489095,8.0,3.0,4.0,1.0,2
4029,3,0.0,0.0,1.0,4,1,1.9459101490553132,1.0,3.6888794541139363,8.0,6.0,2.0,1.0,4
4032,3,0.0,1.0,1.0,1,1,1.9459101490553132,1.0,3.9512437185814275,8.0,6.0,4.0,1.0,6
4038,3,0.0,0.0,1.0,4,1,2.1972245773362196,1.0,3.1780538303479458,8.0,6.0,2.0,1.0,7
4056,3,0.0,1.0,1.0,1,1,2.5649493574615367,1.0,4.189654742026425,8.0,3.0,4.0,1.0,6
4057,3,0.0,0.0,2.0,1,5,2.3978952727983707,1.0,3.7376696182833684,8.0,3.0,4.0,1.0,7
4060,3,0.0,0.0,1.0,4,1,2.0794415416798357,1.0,3.784189633918261,8.0,3.0,4.0,1.0,7
4061,3,0.0,0.0,1.0,1,1,2.4849066497880004,1.0,3.871201010907891,8.0,3.0,4.0,1.0,7
4062,3,0.0,0.0,2.0,1,2,2.6390573296152584,1.0,3.8501476017100584,1.0,1.0,4.0,1.0,6
4067,3,0.0,0.0,1.0,1,1,1.0986122886681098,1.0,3.970291913552122,8.0,3.0,4.0,1.0,2
4070,3,0.0,1.0,1.0,1,1,1.3862943611198906,1.0,3.912023005428146,8.0,3.0,4.0,1.0,3
4071,3,0.0,0.0,1.0,1,1,1.3862943611198906,1.0,3.6635616461296463,8.0,3.0,4.0,1.0,4
4074,3,0.0,0.0,1.0,4,1,1.9459101490553132,1.0,3.091042453358316,1.0,3.0,4.0,1.0,1
4077,3,0.0,0.0,2.0,1,5,1.3862943611198906,1.0,3.332204510175204,2.0,6.0,4.0,1.0,6
4082,3,0.0,0.0,1.0,4,1,1.3862943611198906,1.0,3.828641396489095,8.0,3.0,4.0,1.0,2
4088,3,0.0,0.0,2.0,4,8,1.6094379124341003,1.0,3.367295829986474,8.0,3.0,2.0,1.0,4
4089,3,0.0,0.0,2.0,4,8,1.9459101490553132,1.0,3.4011973816621555,8.0,3.0,2.0,1.0,4
4090,3,0.0,0.0,2.0,4,1,1.0986122886681098,1.0,3.7376696182833684,8.0,3.0,4.0,1.0,4
4095,3,0.0,1.0,1.0,1,1,1.3862943611198906,1.0,3.8066624897703196,8.0,3.0,4.0,1.0,5
4096,3,0.0,1.0,1.0,1,1,1.3862943611198906,1.0,3.8066624897703196,8.0,3.0,4.0,1.0,5
4106,3,0.0,0.0,1.0,6,1,1.0986122886681098,1.0,3.7376696182833684,8.0,3.0,4.0,1.0,7
4109,3,0.0,0.0,1.0,1,1,0.6931471805599453,1.0,3.1780538303479458,8.0,3.0,4.0,1.0,6
4114,3,0.0,0.0,1.0,4,1,2.0794415416798357,1.0,3.8501476017100584,8.0,6.0,4.0,1.0,3
4118,3,0.0,0.0,1.0,7,1,2.3978952727983707,1.0,3.6635616461296463,8.0,6.0,2.0,1.0,5
4120,3,0.0,0.0,2.0,4,2,0.6931471805599453,1.0,4.0943445622221,8.0,6.0,4.0,1.0,1
4124,3,0.0,3.0,2.0,4,8,2.3978952727983707,1.0,3.9889840465642745,1.0,3.0,2.0,1.0,7
4128,3,0.0,0.0,2.0,4,2,2.4849066497880004,1.0,3.1780538303479458,8.0,3.0,4.0,1.0,2
4130,3,0.0,0.0,1.0,1,1,1.6094379124341003,1.0,3.9889840465642745,8.0,6.0,2.0,1.0,3
4131,3,0.0,2.0,1.0,1,1,2.302585092994046,1.0,4.143134726391533,8.0,6.0,2.0,1.0,3
4132,3,0.0,0.0,1.0,4,1,2.302585092994046,1.0,3.784189633918261,8.0,8.0,4.0,1.0,5
4133,3,0.0,0.0,1.0,4,1,1.3862943611198906,1.0,3.58351893845611,8.0,8.0,4.0,1.0,5
4136,3,0.0,0.0,2.0,4,2,1.3862943611198906,1.0,3.912023005428146,8.0,3.0,4.0,1.0,5