accident_severity,special_conditions_at_site,pedestrian_movement,road_surface_conditions,light_conditions,weather_conditions,age_of_vehicle,sex_of_driver,age_of_driver,junction_location,junction_detail,junction_control,did_police_officer_attend_scene_of_accident,day_of_week
5015,3,0.0,0.0,1.0,1,1,2.0794415416798357,1.0,3.8501476017100584,1.0,3.0,2.0,1.0,2
5020,3,0.0,3.0,1.0,1,1,1.3862943611198906,1.0,3.9889840465642745,2.0,6.0,2.0,1.0,2
5022,3,0.0,0.0,1.0,4,1,1.0986122886681098,1.0,3.5263605246161616,1.0,6.0,2.0,1.0,2
5024,3,0.0,3.0,1.0,1,1,0.6931471805599453,2.0,4.248495242049359,2.0,6.0,2.0,1.0,2
5026,3,0.0,0.0,1.0,1,1,0.6931471805599453,2.0,3.5553480614894135,8.0,3.0,2.0,1.0,3
5028,3,0.0,1.0,1.0,1,1,0.6931471805599453,1.0,3.912023005428146,1.0,6.0,2.0,1.0,3
5035,2,0.0,1.0,1.0,4,1,1.0986122886681098,1.0,4.02535169073515,1.0,3.0,4.0,1.0,1
5040,3,0.0,0.0,2.0,4,1,2.833213344056216,1.0,4.1588830833596715,8.0,3.0,4.0,1.0,6
5041,3,0.0,0.0,2.0,4,1,2.833213344056216,1.0,4.1588830833596715,8.0,3.0,4.0,1.0,6
5044,3,0.0,0.0,1.0,4,1,1.791759469228055,1.0,3.2188758248682006,8.0,6.0,2.0,1.0,5
5046,3,0.0,0.0,1.0,1,1,2.4849066497880004,1.0,4.02535169073515,1.0,6.0,4.0,1.0,6
5047,3,0.0,0.0,1.0,1,1,2.4849066497880004,1.0,4.02535169073515,1.0,6.0,4.0,1.0,6
5051,3,0.0,0.0,1.0,4,1,2.3978952727983707,2.0,3.6888794541139363,2.0,3.0,2.0,1.0,6
5052,3,0.0,0.0,1.0,1,1,1.6094379124341003,1.0,3.6109179126442243,8.0,1.0,4.0,1.0,7
5053,3,0.0,0.0,1.0,1,1,2.1972245773362196,1.0,3.7612001156935624,8.0,1.0,4.0,1.0,7
5063,3,0.0,0.0,1.0,1,1,1.791759469228055,1.0,3.4011973816621555,2.0,3.0,4.0,1.0,2
5065,3,0.0,0.0,1.0,1,1,1.791759469228055,1.0,3.6888794541139363,8.0,3.0,4.0,1.0,2
5072,3,0.0,0.0,1.0,1,1,1.0986122886681098,1.0,3.9512437185814275,8.0,6.0,2.0,1.0,3
5074,3,0.0,0.0,1.0,1,1,2.4849066497880004,1.0,3.828641396489095,8.0,3.0,4.0,1.0,3
5075,3,0.0,3.0,1.0,1,1,2.3978952727983707,1.0,3.912023005428146,8.0,3.0,4.0,1.0,4
5076,3,0.0,1.0,1.0,4,1,2.0794415416798357,1.0,3.8066624897703196,8.0,3.0,4.0,1.0,5
5093,2,0.0,1.0,1.0,1,8,0.6931471805599453,1.0,2.995732273553991,8.0,7.0,2.0,1.0,6
5100,3,0.0,1.0,1.0,1,1,2.302585092994046,1.0,3.7612001156935624,8.0,6.0,2.0,1.0,7
5104,3,0.0,0.0,1.0,4,1,1.6094379124341003,1.0,3.5553480614894135,8.0,6.0,4.0,1.0,1
5106,3,0.0,0.0,1.0,4,1,1.791759469228055,1.0,3.367295829986474,8.0,6.0,4.0,1.0,1
5107,3,0.0,0.0,1.0,4,1,1.791759469228055,1.0,3.367295829986474,8.0,6.0,4.0,1.0,1
5109,3,0.0,1.0,1.0,1,1,2.5649493574615367,1.0,3.871201010907891,8.0,3.0,4.0,1.0,2
5110,3,0.0,0.0,1.0,1,1,2.6390573296152584,1.0,3.4657359027997265,1.0,3.0,2.0,2.0,5
5113,3,0.0,0.0,1.0,1,1,2.6390573296152584,1.0,2.9444389791664403,1.0,6.0,2.0,1.0,2
5114,3,0.0,0.0,1.0,4,1,1.3862943611198906,1.0,4.02535169073515,8.0,3.0,2.0,1.0,3
5117,3,0.0,0.0,1.0,4,1,2.1972245773362196,2.0,3.5263605246161616,8.0,3.0,4.0,2.0,3
5119,2,0.0,0.0,1.0,1,1,2.0794415416798357,1.0,3.6375861597263857,8.0,6.0,2.0,1.0,3
5122,3,0.0,0.0,1.0,1,1,0.6931471805599453,1.0,2.9444389791664403,8.0,6.0,2.0,1.0,3
5124,3,0.0,1.0,1.0,1,1,1.9459101490553132,1.0,4.04305126783455,8.0,6.0,2.0,1.0,4
5125,3,0.0,0.0,1.0,1,1,1.6094379124341003,1.0,3.871201010907891,8.0,1.0,4.0,1.0,4
5126,3,0.0,3.0,1.0,1,1,2.5649493574615367,1.0,4.04305126783455,8.0,3.0,4.0,1.0,4
5139,3,0.0,0.0,1.0,1,1,1.0986122886681098,2.0,3.8501476017100584,8.0,3.0,4.0,1.0,6
5140,3,0.0,0.0,1.0,1,1,1.3862943611198906,1.0,3.332204510175204,8.0,3.0,2.0,1.0,6
5148,3,0.0,0.0,1.0,1,1,1.3862943611198906,1.0,3.828641396489095,8.0,3.0,2.0,1.0,7
5152,3,0.0,0.0,1.0,1,1,0.6931471805599453,1.0,3.4011973816621555,8.0,6.0,2.0,1.0,7
5157,3,0.0,0.0,1.0,1,1,2.0794415416798357,1.0,4.290459441148391,8.0,3.0,4.0,1.0,1
5162,3,0.0,3.0,1.0,1,1,2.4849066497880004,2.0,3.6375861597263857,8.0,6.0,4.0,1.0,2
5180,3,0.0,0.0,1.0,4,1,2.1972245773362196,1.0,4.189654742026425,8.0,6.0,4.0,1.0,6
5182,3,0.0,1.0,1.0,1,1,0.6931471805599453,1.0,4.007333185232471,1.0,3.0,4.0,2.0,5
5184,3,0.0,0.0,1.0,4,1,1.791759469228055,1.0,4.174387269895637,1.0,7.0,2.0,1.0,6
5187,3,0.0,0.0,1.0,1,1,1.9459101490553132,1.0,4.04305126783455,1.0,6.0,4.0,1.0,7
5189,3,0.0,0.0,1.0,1,1,2.833213344056216,1.0,4.276666119016055,1.0,6.0,2.0,1.0,7
5192,3,0.0,0.0,1.0,1,1,2.3978952727983707,2.0,3.5263605246161616,1.0,3.0,4.0,1.0,7
5193,3,0.0,0.0,1.0,1,1,2.0794415416798357,1.0,4.0943445622221,1.0,3.0,4.0,1.0,7
5196,3,0.0,0.0,2.0,4,1,1.6094379124341003,1.0,3.4011973816621555,8.0,6.0,2.0,1.0,1
5201,3,0.0,2.0,1.0,1,1,2.70805020110221,1.0,3.7376696182833684,1.0,6.0,4.0,1.0,2
5210,3,0.0,0.0,1.0,1,1,1.791759469228055,1.0,3.970291913552122,8.0,3.0,2.0,2.0,4
5211,3,0.0,0.0,1.0,1,1,1.791759469228055,1.0,3.970291913552122,8.0,3.0,2.0,2.0,4
5213,2,0.0,1.0,1.0,1,1,1.9459101490553132,1.0,3.9889840465642745,8.0,6.0,2.0,1.0,5
5218,3,0.0,0.0,1.0,4,1,1.0986122886681098,1.0,3.8501476017100584,8.0,3.0,2.0,1.0,7
5220,3,0.0,0.0,1.0,1,1,2.6390573296152584,1.0,4.1588830833596715,8.0,6.0,4.0,1.0,7
5224,3,0.0,0.0,1.0,1,1,2.4849066497880004,1.0,4.248495242049359,1.0,6.0,2.0,1.0,3
5228,3,4.0,0.0,1.0,1,1,2.1972245773362196,2.0,3.7376696182833684,8.0,3.0,4.0,2.0,6
5234,3,0.0,0.0,1.0,1,1,1.3862943611198906,1.0,3.6635616461296463,8.0,3.0,2.0,1.0,3
5236,3,0.0,0.0,1.0,1,1,2.6390573296152584,1.0,3.6888794541139363,1.0,3.0,2.0,1.0,3
5239,3,0.0,9.0,1.0,1,1,1.6094379124341003,1.0,3.5553480614894135,2.0,3.0,4.0,1.0,3
5243,3,0.0,0.0,1.0,1,1,1.0986122886681098,1.0,3.4339872044851463,8.0,6.0,2.0,2.0,2
5250,3,0.0,0.0,1.0,4,1,0.6931471805599453,1.0,3.044522437723423,8.0,3.0,2.0,1.0,5
5257,3,0.0,0.0,1.0,4,1,1.0986122886681098,1.0,3.713572066704308,8.0,6.0,2.0,1.0,7
5258,3,0.0,0.0,1.0,4,1,1.0986122886681098,1.0,3.713572066704308,8.0,6.0,2.0,1.0,7
5260,3,0.0,0.0,1.0,1,1,2.70805020110221,1.0,3.871201010907891,8.0,6.0,2.0,1.0,1
5261,3,0.0,0.0,1.0,1,1,2.0794415416798357,1.0,3.8066624897703196,8.0,6.0,2.0,1.0,1
5273,3,0.0,1.0,1.0,1,1,1.0986122886681098,1.0,3.8066624897703196,2.0,6.0,2.0,1.0,2
5275,3,0.0,0.0,1.0,1,1,1.0986122886681098,1.0,3.713572066704308,8.0,3.0,2.0,1.0,2
5279,3,0.0,1.0,1.0,1,1,2.70805020110221,1.0,3.9889840465642745,8.0,6.0,4.0,1.0,3
5280,3,0.0,0.0,1.0,1,1,0.6931471805599453,1.0,4.07753744390572,2.0,6.0,2.0,1.0,3
5286,2,0.0,1.0,1.0,4,1,3.1354942159291497,1.0,4.406719247264253,2.0,3.0,4.0,1.0,3
5290,3,0.0,0.0,1.0,1,1,1.9459101490553132,1.0,3.1354942159291497,8.0,6.0,4.0,1.0,4
5291,3,0.0,0.0,1.0,1,1,2.772588722239781,2.0,3.091042453358316,1.0,6.0,4.0,1.0,4
5293,3,0.0,0.0,1.0,4,1,2.70805020110221,2.0,3.713572066704308,8.0,6.0,2.0,1.0,4
5294,3,0.0,0.0,1.0,4,1,2.70805020110221,2.0,3.713572066704308,8.0,6.0,2.0,1.0,4
5296,3,0.0,9.0,1.0,4,1,2.3978952727983707,1.0,3.6635616461296463,8.0,7.0,2.0,1.0,2
5297,3,1.0,0.0,2.0,1,2,2.1972245773362196,1.0,3.7376696182833684,8.0,1.0,2.0,1.0,7
5298,3,1.0,0.0,2.0,1,2,1.6094379124341003,1.0,3.970291913552122,8.0,1.0,2.0,1.0,7
5300,3,0.0,1.0,1.0,4,1,1.9459101490553132,1.0,3.4339872044851463,8.0,3.0,4.0,1.0,6
5303,3,0.0,1.0,2.0,1,2,1.791759469228055,1.0,3.4011973816621555,8.0,6.0,2.0,1.0,7
5304,3,0.0,0.0,1.0,4,1,1.791759469228055,1.0,4.1588830833596715,8.0,3.0,2.0,1.0,2
5306,3,0.0,0.0,2.0,1,2,2.0794415416798357,1.0,3.1780538303479458,8.0,9.0,2.0,1.0,3
5312,3,0.0,0.0,1.0,1,1,2.6390573296152584,2.0,3.912023005428146,8.0,6.0,2.0,1.0,7
5313,3,0.0,0.0,1.0,1,1,2.6390573296152584,2.0,3.912023005428146,8.0,6.0,2.0,1.0,7
5319,3,0.0,0.0,2.0,4,1,1.9459101490553132,1.0,3.912023005428146,8.0,3.0,2.0,1.0,7
5322,3,0.0,1.0,1.0,1,1,1.6094379124341003,1.0,3.713572066704308,8.0,6.0,2.0,1.0,4
5328,3,0.0,0.0,1.0,4,1,0.6931471805599453,1.0,3.9512437185814275,8.0,7.0,2.0,1.0,1
5329,3,0.0,0.0,1.0,4,1,0.6931471805599453,1.0,3.9512437185814275,8.0,7.0,2.0,1.0,1
5330,3,0.0,0.0,1.0,4,1,0.6931471805599453,1.0,3.9512437185814275,8.0,7.0,2.0,1.0,1
5333,3,0.0,1.0,2.0,1,5,2.1972245773362196,1.0,3.6375861597263857,8.0,1.0,2.0,1.0,7
5334,3,0.0,0.0,1.0,4,1,1.791759469228055,1.0,3.2188758248682006,8.0,7.0,2.0,1.0,3
5341,3,0.0,3.0,1.0,1,9,2.833213344056216,1.0,4.356708826689592,8.0,6.0,2.0,1.0,6
5342,2,0.0,0.0,2.0,1,1,1.0986122886681098,1.0,3.784189633918261,8.0,6.0,2.0,1.0,5
5348,3,0.0,0.0,1.0,4,1,2.0794415416798357,1.0,3.4011973816621555,8.0,3.0,4.0,1.0,1
5349,3,0.0,0.0,1.0,4,1,2.0794415416798357,1.0,3.4011973816621555,8.0,3.0,4.0,1.0,1
5351,3,0.0,0.0,1.0,4,1,1.791759469228055,1.0,2.9444389791664403,8.0,6.0,2.0,1.0,1
5355,3,0.0,3.0,1.0,4,1,2.5649493574615367,1.0,3.4011973816621555,8.0,6.0,4.0,1.0,7
5357,3,0.0,0.0,1.0,1,1,1.9459101490553132,2.0,3.6635616461296463,8.0,6.0,2.0,1.0,7
5358,3,0.0,0.0,1.0,1,1,2.1972245773362196,1.0,3.1780538303479458,8.0,3.0,4.0,1.0,7
5367,3,0.0,0.0,1.0,1,1,0.6931471805599453,2.0,4.04305126783455,2.0,3.0,4.0,1.0,7
5368,3,0.0,0.0,1.0,1,1,1.0986122886681098,2.0,3.4339872044851463,2.0,3.0,4.0,1.0,7
5371,2,0.0,0.0,1.0,1,1,1.3862943611198906,1.0,3.295836866004329,8.0,8.0,4.0,1.0,5
5372,3,0.0,0.0,1.0,4,1,2.1972245773362196,2.0,3.4339872044851463,8.0,6.0,2.0,1.0,5
5374,3,0.0,9.0,1.0,4,1,2.302585092994046,1.0,4.276666119016055,8.0,3.0,2.0,1.0,6
5376,3,0.0,0.0,1.0,1,1,2.1972245773362196,2.0,3.4339872044851463,8.0,3.0,4.0,1.0,7
5378,3,0.0,0.0,1.0,4,1,1.6094379124341003,1.0,3.044522437723423,8.0,6.0,2.0,1.0,6
5385,3,0.0,9.0,1.0,1,1,1.6094379124341003,1.0,3.4339872044851463,1.0,3.0,4.0,1.0,6
5388,3,0.0,0.0,1.0,1,1,1.6094379124341003,1.0,3.295836866004329,8.0,1.0,4.0,2.0,2
5390,3,0.0,0.0,1.0,1,1,3.044522437723423,1.0,3.367295829986474,8.0,3.0,2.0,1.0,4
5394,3,0.0,0.0,1.0,1,1,2.5649493574615367,1.0,3.295836866004329,8.0,1.0,4.0,1.0,6
5395,3,0.0,0.0,1.0,1,1,2.5649493574615367,1.0,3.295836866004329,8.0,1.0,4.0,1.0,6
5402,3,0.0,0.0,1.0,1,1,2.3978952727983707,2.0,3.912023005428146,8.0,6.0,2.0,1.0,4
5407,3,0.0,1.0,1.0,1,1,1.9459101490553132,1.0,3.8918202981106265,8.0,3.0,4.0,1.0,3
5410,3,0.0,0.0,1.0,1,1,2.70805020110221,1.0,4.0943445622221,8.0,1.0,4.0,1.0,3
5424,3,0.0,0.0,1.0,1,1,1.0986122886681098,1.0,3.4657359027997265,8.0,3.0,4.0,1.0,5
5436,3,0.0,1.0,2.0,4,2,1.0986122886681098,2.0,4.110873864173311,2.0,3.0,2.0,1.0,7
5440,3,0.0,0.0,1.0,1,1,0.6931471805599453,1.0,2.995732273553991,8.0,2.0,4.0,1.0,2
5445,3,0.0,1.0,1.0,1,1,2.302585092994046,1.0,3.9889840465642745,8.0,3.0,4.0,1.0,2
5451,3,0.0,1.0,1.0,1,1,2.0794415416798357,1.0,3.7376696182833684,8.0,6.0,2.0,1.0,3
5458,3,0.0,3.0,1.0,1,1,1.6094379124341003,1.0,3.8918202981106265,8.0,6.0,2.0,1.0,4
5460,3,0.0,1.0,1.0,4,1,2.1972245773362196,1.0,4.127134385045092,8.0,3.0,4.0,1.0,4
5467,3,0.0,0.0,1.0,1,1,0.6931471805599453,1.0,4.143134726391533,8.0,6.0,2.0,1.0,6
5469,3,0.0,0.0,1.0,1,1,0.6931471805599453,1.0,3.7376696182833684,8.0,3.0,4.0,1.0,5
5471,3,0.0,1.0,1.0,1,1,2.6390573296152584,1.0,4.04305126783455,8.0,3.0,4.0,1.0,5
5476,3,0.0,0.0,1.0,1,1,1.0986122886681098,1.0,3.4965075614664802,8.0,6.0,4.0,1.0,5
5483,3,0.0,0.0,1.0,4,1,2.0794415416798357,1.0,3.4657359027997265,1.0,3.0,2.0,1.0,6
5485,3,0.0,0.0,1.0,1,1,1.791759469228055,1.0,3.58351893845611,8.0,6.0,4.0,1.0,2
5490,3,0.0,0.0,1.0,1,1,0.6931471805599453,1.0,3.1354942159291497,8.0,6.0,4.0,1.0,6
5494,3,0.0,0.0,1.0,1,1,1.9459101490553132,2.0,3.6109179126442243,8.0,6.0,4.0,1.0,1
5497,3,0.0,0.0,1.0,1,1,0.6931471805599453,1.0,3.6375861597263857,8.0,3.0,4.0,1.0,1
5503,3,0.0,0.0,1.0,1,1,0.6931471805599453,1.0,4.23410650459726,8.0,6.0,2.0,1.0,5
5504,3,0.0,0.0,1.0,1,1,0.6931471805599453,1.0,4.23410650459726,8.0,6.0,2.0,1.0,5
5505,3,0.0,0.0,1.0,1,1,0.6931471805599453,1.0,4.23410650459726,8.0,6.0,2.0,1.0,5
5506,3,0.0,0.0,1.0,1,1,2.302585092994046,1.0,3.58351893845611,8.0,3.0,4.0,1.0,7
5510,3,0.0,0.0,1.0,1,1,1.9459101490553132,1.0,3.6635616461296463,2.0,3.0,4.0,1.0,2
5511,3,0.0,0.0,1.0,1,1,1.9459101490553132,1.0,3.6635616461296463,2.0,3.0,4.0,1.0,2
5512,3,0.0,0.0,1.0,1,1,1.9459101490553132,1.0,3.6635616461296463,2.0,3.0,4.0,1.0,2
5513,3,0.0,0.0,1.0,1,1,1.9459101490553132,1.0,3.6635616461296463,2.0,3.0,4.0,1.0,2
5514,3,0.0,0.0,1.0,1,1,0.6931471805599453,1.0,3.4657359027997265,8.0,3.0,4.0,1.0,2
5516,3,0.0,0.0,2.0,1,1,2.6390573296152584,1.0,3.5263605246161616,8.0,3.0,4.0,1.0,4
5517,3,0.0,0.0,1.0,4,1,2.0794415416798357,1.0,3.58351893845611,8.0,6.0,2.0,1.0,3
5521,3,0.0,0.0,1.0,1,1,2.0794415416798357,1.0,3.7376696182833684,8.0,3.0,4.0,1.0,4
5529,3,0.0,0.0,1.0,4,1,1.9459101490553132,1.0,3.367295829986474,8.0,3.0,4.0,1.0,4
5530,3,0.0,0.0,1.0,1,1,1.0986122886681098,1.0,3.6635616461296463,8.0,3.0,4.0,2.0,3
5532,3,0.0,0.0,1.0,1,1,0.6931471805599453,1.0,4.174387269895637,2.0,3.0,4.0,1.0,5
5533,3,0.0,1.0,1.0,1,1,2.6390573296152584,1.0,3.9318256327243257,8.0,6.0,2.0,1.0,5
5535,3,0.0,0.0,1.0,1,1,1.9459101490553132,2.0,3.367295829986474,8.0,6.0,2.0,1.0,5
5537,3,0.0,0.0,1.0,1,1,1.9459101490553132,1.0,3.9889840465642745,8.0,6.0,4.0,1.0,5
5540,3,0.0,0.0,1.0,1,1,1.6094379124341003,1.0,3.4011973816621555,8.0,6.0,4.0,1.0,1
5542,3,0.0,0.0,1.0,1,1,1.3862943611198906,1.0,3.044522437723423,1.0,3.0,4.0,1.0,1
5544,3,0.0,1.0,1.0,1,1,1.791759469228055,1.0,4.30406509320417,2.0,3.0,2.0,1.0,1
5545,3,0.0,0.0,1.0,1,1,1.3862943611198906,1.0,3.58351893845611,8.0,3.0,2.0,1.0,7
5550,3,0.0,3.0,1.0,1,1,1.3862943611198906,1.0,3.9318256327243257,8.0,3.0,2.0,1.0,6
5553,3,0.0,0.0,1.0,1,1,1.3862943611198906,1.0,3.4339872044851463,8.0,6.0,2.0,2.0,5
5560,3,0.0,1.0,1.0,1,1,1.6094379124341003,1.0,3.8066624897703196,8.0,6.0,2.0,1.0,2
5563,3,0.0,1.0,1.0,1,1,2.6390573296152584,1.0,3.8918202981106265,8.0,3.0,4.0,1.0,2
5564,3,0.0,0.0,1.0,1,1,1.3862943611198906,1.0,3.4339872044851463,8.0,1.0,4.0,1.0,2
5566,3,0.0,0.0,1.0,1,1,1.6094379124341003,1.0,3.4657359027997265,8.0,3.0,4.0,1.0,2
5581,3,0.0,0.0,1.0,1,1,2.772588722239781,1.0,3.970291913552122,8.0,3.0,4.0,1.0,5
5586,3,4.0,0.0,1.0,1,1,0.6931471805599453,2.0,3.7376696182833684,1.0,3.0,2.0,1.0,6
5587,3,0.0,0.0,1.0,1,1,2.5649493574615367,1.0,4.248495242049359,8.0,3.0,4.0,1.0,5
5592,3,0.0,0.0,1.0,4,1,0.6931471805599453,1.0,3.258096538021482,8.0,6.0,2.0,1.0,1
5594,3,0.0,3.0,1.0,4,1,0.6931471805599453,1.0,3.4657359027997265,8.0,3.0,2.0,1.0,1
5595,3,0.0,1.0,1.0,1,1,1.6094379124341003,1.0,3.367295829986474,2.0,6.0,2.0,1.0,5
5601,3,0.0,0.0,1.0,1,1,2.1972245773362196,1.0,3.713572066704308,8.0,6.0,4.0,2.0,3
5616,3,0.0,0.0,1.0,1,1,2.0794415416798357,1.0,3.4339872044851463,8.0,6.0,2.0,1.0,3
5623,3,0.0,0.0,1.0,1,1,1.0986122886681098,1.0,4.127134385045092,1.0,3.0,4.0,2.0,1
5627,3,0.0,2.0,1.0,4,1,1.791759469228055,1.0,3.367295829986474,8.0,3.0,4.0,1.0,5
5628,2,0.0,0.0,1.0,1,1,2.772588722239781,2.0,3.58351893845611,1.0,6.0,4.0,1.0,5
5629,2,0.0,2.0,1.0,1,1,2.772588722239781,2.0,3.58351893845611,1.0,6.0,4.0,1.0,5
5631,3,0.0,0.0,1.0,1,1,2.772588722239781,1.0,3.5553480614894135,8.0,6.0,2.0,1.0,5
5633,3,0.0,3.0,1.0,1,1,1.0986122886681098,1.0,3.6888794541139363,8.0,6.0,2.0,1.0,5
5639,3,0.0,0.0,1.0,1,1,1.0986122886681098,1.0,3.912023005428146,8.0,3.0,4.0,1.0,6
5641,3,0.0,0.0,1.0,4,1,3.828641396489095,1.0,3.044522437723423,8.0,6.0,2.0,1.0,2
5642,3,0.0,0.0,1.0,4,1,2.5649493574615367,1.0,3.044522437723423,8.0,6.0,2.0,1.0,2
5643,3,0.0,0.0,1.0,4,1,2.5649493574615367,1.0,3.044522437723423,8.0,6.0,2.0,1.0,2
5646,3,0.0,0.0,1.0,1,1,1.0986122886681098,1.0,3.6375861597263857,8.0,1.0,4.0,1.0,7
5647,3,0.0,0.0,1.0,1,1,2.0794415416798357,1.0,3.7376696182833684,8.0,6.0,2.0,1.0,7
5651,3,0.0,0.0,1.0,1,1,1.6094379124341003,1.0,3.713572066704308,8.0,6.0,2.0,1.0,2
5652,3,0.0,1.0,1.0,1,1,1.6094379124341003,1.0,3.713572066704308,8.0,6.0,2.0,1.0,2
5654,3,0.0,0.0,1.0,1,1,1.791759469228055,1.0,3.4339872044851463,8.0,6.0,2.0,1.0,1
5661,3,0.0,0.0,1.0,4,1,0.6931471805599453,1.0,3.091042453358316,8.0,3.0,4.0,1.0,3
5664,3,0.0,0.0,1.0,1,1,2.4849066497880004,2.0,3.258096538021482,8.0,6.0,2.0,1.0,3
5665,3,0.0,0.0,1.0,1,1,2.4849066497880004,2.0,3.258096538021482,8.0,6.0,2.0,1.0,3
5666,3,0.0,0.0,1.0,1,1,2.4849066497880004,2.0,3.258096538021482,8.0,6.0,2.0,1.0,3
5670,3,0.0,0.0,1.0,4,1,1.791759469228055,1.0,3.1780538303479458,8.0,3.0,4.0,1.0,1
5674,3,0.0,0.0,1.0,1,1,0.6931471805599453,1.0,4.189654742026425,8.0,6.0,2.0,1.0,4
5676,3,0.0,0.0,1.0,1,1,1.3862943611198906,1.0,3.4011973816621555,8.0,6.0,2.0,1.0,4
5703,3,0.0,0.0,1.0,1,1,0.6931471805599453,1.0,3.8066624897703196,2.0,3.0,4.0,1.0,7
5706,2,0.0,0.0,2.0,1,1,1.0986122886681098,2.0,3.4657359027997265,8.0,6.0,4.0,1.0,2
5717,3,0.0,0.0,1.0,4,1,1.6094379124341003,1.0,3.6635616461296463,8.0,3.0,4.0,1.0,1
5720,3,0.0,0.0,1.0,1,1,0.6931471805599453,1.0,3.4011973816621555,8.0,3.0,4.0,1.0,2
5723,3,0.0,0.0,2.0,4,5,0.6931471805599453,1.0,3.044522437723423,1.0,9.0,4.0,1.0,2
5724,3,0.0,0.0,2.0,4,5,0.6931471805599453,1.0,3.044522437723423,1.0,9.0,4.0,1.0,2
5725,3,0.0,0.0,2.0,4,5,0.6931471805599453,1.0,3.044522437723423,1.0,9.0,4.0,1.0,2
5732,3,0.0,0.0,1.0,4,1,2.3978952727983707,1.0,3.1354942159291497,8.0,6.0,2.0,2.0,3
5734,3,0.0,0.0,1.0,1,1,1.6094379124341003,1.0,3.8066624897703196,1.0,6.0,2.0,2.0,3
5743,3,0.0,0.0,1.0,1,1,1.3862943611198906,1.0,3.7612001156935624,1.0,3.0,4.0,1.0,4
5748,3,0.0,0.0,1.0,1,1,2.302585092994046,2.0,3.6109179126442243,2.0,7.0,2.0,1.0,4
5756,3,0.0,0.0,1.0,1,1,0.6931471805599453,2.0,3.8918202981106265,8.0,1.0,4.0,1.0,5
5759,3,0.0,1.0,1.0,1,1,2.5649493574615367,1.0,3.912023005428146,1.0,3.0,2.0,1.0,1
5760,3,0.0,0.0,1.0,1,1,1.0986122886681098,1.0,3.784189633918261,2.0,9.0,4.0,1.0,6
5771,3,0.0,0.0,1.0,1,1,2.0794415416798357,1.0,3.1354942159291497,8.0,6.0,2.0,1.0,1
5772,3,0.0,2.0,1.0,1,1,1.791759469228055,1.0,3.4339872044851463,2.0,3.0,4.0,1.0,7
5774,2,0.0,0.0,1.0,1,1,2.70805020110221,1.0,4.007333185232471,8.0,3.0,2.0,1.0,6
5776,3,0.0,0.0,1.0,1,1,1.0986122886681098,1.0,3.713572066704308,8.0,3.0,4.0,1.0,1
5777,3,0.0,0.0,1.0,1,1,2.3978952727983707,1.0,3.1780538303479458,2.0,7.0,2.0,1.0,1
5778,3,0.0,3.0,1.0,1,1,2.3978952727983707,1.0,3.1780538303479458,2.0,7.0,2.0,1.0,1
5780,3,0.0,0.0,1.0,1,1,2.1972245773362196,1.0,3.9512437185814275,8.0,6.0,2.0,1.0,7
5782,3,0.0,0.0,1.0,1,1,2.3978952727983707,2.0,3.8066624897703196,8.0,8.0,4.0,1.0,2
5783,3,0.0,0.0,1.0,1,1,2.3978952727983707,2.0,3.8066624897703196,8.0,8.0,4.0,1.0,2
5787,3,0.0,1.0,1.0,1,1,0.6931471805599453,1.0,4.127134385045092,8.0,2.0,4.0,1.0,2
5790,2,0.0,0.0,1.0,1,1,2.833213344056216,1.0,4.060443010546419,1.0,3.0,2.0,2.0,5
5793,3,0.0,0.0,1.0,1,1,2.772588722239781,1.0,3.912023005428146,1.0,9.0,4.0,1.0,3
5794,3,0.0,0.0,1.0,1,1,2.772588722239781,1.0,3.912023005428146,1.0,9.0,4.0,1.0,3
5795,3,1.0,0.0,1.0,1,1,0.6931471805599453,1.0,3.8918202981106265,8.0,6.0,2.0,1.0,2
5796,3,1.0,0.0,1.0,1,1,0.6931471805599453,1.0,3.8918202981106265,8.0,6.0,2.0,1.0,2
5800,3,0.0,0.0,1.0,1,1,1.6094379124341003,1.0,3.912023005428146,8.0,3.0,2.0,1.0,3
5801,3,0.0,1.0,1.0,1,1,1.9459101490553132,1.0,3.912023005428146,2.0,3.0,4.0,1.0,3
5807,3,0.0,0.0,1.0,1,1,2.5649493574615367,1.0,3.091042453358316,1.0,3.0,4.0,1.0,4
5811,3,4.0,0.0,1.0,1,1,1.3862943611198906,1.0,3.4657359027997265,8.0,3.0,2.0,1.0,4
5816,3,0.0,0.0,1.0,1,1,2.0794415416798357,1.0,3.8501476017100584,1.0,6.0,2.0,1.0,4
5818,3,0.0,0.0,1.0,1,1,1.6094379124341003,1.0,3.912023005428146,2.0,3.0,4.0,1.0,4
5819,3,0.0,0.0,1.0,1,1,2.6390573296152584,2.0,3.784189633918261,2.0,3.0,4.0,1.0,4
5830,3,0.0,0.0,1.0,1,1,2.5649493574615367,1.0,4.07753744390572,8.0,6.0,2.0,1.0,6
5832,3,0.0,0.0,1.0,1,1,1.791759469228055,1.0,3.4011973816621555,8.0,1.0,2.0,1.0,6
5839,3,0.0,3.0,1.0,1,1,0.6931471805599453,1.0,3.4339872044851463,1.0,3.0,4.0,1.0,1
5842,3,0.0,0.0,1.0,1,1,0.6931471805599453,1.0,3.295836866004329,8.0,3.0,4.0,2.0,2
5843,3,0.0,0.0,1.0,1,1,0.6931471805599453,1.0,3.295836866004329,8.0,3.0,4.0,2.0,2