accident_severity,special_conditions_at_site,pedestrian_movement,road_surface_conditions,light_conditions,weather_conditions,age_of_vehicle,sex_of_driver,age_of_driver,junction_location,junction_detail,junction_control,did_police_officer_attend_scene_of_accident,day_of_week
8552,3,0.0,0.0,2.0,1,1,1.0986122886681098,1.0,3.912023005428146,1.0,6.0,2.0,1.0,5
8553,3,0.0,0.0,2.0,1,1,1.0986122886681098,1.0,3.912023005428146,1.0,6.0,2.0,1.0,5
8554,3,0.0,0.0,2.0,1,1,1.0986122886681098,1.0,3.912023005428146,1.0,6.0,2.0,1.0,5
8555,3,0.0,0.0,2.0,1,1,1.0986122886681098,1.0,3.912023005428146,1.0,6.0,2.0,1.0,5
8556,3,0.0,0.0,2.0,1,1,1.0986122886681098,1.0,3.912023005428146,1.0,6.0,2.0,1.0,5
8557,3,0.0,0.0,2.0,1,1,1.0986122886681098,1.0,3.912023005428146,1.0,6.0,2.0,1.0,5
8558,3,0.0,0.0,2.0,1,1,1.0986122886681098,1.0,3.912023005428146,1.0,6.0,2.0,1.0,5
8559,3,0.0,0.0,2.0,1,1,1.0986122886681098,1.0,3.912023005428146,1.0,6.0,2.0,1.0,5
8560,3,0.0,0.0,2.0,1,1,1.0986122886681098,1.0,3.912023005428146,1.0,6.0,2.0,1.0,5
8561,3,0.0,0.0,2.0,1,1,1.0986122886681098,1.0,3.912023005428146,1.0,6.0,2.0,1.0,5
8569,3,0.0,0.0,1.0,4,1,2.772588722239781,1.0,3.044522437723423,8.0,6.0,4.0,1.0,1
8571,3,0.0,0.0,1.0,1,1,1.0986122886681098,2.0,4.0943445622221,1.0,3.0,4.0,1.0,6
8572,3,0.0,0.0,1.0,1,1,1.0986122886681098,2.0,4.0943445622221,1.0,3.0,4.0,1.0,6
8575,3,0.0,0.0,1.0,4,1,1.9459101490553132,2.0,3.4011973816621555,1.0,3.0,4.0,1.0,5
8580,3,0.0,0.0,2.0,1,1,0.6931471805599453,1.0,3.367295829986474,8.0,6.0,4.0,1.0,2
8586,3,0.0,0.0,1.0,1,1,0.6931471805599453,1.0,3.7376696182833684,1.0,6.0,2.0,1.0,2
8589,3,0.0,0.0,1.0,1,1,0.6931471805599453,1.0,3.7612001156935624,2.0,6.0,4.0,1.0,3
8591,3,0.0,0.0,2.0,1,2,2.1972245773362196,1.0,3.8501476017100584,1.0,6.0,2.0,1.0,4
8597,3,0.0,0.0,1.0,4,1,1.0986122886681098,1.0,3.1780538303479458,8.0,6.0,4.0,1.0,4
8599,3,0.0,0.0,1.0,1,1,2.4849066497880004,1.0,3.9318256327243257,1.0,6.0,2.0,1.0,5
8607,3,0.0,3.0,2.0,4,2,1.9459101490553132,1.0,3.713572066704308,1.0,3.0,4.0,1.0,2
8608,3,0.0,3.0,2.0,4,2,1.9459101490553132,1.0,3.713572066704308,1.0,3.0,4.0,1.0,2
8620,3,0.0,0.0,2.0,1,1,2.772588722239781,1.0,3.9512437185814275,8.0,6.0,4.0,1.0,3
8622,3,0.0,0.0,1.0,1,1,2.772588722239781,1.0,3.970291913552122,2.0,3.0,4.0,1.0,3
8624,3,0.0,0.0,1.0,1,1,0.6931471805599453,1.0,3.9318256327243257,1.0,6.0,4.0,1.0,3
8626,3,0.0,4.0,1.0,1,1,1.6094379124341003,1.0,4.060443010546419,1.0,6.0,4.0,1.0,3
8628,3,0.0,0.0,1.0,4,1,1.791759469228055,1.0,3.4011973816621555,2.0,3.0,4.0,1.0,3
8629,3,0.0,0.0,1.0,1,1,1.0986122886681098,1.0,3.367295829986474,2.0,3.0,2.0,1.0,4
8632,3,0.0,1.0,1.0,1,1,1.791759469228055,2.0,3.4965075614664802,2.0,3.0,4.0,1.0,5
8643,3,0.0,0.0,1.0,4,1,1.3862943611198906,1.0,3.6888794541139363,1.0,6.0,2.0,1.0,2
8649,3,0.0,0.0,1.0,4,1,1.3862943611198906,1.0,4.143134726391533,8.0,6.0,2.0,1.0,5
8650,3,0.0,0.0,1.0,4,1,1.9459101490553132,1.0,3.295836866004329,2.0,3.0,2.0,1.0,4
8652,3,0.0,0.0,1.0,1,1,1.3862943611198906,2.0,3.5263605246161616,1.0,6.0,2.0,1.0,4
8658,3,0.0,0.0,1.0,1,1,2.5649493574615367,1.0,3.8066624897703196,2.0,3.0,4.0,1.0,5
8665,3,0.0,0.0,1.0,4,1,1.0986122886681098,1.0,3.4657359027997265,2.0,3.0,4.0,1.0,5
8672,3,0.0,0.0,1.0,1,1,0.6931471805599453,1.0,3.9512437185814275,8.0,3.0,4.0,2.0,3
8674,3,0.0,0.0,2.0,1,2,0.6931471805599453,2.0,3.9889840465642745,1.0,3.0,2.0,1.0,2
8676,3,0.0,0.0,1.0,1,1,2.0794415416798357,1.0,3.332204510175204,1.0,6.0,4.0,1.0,3
8685,3,0.0,9.0,2.0,4,2,2.1972245773362196,1.0,3.4011973816621555,1.0,6.0,2.0,2.0,4
8694,3,0.0,0.0,1.0,1,1,1.3862943611198906,1.0,3.367295829986474,1.0,6.0,2.0,1.0,7
8696,3,0.0,1.0,1.0,1,1,0.6931471805599453,1.0,3.4339872044851463,2.0,6.0,2.0,1.0,7
8697,3,0.0,0.0,1.0,1,1,1.3862943611198906,1.0,3.7376696182833684,1.0,3.0,4.0,1.0,7
8699,3,0.0,0.0,1.0,1,1,1.6094379124341003,1.0,3.295836866004329,8.0,6.0,4.0,1.0,1
8701,3,0.0,0.0,1.0,4,1,0.6931471805599453,1.0,4.02535169073515,2.0,6.0,2.0,1.0,1
8704,3,0.0,0.0,1.0,4,1,1.6094379124341003,1.0,3.6109179126442243,2.0,6.0,2.0,1.0,1
8708,3,0.0,0.0,2.0,4,2,2.0794415416798357,1.0,3.5263605246161616,8.0,6.0,2.0,1.0,2
8711,3,0.0,0.0,2.0,4,1,1.3862943611198906,1.0,3.6888794541139363,1.0,6.0,4.0,1.0,3
8712,3,0.0,0.0,2.0,4,1,1.3862943611198906,1.0,3.258096538021482,2.0,6.0,4.0,1.0,3
8713,3,0.0,0.0,1.0,4,1,1.9459101490553132,1.0,3.6375861597263857,1.0,7.0,2.0,2.0,1
8718,3,0.0,9.0,1.0,4,1,3.5553480614894135,1.0,4.23410650459726,1.0,3.0,4.0,1.0,7
8719,3,0.0,9.0,1.0,4,1,3.5553480614894135,1.0,4.23410650459726,1.0,3.0,4.0,1.0,7
8733,3,0.0,0.0,1.0,4,1,1.3862943611198906,1.0,3.6635616461296463,2.0,6.0,4.0,1.0,1
8737,3,0.0,0.0,1.0,1,1,2.3978952727983707,1.0,3.6635616461296463,8.0,3.0,4.0,1.0,2
8739,3,0.0,0.0,1.0,1,1,1.6094379124341003,1.0,3.2188758248682006,1.0,6.0,2.0,1.0,1
8742,3,0.0,0.0,1.0,1,1,1.9459101490553132,1.0,3.4965075614664802,8.0,6.0,2.0,1.0,2
8749,3,0.0,0.0,1.0,1,1,2.1972245773362196,1.0,3.8918202981106265,1.0,6.0,2.0,1.0,3
8751,3,0.0,0.0,1.0,4,1,2.4849066497880004,2.0,3.1780538303479458,1.0,3.0,4.0,1.0,4
8755,3,0.0,0.0,2.0,1,1,2.1972245773362196,1.0,4.204692619390966,1.0,6.0,2.0,1.0,3
8762,3,0.0,0.0,1.0,1,1,1.0986122886681098,1.0,4.04305126783455,1.0,6.0,2.0,1.0,4
8775,3,0.0,0.0,1.0,1,1,1.6094379124341003,1.0,3.4339872044851463,1.0,6.0,2.0,2.0,3
8777,3,0.0,0.0,2.0,4,2,2.0794415416798357,1.0,4.007333185232471,1.0,6.0,2.0,1.0,2
8781,3,0.0,0.0,1.0,1,1,0.6931471805599453,1.0,3.8501476017100584,1.0,7.0,2.0,2.0,4
8783,3,0.0,3.0,2.0,1,2,2.1972245773362196,1.0,3.8066624897703196,1.0,6.0,2.0,1.0,2
8784,3,6.0,9.0,2.0,1,2,1.791759469228055,2.0,3.58351893845611,2.0,3.0,4.0,1.0,3
8789,3,0.0,0.0,1.0,1,1,0.6931471805599453,1.0,3.713572066704308,8.0,8.0,4.0,2.0,7
8792,3,0.0,0.0,1.0,1,1,2.70805020110221,1.0,3.091042453358316,8.0,6.0,4.0,1.0,4
8796,3,0.0,1.0,1.0,4,1,0.6931471805599453,2.0,3.4011973816621555,1.0,3.0,4.0,2.0,4
8797,3,0.0,0.0,1.0,1,1,1.791759469228055,1.0,3.4965075614664802,1.0,6.0,2.0,2.0,1
8798,3,0.0,0.0,1.0,1,1,1.791759469228055,1.0,3.4965075614664802,1.0,6.0,2.0,2.0,1
8804,3,0.0,0.0,2.0,1,1,2.70805020110221,1.0,3.713572066704308,1.0,3.0,4.0,1.0,4
8805,3,0.0,0.0,2.0,4,2,1.3862943611198906,1.0,3.828641396489095,1.0,3.0,4.0,1.0,3
8806,3,0.0,0.0,1.0,4,1,1.6094379124341003,1.0,3.871201010907891,1.0,6.0,2.0,2.0,1
8808,3,0.0,1.0,1.0,4,1,2.70805020110221,1.0,3.713572066704308,1.0,6.0,2.0,1.0,5
8810,3,0.0,0.0,1.0,4,1,2.6390573296152584,1.0,3.58351893845611,1.0,6.0,2.0,1.0,7
8812,3,0.0,0.0,1.0,1,1,1.3862943611198906,1.0,3.1780538303479458,1.0,3.0,4.0,1.0,6
8816,3,0.0,0.0,1.0,1,1,2.5649493574615367,1.0,3.7376696182833684,8.0,1.0,4.0,1.0,6
8819,3,0.0,0.0,1.0,1,1,1.6094379124341003,1.0,3.5553480614894135,8.0,3.0,4.0,1.0,2
8823,3,0.0,0.0,1.0,1,1,0.6931471805599453,1.0,3.784189633918261,1.0,6.0,4.0,1.0,6
8826,3,0.0,0.0,1.0,1,1,1.791759469228055,1.0,4.0943445622221,8.0,8.0,4.0,1.0,6
8828,3,0.0,0.0,1.0,4,1,1.791759469228055,1.0,3.713572066704308,8.0,3.0,4.0,1.0,2
8831,3,0.0,0.0,1.0,1,1,2.1972245773362196,1.0,3.4965075614664802,8.0,6.0,2.0,1.0,3
8835,3,0.0,0.0,1.0,1,1,2.4849066497880004,2.0,3.8918202981106265,1.0,3.0,4.0,1.0,3
8838,3,0.0,0.0,1.0,4,1,2.4849066497880004,2.0,4.276666119016055,1.0,3.0,4.0,1.0,5
8842,3,0.0,0.0,1.0,1,1,1.3862943611198906,1.0,3.9512437185814275,1.0,3.0,2.0,1.0,1
8844,3,0.0,0.0,1.0,1,1,2.1972245773362196,1.0,2.9444389791664403,1.0,3.0,4.0,1.0,4
8846,3,0.0,0.0,1.0,4,1,1.6094379124341003,1.0,3.4011973816621555,8.0,3.0,4.0,2.0,2
8849,3,0.0,1.0,1.0,4,1,1.3862943611198906,1.0,3.9318256327243257,2.0,6.0,2.0,1.0,7
8852,3,0.0,0.0,1.0,4,1,0.6931471805599453,1.0,3.1354942159291497,2.0,3.0,2.0,1.0,5
8855,3,0.0,0.0,1.0,1,1,1.3862943611198906,1.0,3.784189633918261,1.0,6.0,2.0,1.0,2
8857,3,0.0,0.0,1.0,4,1,2.302585092994046,1.0,3.784189633918261,2.0,3.0,4.0,1.0,2
8861,3,0.0,1.0,1.0,1,1,2.302585092994046,1.0,2.9444389791664403,1.0,3.0,4.0,1.0,3
8864,3,0.0,0.0,2.0,1,2,2.70805020110221,1.0,3.784189633918261,1.0,6.0,2.0,1.0,4
8869,3,0.0,2.0,2.0,1,2,3.091042453358316,2.0,3.4011973816621555,1.0,3.0,4.0,1.0,4
8870,3,0.0,3.0,1.0,4,1,0.6931471805599453,1.0,4.0943445622221,2.0,3.0,4.0,1.0,5
8872,3,0.0,1.0,1.0,4,1,1.9459101490553132,1.0,4.0943445622221,2.0,6.0,4.0,1.0,7
8874,3,0.0,0.0,1.0,1,1,2.1972245773362196,2.0,4.5217885770490405,8.0,1.0,4.0,1.0,1
8876,3,0.0,0.0,1.0,1,1,2.302585092994046,1.0,3.9889840465642745,1.0,1.0,4.0,1.0,1
8877,3,0.0,0.0,1.0,1,1,2.302585092994046,1.0,3.9889840465642745,1.0,1.0,4.0,1.0,1
8878,3,0.0,0.0,1.0,1,1,2.6390573296152584,1.0,3.970291913552122,1.0,3.0,4.0,1.0,1
8879,3,0.0,0.0,1.0,1,1,2.6390573296152584,1.0,3.970291913552122,1.0,3.0,4.0,1.0,1
8880,3,0.0,0.0,1.0,1,1,2.6390573296152584,1.0,3.970291913552122,1.0,3.0,4.0,1.0,1
8881,3,0.0,0.0,1.0,1,1,1.6094379124341003,1.0,3.4011973816621555,1.0,3.0,4.0,1.0,1
8882,3,0.0,0.0,1.0,4,1,2.1972245773362196,2.0,3.9889840465642745,2.0,8.0,4.0,1.0,1
8885,3,0.0,0.0,1.0,4,1,1.791759469228055,1.0,3.1354942159291497,1.0,8.0,4.0,1.0,2
8895,3,0.0,0.0,1.0,1,1,2.0794415416798357,1.0,3.58351893845611,1.0,6.0,2.0,1.0,3
8897,3,0.0,0.0,2.0,1,2,1.0986122886681098,1.0,3.4011973816621555,1.0,6.0,4.0,1.0,4
8899,3,0.0,0.0,1.0,4,1,2.772588722239781,1.0,3.7376696182833684,2.0,3.0,4.0,1.0,4
8913,3,0.0,0.0,1.0,4,1,2.4849066497880004,1.0,3.8066624897703196,2.0,6.0,2.0,2.0,6
8914,3,0.0,0.0,1.0,1,1,0.6931471805599453,1.0,3.6635616461296463,1.0,3.0,4.0,1.0,1
8916,3,0.0,0.0,1.0,4,1,1.3862943611198906,1.0,3.6888794541139363,8.0,3.0,4.0,2.0,7
8925,3,0.0,0.0,1.0,1,1,0.6931471805599453,1.0,3.713572066704308,1.0,3.0,4.0,1.0,6
8926,3,0.0,0.0,1.0,1,1,1.6094379124341003,2.0,3.044522437723423,1.0,3.0,4.0,1.0,6
8929,3,0.0,0.0,1.0,1,1,2.4849066497880004,1.0,4.04305126783455,2.0,7.0,2.0,1.0,2
8930,3,0.0,1.0,1.0,1,1,2.4849066497880004,1.0,3.091042453358316,1.0,3.0,2.0,1.0,2
8933,3,0.0,0.0,2.0,1,1,1.6094379124341003,1.0,3.4011973816621555,8.0,3.0,4.0,1.0,4
8939,3,0.0,0.0,1.0,4,1,2.772588722239781,1.0,4.204692619390966,2.0,3.0,4.0,1.0,4
8940,3,0.0,0.0,1.0,4,1,2.3978952727983707,1.0,3.5553480614894135,2.0,3.0,4.0,1.0,4
8941,3,0.0,0.0,1.0,4,1,2.3978952727983707,1.0,3.5553480614894135,2.0,3.0,4.0,1.0,4
8944,3,0.0,0.0,1.0,1,1,0.6931471805599453,1.0,3.2188758248682006,8.0,6.0,2.0,1.0,4
8948,3,0.0,1.0,2.0,1,2,1.6094379124341003,1.0,3.8066624897703196,2.0,3.0,4.0,1.0,4
8949,3,0.0,1.0,2.0,4,2,2.3978952727983707,1.0,4.110873864173311,1.0,6.0,4.0,1.0,5
8951,3,0.0,0.0,2.0,4,2,1.3862943611198906,1.0,3.7376696182833684,1.0,3.0,2.0,1.0,1
8952,3,0.0,0.0,1.0,1,1,1.9459101490553132,1.0,3.7376696182833684,2.0,3.0,4.0,1.0,6
8953,3,0.0,0.0,1.0,1,1,1.791759469228055,2.0,3.9512437185814275,2.0,3.0,4.0,1.0,6
8954,3,0.0,0.0,1.0,1,1,1.791759469228055,2.0,3.9512437185814275,2.0,3.0,4.0,1.0,6
8958,3,0.0,0.0,2.0,4,1,1.9459101490553132,1.0,3.1780538303479458,8.0,3.0,4.0,1.0,1
8959,3,0.0,0.0,1.0,1,1,2.4849066497880004,2.0,3.5553480614894135,1.0,6.0,2.0,1.0,1
8961,3,0.0,0.0,1.0,5,1,2.4849066497880004,1.0,2.995732273553991,8.0,6.0,2.0,1.0,4
8962,3,0.0,0.0,1.0,5,1,2.4849066497880004,1.0,2.995732273553991,8.0,6.0,2.0,1.0,4
8964,3,0.0,3.0,1.0,1,1,1.3862943611198906,2.0,3.8918202981106265,1.0,6.0,2.0,1.0,3
8967,3,0.0,0.0,2.0,4,1,2.4849066497880004,1.0,4.07753744390572,8.0,3.0,4.0,1.0,5
8970,3,0.0,0.0,1.0,4,1,1.3862943611198906,1.0,3.4011973816621555,1.0,3.0,4.0,1.0,7
8972,2,0.0,0.0,1.0,1,1,2.1972245773362196,1.0,4.07753744390572,2.0,7.0,2.0,1.0,6
8973,3,0.0,0.0,1.0,1,1,1.6094379124341003,1.0,3.58351893845611,1.0,7.0,2.0,1.0,1
8984,3,0.0,0.0,2.0,1,1,1.3862943611198906,1.0,3.871201010907891,8.0,8.0,4.0,1.0,3
8988,3,0.0,0.0,1.0,4,1,1.6094379124341003,1.0,3.7376696182833684,1.0,6.0,2.0,2.0,6
8990,3,0.0,1.0,2.0,1,1,2.70805020110221,2.0,3.044522437723423,1.0,3.0,4.0,1.0,4
8994,3,0.0,0.0,2.0,4,1,1.6094379124341003,1.0,3.258096538021482,8.0,6.0,2.0,1.0,4
8995,3,0.0,0.0,2.0,4,1,1.6094379124341003,1.0,3.258096538021482,8.0,6.0,2.0,1.0,4
8996,3,0.0,0.0,2.0,4,1,1.6094379124341003,1.0,3.258096538021482,8.0,6.0,2.0,1.0,4
9012,3,0.0,0.0,1.0,1,1,1.6094379124341003,1.0,3.1354942159291497,1.0,6.0,2.0,1.0,7
9014,3,0.0,0.0,1.0,4,1,1.791759469228055,1.0,3.091042453358316,2.0,3.0,4.0,1.0,1
9021,3,0.0,0.0,2.0,4,5,2.3978952727983707,2.0,3.828641396489095,8.0,3.0,4.0,2.0,3
9026,2,0.0,1.0,1.0,1,1,0.6931471805599453,1.0,3.8066624897703196,2.0,3.0,4.0,1.0,4
9027,2,4.0,1.0,1.0,1,1,2.70805020110221,2.0,4.02535169073515,1.0,6.0,4.0,1.0,5
9028,3,0.0,3.0,2.0,4,1,1.0986122886681098,1.0,4.04305126783455,2.0,6.0,4.0,1.0,5
9033,3,0.0,0.0,1.0,1,1,3.044522437723423,2.0,3.332204510175204,1.0,6.0,2.0,2.0,6
9039,3,0.0,0.0,2.0,1,1,2.3978952727983707,1.0,3.9318256327243257,1.0,6.0,2.0,1.0,6
9041,3,0.0,1.0,2.0,4,2,1.3862943611198906,1.0,3.8501476017100584,1.0,3.0,4.0,1.0,6
9042,3,0.0,0.0,2.0,4,1,1.6094379124341003,1.0,3.2188758248682006,8.0,3.0,4.0,1.0,6
9044,3,0.0,0.0,2.0,1,5,2.1972245773362196,1.0,3.4657359027997265,2.0,3.0,4.0,1.0,1
9047,3,0.0,0.0,1.0,4,1,2.1972245773362196,1.0,3.367295829986474,1.0,3.0,4.0,1.0,1
9052,3,0.0,3.0,2.0,1,1,1.791759469228055,1.0,3.6888794541139363,2.0,6.0,4.0,1.0,2
9053,3,0.0,1.0,1.0,1,1,2.4849066497880004,1.0,3.2188758248682006,1.0,3.0,4.0,1.0,2
9063,3,0.0,0.0,1.0,4,1,1.791759469228055,2.0,3.295836866004329,8.0,6.0,2.0,1.0,5
9071,3,0.0,0.0,1.0,1,1,1.6094379124341003,1.0,4.07753744390572,8.0,6.0,2.0,1.0,5
9075,3,0.0,0.0,1.0,1,1,2.302585092994046,1.0,3.4965075614664802,2.0,6.0,2.0,1.0,1
9082,3,0.0,0.0,1.0,4,1,1.791759469228055,1.0,3.4965075614664802,1.0,6.0,2.0,2.0,1
9084,3,0.0,0.0,1.0,4,1,1.3862943611198906,1.0,3.091042453358316,1.0,3.0,2.0,1.0,1
9091,3,0.0,0.0,1.0,1,1,2.302585092994046,1.0,3.713572066704308,8.0,3.0,4.0,1.0,3
9104,3,0.0,0.0,2.0,4,1,2.0794415416798357,1.0,4.23410650459726,2.0,3.0,4.0,1.0,4
9105,3,0.0,0.0,2.0,4,1,2.0794415416798357,1.0,4.23410650459726,2.0,3.0,4.0,1.0,4
9116,3,0.0,0.0,2.0,4,1,0.6931471805599453,1.0,4.007333185232471,1.0,6.0,2.0,1.0,5
9117,3,0.0,0.0,2.0,4,1,0.6931471805599453,1.0,4.007333185232471,1.0,6.0,2.0,1.0,5
9119,2,0.0,1.0,1.0,1,1,1.6094379124341003,1.0,4.007333185232471,2.0,6.0,2.0,1.0,6
9121,3,0.0,0.0,1.0,4,1,1.791759469228055,1.0,3.6109179126442243,1.0,3.0,4.0,1.0,7
9123,3,0.0,0.0,1.0,1,1,1.9459101490553132,2.0,3.58351893845611,8.0,6.0,4.0,1.0,6
9124,3,0.0,0.0,1.0,1,1,1.9459101490553132,2.0,3.58351893845611,8.0,6.0,4.0,1.0,6
9126,3,0.0,1.0,2.0,1,2,1.6094379124341003,1.0,3.5263605246161616,1.0,3.0,4.0,1.0,7
9129,3,0.0,0.0,1.0,4,1,1.6094379124341003,1.0,3.1354942159291497,1.0,6.0,2.0,1.0,7
9130,3,0.0,0.0,1.0,4,1,1.6094379124341003,1.0,3.1354942159291497,1.0,6.0,2.0,1.0,7
9131,3,0.0,0.0,1.0,4,1,1.6094379124341003,1.0,3.1354942159291497,1.0,6.0,2.0,1.0,7
9132,3,0.0,0.0,1.0,4,1,1.6094379124341003,1.0,3.1354942159291497,1.0,6.0,2.0,1.0,7
9133,3,0.0,0.0,1.0,4,1,1.6094379124341003,1.0,3.1354942159291497,1.0,6.0,2.0,1.0,7
9137,3,0.0,0.0,2.0,4,1,1.0986122886681098,1.0,3.5263605246161616,1.0,6.0,2.0,2.0,1
9139,3,0.0,1.0,1.0,4,1,2.833213344056216,2.0,3.912023005428146,2.0,3.0,4.0,1.0,7
9140,3,0.0,0.0,1.0,4,1,1.0986122886681098,1.0,3.4339872044851463,1.0,7.0,2.0,1.0,1
9142,3,0.0,0.0,2.0,4,1,3.091042453358316,2.0,4.060443010546419,1.0,6.0,4.0,1.0,2
9144,3,0.0,0.0,2.0,4,1,0.6931471805599453,1.0,3.6109179126442243,1.0,6.0,2.0,1.0,6
9157,3,0.0,0.0,1.0,1,1,2.70805020110221,2.0,3.367295829986474,2.0,6.0,4.0,1.0,4
9160,3,0.0,3.0,1.0,4,1,2.5649493574615367,1.0,3.5553480614894135,1.0,3.0,4.0,1.0,4
9161,2,0.0,1.0,2.0,4,1,1.791759469228055,2.0,4.127134385045092,2.0,3.0,2.0,1.0,3
9169,3,0.0,0.0,1.0,1,1,2.302585092994046,1.0,3.1780538303479458,1.0,3.0,4.0,1.0,7
9172,3,0.0,0.0,1.0,1,1,2.6390573296152584,1.0,3.1780538303479458,2.0,3.0,4.0,1.0,2
9177,3,0.0,0.0,2.0,1,2,1.3862943611198906,2.0,3.332204510175204,8.0,3.0,4.0,1.0,3
9179,2,0.0,0.0,1.0,4,1,1.9459101490553132,1.0,3.332204510175204,1.0,3.0,4.0,1.0,7
9187,3,0.0,0.0,1.0,4,1,0.6931471805599453,1.0,3.7376696182833684,1.0,6.0,2.0,1.0,6
9188,3,0.0,0.0,1.0,4,1,0.6931471805599453,1.0,3.7376696182833684,1.0,6.0,2.0,1.0,6
9189,3,0.0,0.0,1.0,4,1,1.3862943611198906,2.0,3.4339872044851463,1.0,6.0,2.0,1.0,6
9190,3,0.0,0.0,1.0,4,1,1.3862943611198906,2.0,3.4339872044851463,1.0,6.0,2.0,1.0,6
9198,3,0.0,0.0,1.0,1,1,2.1972245773362196,1.0,3.091042453358316,1.0,6.0,4.0,1.0,2
9201,2,0.0,0.0,2.0,4,1,1.9459101490553132,2.0,4.07753744390572,1.0,3.0,4.0,1.0,1
9217,3,0.0,0.0,2.0,4,2,1.3862943611198906,1.0,3.58351893845611,8.0,3.0,4.0,1.0,6
9221,3,1.0,0.0,1.0,1,1,1.0986122886681098,2.0,3.8918202981106265,8.0,6.0,2.0,1.0,1
9226,3,0.0,1.0,1.0,4,1,1.3862943611198906,1.0,4.189654742026425,1.0,3.0,4.0,1.0,3
9236,3,0.0,0.0,2.0,4,2,2.5649493574615367,2.0,3.258096538021482,1.0,3.0,2.0,2.0,3
9238,3,0.0,1.0,2.0,1,1,2.0794415416798357,1.0,4.31748811353631,1.0,3.0,4.0,1.0,3
9239,3,0.0,0.0,1.0,1,1,0.6931471805599453,1.0,4.02535169073515,1.0,1.0,4.0,2.0,3
9241,3,0.0,0.0,1.0,1,1,2.0794415416798357,1.0,3.044522437723423,1.0,6.0,2.0,1.0,6
9245,3,0.0,4.0,1.0,4,1,2.1972245773362196,1.0,3.1354942159291497,8.0,3.0,2.0,1.0,5
9247,3,0.0,0.0,1.0,1,1,2.1972245773362196,1.0,3.4339872044851463,1.0,1.0,4.0,1.0,5
9251,3,0.0,0.0,1.0,1,1,1.0986122886681098,1.0,3.4965075614664802,2.0,3.0,2.0,1.0,4
9252,3,0.0,9.0,1.0,4,1,2.5649493574615367,2.0,3.784189633918261,2.0,3.0,4.0,1.0,5
9257,3,0.0,0.0,1.0,4,1,0.6931471805599453,1.0,3.4965075614664802,8.0,3.0,4.0,1.0,4
9263,3,0.0,0.0,1.0,4,1,2.3978952727983707,1.0,3.367295829986474,8.0,1.0,4.0,1.0,6
9264,3,0.0,0.0,1.0,4,1,2.0794415416798357,1.0,3.367295829986474,8.0,1.0,4.0,1.0,6
9268,3,0.0,0.0,2.0,1,1,0.6931471805599453,1.0,3.58351893845611,8.0,8.0,4.0,1.0,2
9276,3,0.0,0.0,1.0,4,1,2.6390573296152584,1.0,4.007333185232471,2.0,3.0,4.0,1.0,7
9284,3,0.0,0.0,1.0,4,1,2.1972245773362196,2.0,3.091042453358316,8.0,6.0,2.0,1.0,5
9290,3,0.0,0.0,1.0,1,1,0.6931471805599453,1.0,3.1780538303479458,8.0,3.0,4.0,1.0,3
9291,2,0.0,0.0,1.0,4,1,2.302585092994046,1.0,3.295836866004329,6.0,3.0,4.0,1.0,7
9292,2,0.0,0.0,1.0,4,1,0.6931471805599453,1.0,3.1780538303479458,8.0,3.0,4.0,1.0,7
9293,3,0.0,0.0,1.0,4,1,0.6931471805599453,2.0,3.8066624897703196,1.0,3.0,4.0,1.0,7
9296,3,0.0,0.0,2.0,1,1,2.4849066497880004,1.0,3.8066624897703196,1.0,9.0,2.0,1.0,3
9299,3,0.0,0.0,1.0,1,1,1.791759469228055,1.0,3.1354942159291497,8.0,6.0,2.0,1.0,3
9305,3,0.0,0.0,1.0,4,1,1.0986122886681098,1.0,3.4339872044851463,8.0,6.0,4.0,1.0,1
9310,3,0.0,8.0,1.0,1,1,2.6390573296152584,2.0,3.091042453358316,2.0,3.0,4.0,1.0,3
9311,3,0.0,0.0,1.0,4,1,1.791759469228055,1.0,3.7612001156935624,1.0,3.0,4.0,1.0,1
9313,3,0.0,0.0,1.0,1,1,1.3862943611198906,1.0,3.871201010907891,1.0,3.0,4.0,1.0,2
9314,3,0.0,0.0,1.0,4,1,2.0794415416798357,1.0,3.1780538303479458,1.0,3.0,4.0,1.0,5
9315,3,0.0,3.0,1.0,4,1,2.0794415416798357,1.0,3.1780538303479458,1.0,3.0,4.0,1.0,5
9319,3,0.0,0.0,1.0,4,1,1.3862943611198906,1.0,3.4011973816621555,2.0,3.0,4.0,1.0,3
9332,3,0.0,0.0,1.0,1,1,1.3862943611198906,2.0,3.4965075614664802,8.0,3.0,4.0,1.0,2
9338,3,0.0,0.0,2.0,1,2,1.6094379124341003,1.0,3.6375861597263857,8.0,6.0,2.0,1.0,4
9344,3,0.0,0.0,1.0,1,1,0.6931471805599453,1.0,4.143134726391533,8.0,3.0,4.0,1.0,6
9350,3,0.0,0.0,1.0,1,1,1.0986122886681098,1.0,3.4011973816621555,1.0,6.0,4.0,2.0,4
9355,3,0.0,0.0,1.0,7,9,2.3978952727983707,1.0,3.4011973816621555,8.0,6.0,2.0,1.0,1
9356,3,0.0,0.0,1.0,7,9,2.3978952727983707,1.0,3.4011973816621555,8.0,6.0,2.0,1.0,1
9362,3,0.0,3.0,1.0,4,1,2.5649493574615367,1.0,2.995732273553991,2.0,9.0,2.0,1.0,7
9363,3,0.0,0.0,1.0,1,1,0.6931471805599453,2.0,3.295836866004329,8.0,6.0,4.0,1.0,1