accident_severity,special_conditions_at_site,pedestrian_movement,road_surface_conditions,light_conditions,weather_conditions,age_of_vehicle,sex_of_driver,age_of_driver,junction_location,junction_detail,junction_control,did_police_officer_attend_scene_of_accident,day_of_week
10252,3,0.0,0.0,1.0,4,1,2.3978952727983707,1.0,3.2188758248682006,1.0,6.0,2.0,1.0,1
10253,3,0.0,0.0,1.0,4,1,2.3978952727983707,1.0,3.2188758248682006,1.0,6.0,2.0,1.0,1
10259,3,0.0,0.0,1.0,1,1,1.3862943611198906,1.0,4.007333185232471,1.0,6.0,2.0,1.0,6
10262,3,0.0,0.0,1.0,1,1,1.791759469228055,1.0,3.258096538021482,8.0,3.0,4.0,1.0,3
10265,3,0.0,0.0,1.0,4,1,1.791759469228055,1.0,3.2188758248682006,8.0,3.0,4.0,1.0,5
10270,3,0.0,2.0,1.0,1,1,2.70805020110221,1.0,3.332204510175204,2.0,3.0,4.0,1.0,3
10271,3,0.0,0.0,1.0,1,1,2.772588722239781,1.0,3.6109179126442243,8.0,3.0,4.0,1.0,3
10276,3,0.0,0.0,1.0,4,1,2.6390573296152584,1.0,4.007333185232471,1.0,3.0,4.0,1.0,5
10281,3,0.0,0.0,1.0,1,1,2.5649493574615367,1.0,3.2188758248682006,8.0,6.0,2.0,1.0,4
10282,3,0.0,0.0,1.0,1,1,2.772588722239781,1.0,3.828641396489095,8.0,6.0,2.0,1.0,4
10283,3,0.0,0.0,1.0,1,1,2.772588722239781,1.0,3.828641396489095,8.0,6.0,2.0,1.0,4
10284,3,0.0,0.0,2.0,4,2,2.1972245773362196,1.0,3.4011973816621555,8.0,3.0,4.0,2.0,2
10296,3,0.0,0.0,1.0,4,1,0.6931471805599453,1.0,3.258096538021482,8.0,6.0,4.0,1.0,1
10297,3,0.0,0.0,1.0,1,1,1.791759469228055,1.0,3.8918202981106265,2.0,3.0,4.0,1.0,2
10298,3,0.0,0.0,1.0,1,1,1.791759469228055,1.0,3.8918202981106265,2.0,3.0,4.0,1.0,2
10305,3,0.0,3.0,2.0,1,2,0.6931471805599453,1.0,3.2188758248682006,8.0,6.0,2.0,1.0,3
10306,3,0.0,0.0,2.0,4,2,2.3978952727983707,1.0,3.6888794541139363,1.0,3.0,2.0,1.0,7
10312,3,0.0,9.0,1.0,1,1,2.0794415416798357,1.0,3.332204510175204,1.0,3.0,4.0,1.0,2
10315,2,0.0,9.0,1.0,1,1,1.0986122886681098,2.0,4.110873864173311,1.0,3.0,4.0,1.0,3
10321,2,0.0,0.0,1.0,4,1,2.0794415416798357,1.0,3.6635616461296463,8.0,6.0,2.0,1.0,5
10322,3,0.0,0.0,1.0,1,1,1.791759469228055,1.0,3.2188758248682006,8.0,6.0,2.0,1.0,6
10327,3,0.0,0.0,1.0,1,1,1.0986122886681098,1.0,3.5263605246161616,8.0,3.0,4.0,1.0,7
10332,3,0.0,0.0,1.0,1,1,1.0986122886681098,1.0,3.091042453358316,1.0,6.0,2.0,1.0,1
10333,3,0.0,1.0,1.0,1,1,1.0986122886681098,1.0,3.091042453358316,1.0,6.0,2.0,1.0,1
10334,3,0.0,0.0,1.0,4,1,2.0794415416798357,1.0,3.7376696182833684,2.0,3.0,2.0,1.0,3
10342,3,0.0,0.0,1.0,4,1,1.9459101490553132,1.0,3.8066624897703196,8.0,6.0,2.0,1.0,5
10345,3,0.0,0.0,1.0,1,1,2.0794415416798357,2.0,3.5553480614894135,1.0,3.0,4.0,1.0,5
10346,3,0.0,0.0,1.0,1,1,2.0794415416798357,2.0,3.5553480614894135,1.0,3.0,4.0,1.0,5
10347,3,0.0,0.0,1.0,4,1,2.5649493574615367,2.0,3.367295829986474,1.0,3.0,4.0,1.0,7
10348,3,0.0,0.0,1.0,4,1,2.5649493574615367,2.0,3.367295829986474,1.0,3.0,4.0,1.0,7
10349,3,0.0,0.0,1.0,4,1,2.5649493574615367,2.0,3.367295829986474,1.0,3.0,4.0,1.0,7
10354,3,0.0,0.0,1.0,1,1,2.6390573296152584,1.0,4.007333185232471,8.0,3.0,4.0,1.0,3
10356,3,0.0,0.0,1.0,1,1,1.3862943611198906,1.0,3.4965075614664802,1.0,6.0,2.0,1.0,2
10384,3,0.0,1.0,1.0,4,1,1.9459101490553132,1.0,3.5553480614894135,1.0,3.0,4.0,1.0,6
10385,3,0.0,0.0,1.0,1,1,2.5649493574615367,2.0,3.784189633918261,8.0,6.0,2.0,1.0,4
10388,3,0.0,0.0,1.0,1,1,2.0794415416798357,1.0,3.5263605246161616,8.0,6.0,4.0,1.0,3
10390,3,0.0,0.0,1.0,1,1,1.6094379124341003,1.0,3.7612001156935624,2.0,3.0,4.0,1.0,2
10391,3,0.0,0.0,1.0,1,1,1.6094379124341003,1.0,3.7612001156935624,2.0,3.0,4.0,1.0,2
10393,3,0.0,3.0,1.0,1,1,1.791759469228055,1.0,3.8918202981106265,1.0,3.0,4.0,1.0,2
10403,3,0.0,0.0,1.0,4,1,2.5649493574615367,2.0,3.044522437723423,8.0,3.0,4.0,1.0,7
10404,3,0.0,0.0,1.0,1,1,2.302585092994046,2.0,3.713572066704308,8.0,6.0,4.0,1.0,4
10405,3,0.0,0.0,1.0,1,1,0.6931471805599453,2.0,4.143134726391533,8.0,6.0,4.0,1.0,4
10407,3,0.0,0.0,1.0,1,1,2.772588722239781,1.0,4.127134385045092,8.0,3.0,4.0,1.0,6
10408,3,0.0,3.0,1.0,4,1,1.0986122886681098,1.0,3.713572066704308,8.0,3.0,4.0,1.0,3
10411,3,0.0,1.0,2.0,4,1,1.9459101490553132,1.0,3.6375861597263857,1.0,3.0,4.0,1.0,5
10413,3,0.0,0.0,2.0,4,2,1.791759469228055,1.0,2.9444389791664403,8.0,6.0,4.0,1.0,2
10418,3,0.0,0.0,1.0,4,1,0.6931471805599453,1.0,3.091042453358316,8.0,6.0,2.0,1.0,4
10422,3,0.0,2.0,1.0,1,1,1.6094379124341003,1.0,4.060443010546419,2.0,3.0,4.0,1.0,6
10424,3,0.0,0.0,1.0,4,1,2.5649493574615367,1.0,3.828641396489095,8.0,3.0,4.0,1.0,3
10434,2,0.0,1.0,1.0,1,1,1.791759469228055,1.0,2.995732273553991,8.0,3.0,4.0,1.0,4
10435,3,0.0,0.0,1.0,7,1,2.0794415416798357,1.0,3.7612001156935624,5.0,3.0,4.0,1.0,6
10436,3,0.0,0.0,1.0,7,1,0.6931471805599453,1.0,3.4657359027997265,8.0,3.0,4.0,1.0,6
10451,3,0.0,0.0,2.0,4,1,0.6931471805599453,2.0,3.7612001156935624,8.0,6.0,2.0,1.0,6
10459,3,0.0,0.0,2.0,5,1,2.1972245773362196,1.0,3.912023005428146,8.0,3.0,4.0,1.0,7
10468,3,0.0,0.0,1.0,1,1,2.4849066497880004,2.0,3.6109179126442243,1.0,6.0,2.0,2.0,7
10480,2,0.0,0.0,1.0,1,1,1.0986122886681098,1.0,3.713572066704308,1.0,3.0,2.0,1.0,4
10481,2,0.0,4.0,1.0,1,1,1.0986122886681098,1.0,3.713572066704308,1.0,3.0,2.0,1.0,4
10490,3,0.0,0.0,1.0,1,1,2.3978952727983707,1.0,3.295836866004329,8.0,3.0,4.0,1.0,5
10491,3,0.0,0.0,2.0,4,9,2.8903717578961645,1.0,3.4011973816621555,8.0,3.0,4.0,1.0,4
10495,3,0.0,3.0,1.0,4,1,1.9459101490553132,1.0,3.970291913552122,8.0,3.0,4.0,1.0,3
10496,3,0.0,0.0,2.0,4,2,1.6094379124341003,1.0,3.4011973816621555,8.0,9.0,2.0,1.0,6
10497,3,0.0,0.0,2.0,4,2,1.791759469228055,1.0,3.6635616461296463,8.0,9.0,2.0,1.0,6
10502,3,0.0,0.0,2.0,1,1,2.6390573296152584,2.0,3.258096538021482,8.0,3.0,4.0,1.0,1
10506,2,0.0,3.0,1.0,1,1,1.3862943611198906,2.0,3.091042453358316,1.0,3.0,2.0,1.0,4
10508,3,0.0,0.0,1.0,4,1,1.6094379124341003,1.0,3.1354942159291497,8.0,3.0,4.0,1.0,5
10513,3,0.0,0.0,2.0,4,2,1.6094379124341003,1.0,3.332204510175204,8.0,2.0,4.0,1.0,5
10515,3,0.0,0.0,1.0,1,7,2.1972245773362196,1.0,3.2188758248682006,1.0,3.0,4.0,1.0,1
10516,3,0.0,0.0,1.0,1,7,2.1972245773362196,1.0,3.2188758248682006,1.0,3.0,4.0,1.0,1
10524,3,0.0,0.0,2.0,1,9,1.3862943611198906,1.0,3.8501476017100584,1.0,3.0,2.0,1.0,1
10525,3,0.0,0.0,2.0,1,9,1.3862943611198906,1.0,3.8501476017100584,1.0,3.0,2.0,1.0,1
10527,3,0.0,0.0,1.0,1,1,2.1972245773362196,1.0,3.8501476017100584,8.0,3.0,4.0,1.0,5
10535,2,0.0,0.0,1.0,1,1,1.6094379124341003,1.0,3.58351893845611,8.0,6.0,2.0,1.0,5
10539,3,0.0,0.0,2.0,4,2,1.3862943611198906,1.0,3.970291913552122,8.0,3.0,4.0,1.0,5
10540,3,0.0,0.0,2.0,4,2,1.9459101490553132,1.0,3.6375861597263857,6.0,3.0,4.0,1.0,5
10541,3,0.0,0.0,1.0,1,1,2.70805020110221,1.0,3.4657359027997265,1.0,6.0,2.0,2.0,2
10542,3,0.0,0.0,1.0,1,1,2.70805020110221,1.0,3.4657359027997265,1.0,6.0,2.0,2.0,2
10544,2,0.0,0.0,1.0,7,1,2.6390573296152584,2.0,3.9512437185814275,1.0,1.0,4.0,2.0,3
10554,3,0.0,0.0,1.0,4,1,1.791759469228055,1.0,3.8918202981106265,1.0,6.0,2.0,1.0,7
10555,3,0.0,0.0,1.0,4,1,1.791759469228055,1.0,3.8918202981106265,1.0,6.0,2.0,1.0,7
10561,3,0.0,3.0,1.0,4,1,0.6931471805599453,2.0,4.174387269895637,2.0,3.0,4.0,1.0,3
10562,3,0.0,0.0,1.0,1,1,2.302585092994046,1.0,4.007333185232471,2.0,3.0,4.0,1.0,6
10574,3,0.0,0.0,2.0,1,5,2.8903717578961645,2.0,3.9889840465642745,1.0,3.0,4.0,1.0,3
10575,3,0.0,0.0,1.0,4,4,2.4849066497880004,1.0,3.295836866004329,8.0,7.0,2.0,1.0,6
10576,3,0.0,0.0,1.0,4,4,2.4849066497880004,1.0,3.295836866004329,8.0,7.0,2.0,1.0,6
10578,3,0.0,9.0,1.0,1,1,1.3862943611198906,2.0,3.9318256327243257,8.0,2.0,4.0,1.0,4
10580,3,0.0,1.0,1.0,1,1,1.0986122886681098,2.0,3.9318256327243257,1.0,6.0,2.0,1.0,5
10596,3,0.0,0.0,2.0,1,4,2.302585092994046,1.0,3.4011973816621555,2.0,3.0,4.0,1.0,6
10603,3,0.0,1.0,2.0,4,2,0.6931471805599453,1.0,3.4965075614664802,2.0,3.0,4.0,1.0,6
10605,3,0.0,0.0,2.0,4,1,0.6931471805599453,1.0,3.367295829986474,8.0,3.0,4.0,1.0,2
10610,3,0.0,0.0,2.0,1,1,0.6931471805599453,2.0,3.367295829986474,1.0,3.0,4.0,1.0,2
10611,3,0.0,0.0,2.0,4,2,1.3862943611198906,1.0,4.219507705176107,1.0,3.0,4.0,1.0,2
10618,3,0.0,0.0,1.0,1,1,1.6094379124341003,1.0,2.995732273553991,1.0,3.0,4.0,2.0,5
10624,3,0.0,0.0,2.0,7,9,2.0794415416798357,1.0,4.219507705176107,8.0,6.0,2.0,1.0,6
10625,3,0.0,0.0,2.0,7,9,0.6931471805599453,1.0,3.4657359027997265,5.0,6.0,2.0,1.0,6
10626,2,0.0,1.0,1.0,1,9,2.0794415416798357,1.0,3.7376696182833684,8.0,7.0,2.0,1.0,5
10628,3,0.0,0.0,2.0,4,1,2.0794415416798357,1.0,3.871201010907891,1.0,3.0,4.0,1.0,1
10629,3,0.0,0.0,2.0,4,1,2.0794415416798357,1.0,3.970291913552122,1.0,3.0,4.0,1.0,1
10632,3,0.0,0.0,2.0,4,2,1.791759469228055,1.0,4.04305126783455,1.0,3.0,2.0,1.0,4
10636,3,0.0,2.0,1.0,1,1,2.772588722239781,2.0,3.8066624897703196,8.0,3.0,4.0,1.0,7
10637,3,0.0,0.0,1.0,4,1,1.0986122886681098,1.0,3.4339872044851463,8.0,3.0,4.0,1.0,2
10640,3,0.0,0.0,1.0,1,1,1.9459101490553132,2.0,4.04305126783455,6.0,6.0,2.0,1.0,1
10641,3,0.0,0.0,2.0,1,2,1.791759469228055,1.0,3.5553480614894135,2.0,3.0,4.0,1.0,3
10642,3,0.0,0.0,1.0,1,1,1.9459101490553132,1.0,3.871201010907891,1.0,6.0,2.0,2.0,4
10643,3,0.0,0.0,1.0,1,1,1.9459101490553132,1.0,3.871201010907891,1.0,6.0,2.0,2.0,4
10644,3,0.0,0.0,1.0,1,1,1.9459101490553132,1.0,3.871201010907891,1.0,6.0,2.0,2.0,4
10651,3,0.0,0.0,2.0,4,2,2.302585092994046,1.0,4.007333185232471,8.0,8.0,4.0,1.0,7
10656,3,0.0,2.0,1.0,4,1,1.0986122886681098,1.0,3.871201010907891,1.0,3.0,4.0,1.0,7
10657,3,0.0,1.0,2.0,4,2,2.302585092994046,1.0,3.4965075614664802,8.0,9.0,4.0,1.0,2
10664,3,0.0,0.0,1.0,1,1,1.6094379124341003,1.0,3.7376696182833684,8.0,1.0,2.0,1.0,4
10666,3,0.0,1.0,2.0,4,1,2.3978952727983707,1.0,3.8066624897703196,1.0,3.0,4.0,1.0,6
10667,3,0.0,3.0,1.0,4,1,1.791759469228055,1.0,3.6888794541139363,1.0,3.0,2.0,1.0,5
10669,3,0.0,0.0,1.0,4,1,1.791759469228055,1.0,3.367295829986474,1.0,3.0,4.0,1.0,2
10675,3,0.0,0.0,2.0,1,2,2.302585092994046,1.0,3.1780538303479458,8.0,3.0,4.0,1.0,4
10682,3,0.0,0.0,1.0,1,1,1.3862943611198906,1.0,3.6635616461296463,8.0,6.0,2.0,1.0,6
10688,3,0.0,0.0,1.0,1,1,2.302585092994046,1.0,3.6375861597263857,1.0,3.0,4.0,1.0,5
10693,3,0.0,0.0,1.0,1,1,1.3862943611198906,2.0,3.4657359027997265,2.0,3.0,2.0,1.0,5
10696,2,0.0,0.0,1.0,1,1,1.791759469228055,1.0,4.02535169073515,2.0,3.0,4.0,1.0,3
10701,3,0.0,0.0,1.0,1,1,2.0794415416798357,1.0,3.9889840465642745,2.0,3.0,4.0,1.0,4
10702,3,0.0,0.0,2.0,7,2,0.6931471805599453,1.0,2.995732273553991,2.0,3.0,4.0,1.0,5
10703,3,0.0,0.0,1.0,1,1,0.6931471805599453,1.0,3.6109179126442243,8.0,3.0,4.0,1.0,4
10708,3,0.0,0.0,2.0,1,1,2.0794415416798357,1.0,2.995732273553991,8.0,3.0,4.0,1.0,7
10709,3,0.0,0.0,2.0,1,1,2.302585092994046,2.0,3.258096538021482,8.0,3.0,4.0,1.0,7
10710,3,0.0,2.0,2.0,1,1,2.3978952727983707,2.0,3.367295829986474,1.0,3.0,2.0,1.0,3
10711,3,0.0,0.0,2.0,1,2,1.3862943611198906,1.0,3.5553480614894135,1.0,3.0,4.0,1.0,3
10723,3,0.0,0.0,1.0,1,9,1.6094379124341003,1.0,3.4657359027997265,1.0,3.0,4.0,1.0,5
10727,2,0.0,3.0,2.0,4,5,2.5649493574615367,1.0,4.007333185232471,1.0,9.0,2.0,1.0,5
10729,3,0.0,0.0,1.0,4,1,2.0794415416798357,1.0,3.5553480614894135,8.0,3.0,4.0,1.0,2
10733,3,0.0,0.0,1.0,4,1,0.6931471805599453,1.0,3.58351893845611,8.0,6.0,4.0,1.0,3
10735,3,0.0,0.0,2.0,4,9,1.6094379124341003,1.0,3.9318256327243257,8.0,6.0,4.0,1.0,6
10736,3,0.0,0.0,2.0,4,9,2.5649493574615367,1.0,3.332204510175204,8.0,6.0,4.0,1.0,6
10737,3,0.0,0.0,2.0,4,9,2.5649493574615367,1.0,3.332204510175204,8.0,6.0,4.0,1.0,6
10738,3,0.0,0.0,2.0,7,2,1.0986122886681098,1.0,3.367295829986474,1.0,9.0,2.0,2.0,6
10743,3,0.0,4.0,1.0,4,4,2.1972245773362196,1.0,3.2188758248682006,2.0,6.0,2.0,1.0,7
10746,3,0.0,0.0,1.0,4,1,2.6390573296152584,1.0,3.4339872044851463,8.0,3.0,4.0,1.0,1
10748,3,0.0,1.0,2.0,4,1,2.5649493574615367,1.0,4.3694478524670215,8.0,3.0,4.0,1.0,3
10749,3,0.0,0.0,2.0,4,1,2.3978952727983707,1.0,3.8501476017100584,8.0,3.0,4.0,1.0,5
10751,3,0.0,1.0,1.0,4,1,3.1354942159291497,1.0,4.110873864173311,2.0,6.0,4.0,1.0,7
10752,3,0.0,0.0,1.0,1,1,1.0986122886681098,1.0,3.6635616461296463,8.0,3.0,4.0,1.0,4
10753,3,0.0,3.0,1.0,4,1,2.833213344056216,1.0,4.04305126783455,8.0,3.0,4.0,1.0,2
10754,3,0.0,0.0,2.0,4,5,2.3978952727983707,1.0,3.5553480614894135,8.0,1.0,4.0,1.0,4
10760,3,0.0,0.0,1.0,1,1,2.0794415416798357,1.0,3.9889840465642745,8.0,1.0,2.0,1.0,6
10766,3,0.0,0.0,1.0,1,1,3.091042453358316,1.0,3.7376696182833684,8.0,6.0,4.0,1.0,6
10767,3,0.0,3.0,1.0,4,1,1.9459101490553132,2.0,3.8918202981106265,8.0,6.0,2.0,1.0,7
10768,3,0.0,0.0,1.0,1,1,1.3862943611198906,1.0,3.044522437723423,8.0,3.0,4.0,1.0,6
10770,3,0.0,0.0,1.0,1,1,2.9444389791664403,1.0,3.4011973816621555,8.0,3.0,4.0,1.0,7
10781,3,0.0,0.0,1.0,1,1,0.6931471805599453,1.0,3.1780538303479458,8.0,3.0,4.0,1.0,7
10790,3,0.0,0.0,2.0,4,2,1.0986122886681098,2.0,3.6375861597263857,8.0,3.0,4.0,2.0,6
10796,3,0.0,1.0,1.0,1,1,1.9459101490553132,1.0,3.713572066704308,8.0,3.0,2.0,1.0,3
10797,3,0.0,0.0,1.0,4,1,2.1972245773362196,1.0,3.9512437185814275,8.0,2.0,4.0,1.0,1
10798,3,0.0,0.0,1.0,4,1,2.1972245773362196,1.0,3.9512437185814275,8.0,2.0,4.0,1.0,1
10799,3,0.0,0.0,1.0,4,1,2.1972245773362196,1.0,3.9512437185814275,8.0,2.0,4.0,1.0,1
10800,3,0.0,0.0,1.0,4,1,2.1972245773362196,1.0,3.9512437185814275,8.0,2.0,4.0,1.0,1
10809,3,0.0,1.0,1.0,1,1,2.4849066497880004,1.0,4.189654742026425,8.0,3.0,4.0,1.0,5
10811,3,0.0,0.0,2.0,1,1,2.4849066497880004,2.0,3.1354942159291497,8.0,3.0,4.0,1.0,7
10816,3,0.0,0.0,1.0,1,1,0.6931471805599453,2.0,3.6635616461296463,8.0,3.0,4.0,1.0,6
10817,2,0.0,0.0,1.0,4,1,2.5649493574615367,1.0,2.8903717578961645,8.0,3.0,4.0,1.0,3
10821,3,0.0,0.0,1.0,4,1,0.6931471805599453,1.0,3.7376696182833684,8.0,3.0,4.0,2.0,5
10822,3,0.0,0.0,1.0,1,1,1.791759469228055,1.0,3.332204510175204,8.0,6.0,4.0,1.0,2
10824,3,0.0,0.0,1.0,4,1,1.6094379124341003,1.0,4.1588830833596715,8.0,3.0,4.0,1.0,6
10826,3,0.0,0.0,2.0,4,2,1.791759469228055,1.0,3.367295829986474,1.0,1.0,4.0,1.0,7
10828,3,0.0,0.0,2.0,4,1,2.0794415416798357,1.0,3.5553480614894135,8.0,3.0,4.0,1.0,2
10837,3,0.0,0.0,1.0,1,1,1.9459101490553132,1.0,3.8918202981106265,8.0,3.0,4.0,1.0,2
10840,3,0.0,0.0,1.0,4,1,1.3862943611198906,1.0,3.295836866004329,8.0,6.0,4.0,1.0,3
10841,3,0.0,0.0,1.0,1,1,1.9459101490553132,1.0,3.4339872044851463,8.0,3.0,4.0,1.0,7
10843,3,0.0,1.0,1.0,1,1,2.1972245773362196,1.0,3.7376696182833684,8.0,3.0,4.0,1.0,3
10845,3,0.0,0.0,1.0,1,1,1.9459101490553132,1.0,3.713572066704308,8.0,3.0,4.0,1.0,4
10846,3,0.0,3.0,1.0,1,9,0.6931471805599453,1.0,3.4011973816621555,2.0,3.0,4.0,1.0,2
10847,3,0.0,0.0,1.0,1,1,1.3862943611198906,1.0,3.6635616461296463,8.0,3.0,4.0,1.0,3
10849,3,0.0,0.0,2.0,4,2,1.3862943611198906,1.0,3.1354942159291497,8.0,3.0,4.0,1.0,5
10851,3,0.0,0.0,2.0,4,2,2.0794415416798357,1.0,3.871201010907891,8.0,3.0,4.0,1.0,5
10852,3,0.0,0.0,2.0,4,2,2.302585092994046,1.0,3.9512437185814275,8.0,3.0,4.0,1.0,5
10855,3,0.0,0.0,2.0,4,2,2.302585092994046,1.0,3.367295829986474,8.0,1.0,2.0,2.0,5
10856,3,0.0,0.0,2.0,4,2,2.302585092994046,1.0,3.367295829986474,8.0,1.0,2.0,2.0,5
10858,3,0.0,0.0,1.0,4,1,2.1972245773362196,1.0,3.4965075614664802,8.0,3.0,2.0,2.0,1
10862,3,0.0,1.0,1.0,1,1,2.70805020110221,1.0,3.1780538303479458,8.0,3.0,4.0,1.0,1
10864,2,0.0,1.0,2.0,4,1,2.4849066497880004,2.0,3.367295829986474,2.0,3.0,4.0,1.0,6
10869,3,0.0,3.0,1.0,1,1,1.791759469228055,2.0,3.044522437723423,8.0,3.0,4.0,1.0,3
10872,3,0.0,0.0,2.0,4,1,0.6931471805599453,1.0,3.2188758248682006,8.0,3.0,4.0,1.0,1
10874,3,0.0,0.0,1.0,4,1,0.6931471805599453,1.0,3.7612001156935624,1.0,3.0,4.0,1.0,7
10882,3,0.0,1.0,1.0,4,1,1.9459101490553132,1.0,3.6375861597263857,2.0,3.0,4.0,1.0,7
10885,3,0.0,0.0,1.0,1,1,2.1972245773362196,2.0,3.58351893845611,1.0,3.0,4.0,1.0,5
10895,3,0.0,0.0,1.0,1,1,2.3978952727983707,1.0,2.8903717578961645,8.0,8.0,4.0,1.0,4
10896,3,0.0,1.0,1.0,5,1,2.4849066497880004,1.0,4.23410650459726,1.0,6.0,2.0,1.0,5
10900,3,0.0,0.0,1.0,4,1,1.6094379124341003,1.0,2.995732273553991,8.0,3.0,4.0,1.0,2
10902,3,0.0,0.0,1.0,4,1,0.6931471805599453,1.0,3.4657359027997265,8.0,3.0,2.0,1.0,4
10906,3,0.0,0.0,1.0,1,1,1.791759469228055,2.0,4.02535169073515,8.0,8.0,2.0,1.0,2
10909,3,0.0,0.0,1.0,1,1,2.3978952727983707,1.0,3.9318256327243257,8.0,3.0,2.0,1.0,4
10914,3,0.0,0.0,1.0,1,1,2.5649493574615367,2.0,3.7376696182833684,8.0,3.0,4.0,1.0,5
10915,3,0.0,0.0,1.0,1,1,2.5649493574615367,2.0,3.7376696182833684,8.0,3.0,4.0,1.0,5
10916,3,0.0,0.0,1.0,4,1,1.0986122886681098,1.0,3.367295829986474,8.0,3.0,4.0,1.0,4
10917,3,0.0,0.0,1.0,4,1,0.6931471805599453,1.0,3.332204510175204,8.0,3.0,4.0,1.0,4
10918,3,0.0,0.0,2.0,4,2,2.5649493574615367,1.0,3.4339872044851463,8.0,8.0,4.0,1.0,7
10919,3,0.0,0.0,2.0,4,2,1.3862943611198906,2.0,4.007333185232471,8.0,8.0,4.0,1.0,7
10924,3,0.0,0.0,1.0,1,1,1.0986122886681098,1.0,3.6888794541139363,8.0,6.0,4.0,1.0,5
10926,2,0.0,1.0,1.0,4,1,2.1972245773362196,1.0,3.4011973816621555,8.0,6.0,2.0,1.0,3
10927,2,0.0,1.0,1.0,4,1,2.1972245773362196,1.0,3.4011973816621555,8.0,6.0,2.0,1.0,3
10928,3,0.0,3.0,1.0,1,1,2.1972245773362196,1.0,3.8066624897703196,8.0,3.0,4.0,1.0,7
10930,3,0.0,0.0,1.0,1,1,2.4849066497880004,1.0,3.912023005428146,8.0,6.0,4.0,1.0,5
10931,3,0.0,0.0,1.0,1,1,2.4849066497880004,1.0,3.912023005428146,8.0,6.0,4.0,1.0,5
10936,3,0.0,0.0,1.0,1,1,1.791759469228055,1.0,3.4339872044851463,8.0,6.0,2.0,2.0,1
10938,3,0.0,0.0,1.0,1,1,1.0986122886681098,1.0,3.8066624897703196,8.0,3.0,4.0,1.0,6
10940,3,0.0,0.0,1.0,1,1,2.5649493574615367,1.0,3.332204510175204,8.0,3.0,4.0,1.0,2
10943,3,0.0,1.0,1.0,1,1,2.5649493574615367,1.0,3.4339872044851463,8.0,3.0,4.0,1.0,4
10944,3,0.0,0.0,1.0,1,4,1.9459101490553132,2.0,4.127134385045092,8.0,3.0,2.0,1.0,3
10946,3,0.0,0.0,1.0,1,1,0.6931471805599453,1.0,3.367295829986474,8.0,3.0,4.0,1.0,6
10949,2,0.0,0.0,1.0,1,1,2.302585092994046,1.0,3.7612001156935624,8.0,3.0,2.0,1.0,2
10951,3,0.0,0.0,1.0,1,1,1.6094379124341003,1.0,3.4011973816621555,8.0,3.0,2.0,2.0,3
10954,3,0.0,0.0,1.0,1,1,1.791759469228055,1.0,3.912023005428146,8.0,3.0,4.0,1.0,5
10955,3,0.0,3.0,1.0,1,1,1.3862943611198906,2.0,4.110873864173311,8.0,3.0,4.0,1.0,5
10958,2,0.0,9.0,1.0,4,1,1.9459101490553132,1.0,4.007333185232471,1.0,3.0,4.0,1.0,4
10959,3,0.0,0.0,1.0,1,1,2.3978952727983707,2.0,3.713572066704308,8.0,3.0,4.0,2.0,4
10962,3,0.0,0.0,2.0,4,2,4.02535169073515,2.0,3.8066624897703196,8.0,8.0,4.0,1.0,6
10963,3,0.0,1.0,1.0,1,1,0.6931471805599453,1.0,3.9318256327243257,8.0,3.0,4.0,1.0,2
10968,3,0.0,0.0,2.0,4,2,2.5649493574615367,1.0,3.6888794541139363,8.0,3.0,4.0,1.0,2
10972,2,0.0,9.0,1.0,1,1,1.3862943611198906,1.0,4.382026634673881,8.0,3.0,4.0,1.0,6
10976,3,0.0,0.0,1.0,1,1,0.6931471805599453,1.0,3.58351893845611,8.0,3.0,4.0,1.0,3
10977,3,0.0,0.0,1.0,4,1,1.791759469228055,1.0,4.04305126783455,8.0,8.0,4.0,2.0,7
10986,3,0.0,0.0,1.0,4,1,1.6094379124341003,1.0,3.1780538303479458,8.0,3.0,4.0,1.0,4
10988,3,0.0,1.0,1.0,1,1,1.6094379124341003,1.0,4.02535169073515,8.0,3.0,2.0,1.0,5
10990,3,0.0,0.0,1.0,1,1,2.70805020110221,1.0,3.8066624897703196,8.0,8.0,4.0,1.0,6
10992,3,0.0,0.0,1.0,1,1,2.3978952727983707,1.0,3.8501476017100584,8.0,3.0,4.0,1.0,6
10993,2,0.0,0.0,1.0,4,1,1.6094379124341003,1.0,3.1780538303479458,8.0,3.0,4.0,1.0,1
10994,2,0.0,0.0,1.0,4,1,1.6094379124341003,1.0,3.1780538303479458,8.0,3.0,4.0,1.0,1
10998,3,0.0,0.0,1.0,4,1,2.3978952727983707,1.0,3.4657359027997265,8.0,6.0,2.0,2.0,1
10999,3,0.0,0.0,1.0,4,1,2.3978952727983707,1.0,3.4657359027997265,8.0,6.0,2.0,2.0,1
11004,2,0.0,0.0,1.0,4,1,2.1972245773362196,1.0,2.833213344056216,8.0,3.0,4.0,1.0,7