accident_severity,special_conditions_at_site,pedestrian_movement,road_surface_conditions,light_conditions,weather_conditions,age_of_vehicle,sex_of_driver,age_of_driver,junction_location,junction_detail,junction_control,did_police_officer_attend_scene_of_accident,day_of_week
11007,3,0.0,0.0,1.0,1,1,2.5649493574615367,1.0,3.091042453358316,8.0,6.0,4.0,1.0,1
11015,3,0.0,0.0,2.0,4,2,1.3862943611198906,1.0,3.8501476017100584,8.0,3.0,2.0,2.0,6
11023,2,0.0,0.0,1.0,4,1,2.70805020110221,1.0,3.044522437723423,8.0,3.0,4.0,1.0,6
11030,3,0.0,0.0,1.0,1,1,1.791759469228055,1.0,3.9318256327243257,8.0,3.0,2.0,1.0,3
11031,3,0.0,0.0,1.0,4,1,1.9459101490553132,1.0,4.110873864173311,8.0,3.0,4.0,2.0,3
11033,3,0.0,9.0,1.0,1,1,1.0986122886681098,1.0,3.6109179126442243,8.0,8.0,4.0,1.0,3
11036,3,0.0,0.0,1.0,1,1,1.6094379124341003,1.0,3.4965075614664802,8.0,3.0,4.0,1.0,7
11038,3,0.0,1.0,1.0,1,1,0.6931471805599453,2.0,3.332204510175204,8.0,3.0,4.0,1.0,2
11039,3,6.0,0.0,1.0,1,1,2.1972245773362196,1.0,3.4965075614664802,8.0,1.0,4.0,1.0,4
11044,3,0.0,0.0,1.0,1,1,2.302585092994046,1.0,3.1780538303479458,8.0,3.0,4.0,1.0,5
11045,3,0.0,0.0,1.0,1,1,1.791759469228055,1.0,3.6635616461296463,8.0,3.0,4.0,1.0,5
11047,3,0.0,0.0,1.0,1,1,2.3978952727983707,1.0,3.332204510175204,8.0,6.0,2.0,1.0,5
11055,3,0.0,1.0,1.0,1,1,1.791759469228055,1.0,4.143134726391533,2.0,6.0,4.0,1.0,4
11059,3,0.0,0.0,1.0,1,1,1.791759469228055,1.0,3.7376696182833684,8.0,7.0,2.0,1.0,2
11065,3,0.0,0.0,1.0,1,1,0.6931471805599453,1.0,3.5553480614894135,8.0,3.0,4.0,1.0,3
11070,3,0.0,0.0,1.0,1,1,1.3862943611198906,1.0,3.6109179126442243,8.0,6.0,2.0,2.0,3
11074,3,0.0,3.0,1.0,1,1,2.5649493574615367,1.0,4.276666119016055,8.0,6.0,2.0,1.0,6
11077,3,0.0,0.0,1.0,1,1,0.6931471805599453,1.0,3.4011973816621555,8.0,2.0,4.0,1.0,3
11083,3,0.0,1.0,1.0,1,4,1.3862943611198906,1.0,4.189654742026425,8.0,3.0,4.0,1.0,4
11093,3,0.0,0.0,1.0,1,1,2.1972245773362196,1.0,3.58351893845611,8.0,3.0,2.0,2.0,7
11100,3,0.0,0.0,2.0,1,2,1.6094379124341003,1.0,4.290459441148391,8.0,5.0,2.0,1.0,5
11101,3,0.0,0.0,2.0,1,2,1.6094379124341003,1.0,4.290459441148391,8.0,5.0,2.0,1.0,5
11103,3,0.0,0.0,1.0,1,1,1.3862943611198906,1.0,3.5263605246161616,8.0,7.0,4.0,1.0,3
11109,3,0.0,0.0,1.0,1,1,2.0794415416798357,1.0,3.6888794541139363,8.0,1.0,2.0,1.0,7
11110,3,0.0,0.0,1.0,1,1,2.1972245773362196,2.0,4.060443010546419,1.0,6.0,4.0,2.0,6
11112,3,0.0,0.0,2.0,1,2,1.0986122886681098,1.0,4.110873864173311,1.0,3.0,4.0,2.0,5
11114,3,0.0,0.0,1.0,1,1,1.6094379124341003,1.0,3.871201010907891,1.0,3.0,2.0,2.0,4
11118,3,0.0,1.0,1.0,4,1,2.70805020110221,2.0,4.02535169073515,1.0,6.0,2.0,1.0,3
11125,3,0.0,0.0,1.0,1,1,2.6390573296152584,1.0,3.970291913552122,8.0,6.0,4.0,1.0,5
11127,3,0.0,0.0,1.0,1,1,2.5649493574615367,1.0,3.332204510175204,2.0,3.0,4.0,1.0,3
11128,3,0.0,1.0,1.0,1,1,2.5649493574615367,1.0,3.332204510175204,2.0,3.0,4.0,1.0,3
11130,3,0.0,0.0,1.0,1,1,1.9459101490553132,2.0,3.8066624897703196,8.0,3.0,4.0,1.0,5
11131,3,0.0,0.0,1.0,1,1,2.3978952727983707,2.0,3.5553480614894135,8.0,3.0,2.0,1.0,5
11132,3,0.0,0.0,1.0,1,1,2.3978952727983707,2.0,3.5553480614894135,8.0,3.0,2.0,1.0,5
11133,3,0.0,0.0,1.0,1,1,2.3978952727983707,2.0,3.5553480614894135,8.0,3.0,2.0,1.0,5
11134,3,0.0,0.0,1.0,1,1,2.3978952727983707,2.0,3.5553480614894135,8.0,3.0,2.0,1.0,5
11142,3,0.0,4.0,1.0,1,1,1.791759469228055,1.0,3.367295829986474,8.0,3.0,4.0,1.0,4
11152,3,0.0,0.0,2.0,1,2,2.0794415416798357,1.0,3.58351893845611,8.0,6.0,2.0,2.0,2
11154,3,0.0,1.0,1.0,1,1,0.6931471805599453,1.0,3.912023005428146,8.0,3.0,2.0,1.0,4
11155,3,0.0,0.0,1.0,1,1,2.9444389791664403,1.0,3.6635616461296463,8.0,3.0,4.0,1.0,7
11164,3,0.0,0.0,1.0,1,1,2.70805020110221,1.0,3.6635616461296463,8.0,3.0,4.0,1.0,4
11169,3,0.0,0.0,1.0,1,1,1.3862943611198906,1.0,3.1780538303479458,8.0,3.0,3.0,2.0,7
11172,2,1.0,0.0,1.0,1,1,2.995732273553991,1.0,3.9889840465642745,8.0,6.0,2.0,1.0,1
11180,3,0.0,0.0,2.0,1,1,2.0794415416798357,1.0,4.007333185232471,8.0,6.0,2.0,1.0,1
11183,3,0.0,0.0,2.0,1,1,2.3978952727983707,1.0,3.6635616461296463,8.0,6.0,2.0,1.0,1
11187,3,0.0,0.0,1.0,1,1,2.1972245773362196,1.0,3.6375861597263857,8.0,3.0,4.0,1.0,5
11191,3,0.0,0.0,1.0,4,1,3.091042453358316,1.0,3.6109179126442243,8.0,3.0,4.0,1.0,5
11199,3,0.0,0.0,1.0,1,1,1.791759469228055,1.0,3.332204510175204,8.0,6.0,4.0,2.0,6
11203,3,0.0,1.0,2.0,4,2,2.0794415416798357,1.0,3.295836866004329,2.0,3.0,4.0,1.0,7
11205,3,0.0,0.0,1.0,1,1,1.0986122886681098,1.0,3.4965075614664802,8.0,3.0,3.0,1.0,5
11207,3,0.0,0.0,1.0,4,1,2.9444389791664403,1.0,3.1780538303479458,8.0,3.0,3.0,1.0,3
11210,3,0.0,0.0,1.0,1,1,1.6094379124341003,1.0,3.4657359027997265,1.0,3.0,4.0,1.0,3
11212,3,0.0,0.0,1.0,1,1,2.0794415416798357,1.0,3.2188758248682006,6.0,6.0,4.0,1.0,2
11216,3,0.0,0.0,1.0,4,1,1.9459101490553132,1.0,3.2188758248682006,1.0,6.0,4.0,1.0,7
11222,3,0.0,0.0,1.0,1,1,1.3862943611198906,1.0,3.5263605246161616,8.0,3.0,4.0,1.0,2
11223,3,0.0,0.0,1.0,4,1,2.6390573296152584,1.0,3.784189633918261,1.0,6.0,4.0,1.0,3
11226,3,0.0,0.0,1.0,1,1,1.6094379124341003,1.0,3.1780538303479458,8.0,3.0,4.0,1.0,7
11236,3,0.0,0.0,1.0,1,1,2.5649493574615367,2.0,3.58351893845611,8.0,3.0,2.0,1.0,3
11237,3,0.0,0.0,1.0,1,1,2.5649493574615367,2.0,3.58351893845611,8.0,3.0,2.0,1.0,3
11239,3,0.0,0.0,1.0,1,1,2.302585092994046,1.0,3.713572066704308,8.0,3.0,4.0,1.0,2
11240,3,0.0,0.0,1.0,1,1,1.791759469228055,1.0,3.784189633918261,2.0,3.0,2.0,1.0,5
11242,3,0.0,0.0,1.0,1,1,2.6390573296152584,2.0,3.4965075614664802,8.0,2.0,4.0,1.0,2
11247,3,0.0,0.0,1.0,1,1,1.3862943611198906,1.0,3.828641396489095,2.0,3.0,2.0,1.0,6
11253,3,0.0,0.0,1.0,4,1,2.0794415416798357,1.0,2.9444389791664403,8.0,3.0,4.0,1.0,7
11256,3,0.0,0.0,1.0,4,1,1.0986122886681098,1.0,3.6375861597263857,8.0,6.0,2.0,1.0,2
11258,3,0.0,0.0,1.0,4,1,2.0794415416798357,1.0,3.258096538021482,8.0,3.0,4.0,1.0,5
11260,3,0.0,0.0,1.0,1,1,1.791759469228055,1.0,3.4657359027997265,2.0,6.0,2.0,1.0,1
11262,3,0.0,0.0,1.0,4,1,1.9459101490553132,1.0,3.7376696182833684,8.0,5.0,4.0,1.0,4
11270,3,0.0,0.0,1.0,4,1,1.0986122886681098,1.0,3.4657359027997265,1.0,3.0,4.0,1.0,5
11278,3,0.0,0.0,1.0,1,1,1.0986122886681098,1.0,3.091042453358316,8.0,3.0,4.0,1.0,4
11283,3,0.0,0.0,1.0,1,1,1.6094379124341003,1.0,3.1354942159291497,8.0,3.0,4.0,1.0,5
11289,3,0.0,0.0,1.0,1,1,2.302585092994046,2.0,4.007333185232471,8.0,6.0,2.0,1.0,2
11292,2,0.0,0.0,1.0,1,1,1.3862943611198906,1.0,3.8501476017100584,8.0,6.0,2.0,1.0,7
11294,2,0.0,0.0,1.0,1,1,1.0986122886681098,1.0,3.8501476017100584,8.0,3.0,4.0,1.0,7
11309,2,0.0,0.0,1.0,4,1,3.871201010907891,1.0,3.9318256327243257,8.0,3.0,2.0,1.0,3
11317,3,4.0,0.0,1.0,1,1,0.6931471805599453,1.0,3.7376696182833684,8.0,3.0,4.0,1.0,1
11319,3,0.0,0.0,1.0,4,1,1.6094379124341003,1.0,3.58351893845611,8.0,6.0,4.0,1.0,7
11323,3,0.0,0.0,1.0,4,1,2.302585092994046,1.0,3.970291913552122,8.0,3.0,4.0,1.0,7
11329,3,0.0,0.0,1.0,1,1,1.791759469228055,1.0,3.2188758248682006,2.0,3.0,4.0,1.0,6
11330,3,0.0,0.0,1.0,1,1,2.772588722239781,1.0,3.871201010907891,8.0,1.0,2.0,1.0,7
11331,3,0.0,0.0,1.0,1,1,2.772588722239781,1.0,3.871201010907891,8.0,1.0,2.0,1.0,7
11332,3,0.0,0.0,1.0,1,1,2.772588722239781,1.0,3.871201010907891,8.0,1.0,2.0,1.0,7
11338,3,0.0,0.0,1.0,1,1,0.6931471805599453,2.0,3.828641396489095,8.0,3.0,4.0,1.0,4
11346,3,0.0,0.0,1.0,4,1,1.9459101490553132,1.0,3.4011973816621555,8.0,3.0,4.0,1.0,3
11349,3,0.0,1.0,1.0,1,1,1.0986122886681098,1.0,3.4011973816621555,8.0,6.0,4.0,1.0,4
11356,3,0.0,0.0,1.0,4,1,1.6094379124341003,1.0,3.58351893845611,8.0,3.0,4.0,1.0,5
11358,3,0.0,3.0,1.0,1,1,2.70805020110221,1.0,3.367295829986474,8.0,3.0,2.0,1.0,5
11359,3,0.0,0.0,2.0,4,2,1.791759469228055,1.0,3.1354942159291497,8.0,3.0,4.0,1.0,3
11367,3,0.0,0.0,1.0,1,1,2.3978952727983707,1.0,3.295836866004329,8.0,3.0,2.0,1.0,2
11371,3,0.0,0.0,1.0,1,1,2.0794415416798357,1.0,3.970291913552122,8.0,3.0,4.0,1.0,4
11381,3,0.0,0.0,1.0,1,1,2.70805020110221,1.0,3.295836866004329,8.0,3.0,4.0,1.0,5
11388,3,0.0,0.0,1.0,1,1,1.6094379124341003,2.0,3.258096538021482,8.0,6.0,4.0,1.0,4
11392,3,0.0,0.0,1.0,1,1,2.70805020110221,1.0,3.295836866004329,8.0,8.0,4.0,1.0,4
11397,3,0.0,0.0,1.0,1,1,2.4849066497880004,1.0,3.4339872044851463,8.0,3.0,4.0,1.0,5
11399,3,0.0,0.0,1.0,1,1,1.3862943611198906,1.0,3.5263605246161616,8.0,3.0,4.0,1.0,4
11400,3,0.0,0.0,2.0,1,2,3.044522437723423,1.0,4.07753744390572,8.0,6.0,4.0,1.0,2
11410,3,0.0,1.0,1.0,1,1,2.0794415416798357,1.0,3.6109179126442243,8.0,3.0,4.0,1.0,3
11415,3,0.0,0.0,1.0,1,1,2.302585092994046,1.0,3.6635616461296463,8.0,6.0,4.0,1.0,4
11418,3,0.0,0.0,1.0,1,1,1.0986122886681098,2.0,3.9512437185814275,1.0,3.0,4.0,1.0,6
11421,3,0.0,0.0,2.0,1,2,1.6094379124341003,1.0,4.0943445622221,8.0,3.0,4.0,1.0,3
11426,3,0.0,0.0,1.0,4,1,1.6094379124341003,1.0,3.4011973816621555,8.0,3.0,4.0,1.0,4
11432,3,0.0,0.0,1.0,1,1,1.3862943611198906,1.0,3.091042453358316,8.0,3.0,4.0,1.0,5
11433,3,0.0,0.0,1.0,4,1,1.791759469228055,1.0,3.1354942159291497,8.0,3.0,4.0,1.0,6
11436,3,0.0,0.0,1.0,1,1,2.3978952727983707,1.0,3.8066624897703196,8.0,8.0,4.0,1.0,4
11439,3,0.0,1.0,1.0,1,1,0.6931471805599453,1.0,3.58351893845611,8.0,3.0,4.0,1.0,1
11443,3,0.0,0.0,1.0,1,1,2.302585092994046,1.0,3.4011973816621555,8.0,3.0,4.0,1.0,3
11445,3,0.0,0.0,1.0,1,1,2.6390573296152584,1.0,3.713572066704308,8.0,1.0,4.0,1.0,6
11446,3,0.0,0.0,1.0,1,1,2.4849066497880004,1.0,3.7376696182833684,8.0,1.0,4.0,1.0,6
11447,3,0.0,0.0,1.0,1,1,1.6094379124341003,1.0,3.58351893845611,8.0,5.0,4.0,1.0,6
11451,3,0.0,0.0,1.0,1,1,2.0794415416798357,1.0,3.7612001156935624,8.0,3.0,4.0,1.0,4
11453,3,0.0,0.0,1.0,1,1,2.302585092994046,2.0,3.6888794541139363,8.0,3.0,2.0,1.0,7
11455,3,0.0,0.0,1.0,1,1,1.6094379124341003,1.0,3.912023005428146,8.0,3.0,4.0,1.0,3
11457,2,0.0,1.0,1.0,1,1,2.302585092994046,2.0,3.4339872044851463,8.0,3.0,4.0,1.0,4
11458,3,0.0,3.0,2.0,1,2,1.3862943611198906,1.0,3.4339872044851463,8.0,3.0,4.0,1.0,4
11462,3,0.0,1.0,2.0,1,2,2.0794415416798357,1.0,3.970291913552122,8.0,3.0,4.0,1.0,2
11478,3,4.0,1.0,1.0,1,1,1.3862943611198906,2.0,4.31748811353631,8.0,3.0,4.0,1.0,6
11483,3,0.0,1.0,2.0,1,2,0.6931471805599453,1.0,3.6109179126442243,8.0,6.0,4.0,1.0,4
11486,3,0.0,0.0,1.0,1,1,2.1972245773362196,1.0,4.07753744390572,8.0,3.0,4.0,2.0,6
11490,3,0.0,1.0,1.0,1,1,2.3978952727983707,1.0,3.4965075614664802,8.0,3.0,4.0,1.0,5
11496,3,0.0,0.0,1.0,4,8,2.3978952727983707,1.0,3.784189633918261,8.0,6.0,2.0,1.0,1
11497,3,0.0,0.0,1.0,4,8,2.3978952727983707,1.0,3.784189633918261,8.0,6.0,2.0,1.0,1
11513,3,0.0,0.0,1.0,1,1,1.0986122886681098,2.0,3.713572066704308,8.0,6.0,4.0,1.0,3
11520,3,0.0,0.0,1.0,1,1,1.9459101490553132,1.0,3.970291913552122,8.0,3.0,4.0,1.0,5
11523,3,0.0,0.0,1.0,1,1,0.6931471805599453,1.0,2.9444389791664403,8.0,3.0,4.0,1.0,2
11525,3,0.0,0.0,1.0,1,1,2.772588722239781,1.0,3.58351893845611,8.0,8.0,4.0,1.0,5
11529,3,0.0,0.0,1.0,1,1,1.6094379124341003,1.0,3.2188758248682006,8.0,5.0,2.0,1.0,7
11530,3,0.0,0.0,1.0,1,1,1.6094379124341003,1.0,3.2188758248682006,8.0,5.0,2.0,1.0,7
11544,3,0.0,1.0,1.0,1,1,2.3978952727983707,2.0,3.5263605246161616,8.0,3.0,4.0,1.0,4
11545,3,0.0,0.0,1.0,1,1,1.3862943611198906,1.0,3.9318256327243257,8.0,6.0,4.0,1.0,5
11546,3,0.0,0.0,1.0,1,1,1.9459101490553132,1.0,3.2188758248682006,8.0,6.0,2.0,1.0,6
11549,3,0.0,0.0,1.0,1,1,1.0986122886681098,1.0,3.332204510175204,8.0,3.0,4.0,1.0,7
11550,3,0.0,0.0,1.0,1,1,1.0986122886681098,1.0,3.332204510175204,8.0,3.0,4.0,1.0,7
11553,3,0.0,1.0,1.0,1,1,1.0986122886681098,1.0,3.7612001156935624,8.0,3.0,4.0,1.0,6
11563,2,0.0,0.0,1.0,1,1,1.0986122886681098,1.0,3.6888794541139363,8.0,3.0,4.0,1.0,6
11569,3,0.0,0.0,1.0,1,1,2.4849066497880004,2.0,3.295836866004329,2.0,6.0,4.0,2.0,4
11572,3,0.0,0.0,1.0,1,1,2.1972245773362196,1.0,2.9444389791664403,8.0,3.0,4.0,1.0,1
11574,3,0.0,0.0,1.0,4,1,2.302585092994046,1.0,2.995732273553991,8.0,6.0,4.0,1.0,6
11575,3,0.0,0.0,1.0,4,1,0.6931471805599453,1.0,2.9444389791664403,8.0,6.0,4.0,1.0,6
11580,3,0.0,0.0,1.0,1,1,2.0794415416798357,1.0,3.6888794541139363,8.0,3.0,4.0,2.0,4
11582,3,0.0,0.0,1.0,1,1,0.6931471805599453,2.0,3.4657359027997265,8.0,3.0,4.0,2.0,6
11583,3,0.0,0.0,1.0,1,1,0.6931471805599453,2.0,3.4657359027997265,8.0,3.0,4.0,2.0,6
11591,3,0.0,1.0,1.0,4,1,0.6931471805599453,1.0,3.2188758248682006,8.0,3.0,4.0,1.0,3
11592,3,0.0,2.0,1.0,4,1,1.6094379124341003,1.0,3.5553480614894135,8.0,3.0,2.0,1.0,5
11603,3,0.0,0.0,1.0,1,1,2.3978952727983707,1.0,3.7612001156935624,8.0,3.0,4.0,1.0,6
11605,3,0.0,0.0,1.0,1,1,1.6094379124341003,1.0,3.7376696182833684,8.0,3.0,4.0,1.0,4
11606,3,0.0,0.0,1.0,1,1,1.9459101490553132,1.0,2.8903717578961645,8.0,3.0,4.0,1.0,5
11609,3,0.0,0.0,1.0,4,1,2.5649493574615367,1.0,3.6888794541139363,8.0,3.0,4.0,1.0,3
11615,3,0.0,0.0,1.0,1,1,2.302585092994046,2.0,3.044522437723423,8.0,5.0,4.0,1.0,2
11622,2,0.0,0.0,1.0,1,1,2.0794415416798357,1.0,3.2188758248682006,8.0,8.0,4.0,1.0,5
11625,3,0.0,1.0,1.0,4,1,2.0794415416798357,1.0,3.044522437723423,8.0,3.0,4.0,1.0,7
11626,3,0.0,9.0,1.0,1,1,0.6931471805599453,1.0,3.4657359027997265,8.0,6.0,4.0,1.0,3
11627,3,0.0,0.0,1.0,1,1,2.302585092994046,1.0,3.7612001156935624,8.0,6.0,4.0,1.0,3
11638,3,0.0,0.0,1.0,1,1,2.1972245773362196,1.0,3.8918202981106265,8.0,3.0,2.0,1.0,5
11640,3,0.0,0.0,1.0,4,1,0.6931471805599453,1.0,3.784189633918261,8.0,1.0,4.0,1.0,5
11642,3,0.0,0.0,1.0,1,1,2.302585092994046,1.0,4.127134385045092,8.0,3.0,4.0,1.0,1
11645,3,0.0,0.0,2.0,4,2,1.6094379124341003,1.0,2.9444389791664403,8.0,3.0,2.0,1.0,4
11649,3,0.0,0.0,1.0,4,1,2.70805020110221,1.0,3.4657359027997265,8.0,6.0,4.0,1.0,2
11650,2,0.0,1.0,1.0,1,1,1.6094379124341003,1.0,3.58351893845611,8.0,3.0,4.0,1.0,6
11657,3,0.0,1.0,1.0,4,1,2.6390573296152584,1.0,4.143134726391533,8.0,6.0,4.0,1.0,6
11659,3,0.0,0.0,1.0,1,1,2.1972245773362196,1.0,3.044522437723423,8.0,8.0,4.0,1.0,2
11660,3,0.0,0.0,1.0,1,1,1.6094379124341003,1.0,3.5553480614894135,8.0,3.0,4.0,1.0,2
11663,3,0.0,0.0,1.0,1,1,0.6931471805599453,1.0,3.6635616461296463,8.0,6.0,4.0,1.0,2
11670,3,0.0,1.0,1.0,1,1,0.6931471805599453,1.0,3.828641396489095,8.0,3.0,4.0,1.0,4
11673,3,0.0,0.0,1.0,4,1,1.3862943611198906,1.0,3.4965075614664802,8.0,6.0,4.0,1.0,2
11674,3,0.0,0.0,1.0,4,1,1.6094379124341003,1.0,3.828641396489095,8.0,3.0,4.0,1.0,7
11676,3,0.0,0.0,1.0,4,1,2.4849066497880004,2.0,3.1354942159291497,8.0,5.0,4.0,1.0,5
11677,3,0.0,0.0,1.0,4,1,2.8903717578961645,1.0,3.6888794541139363,8.0,5.0,4.0,1.0,5
11682,3,0.0,1.0,1.0,4,1,1.6094379124341003,1.0,3.912023005428146,8.0,3.0,4.0,1.0,1
11685,3,0.0,9.0,1.0,1,1,2.6390573296152584,2.0,3.9889840465642745,8.0,6.0,4.0,1.0,5
11688,3,0.0,0.0,1.0,4,1,1.3862943611198906,1.0,3.295836866004329,8.0,3.0,4.0,1.0,7
11692,3,0.0,0.0,1.0,1,1,1.791759469228055,1.0,3.044522437723423,8.0,3.0,4.0,1.0,1
11693,3,0.0,0.0,1.0,1,1,1.9459101490553132,1.0,3.367295829986474,8.0,3.0,4.0,2.0,6
11698,3,0.0,0.0,1.0,1,1,2.3978952727983707,2.0,3.332204510175204,8.0,1.0,4.0,1.0,2
11699,3,0.0,0.0,1.0,1,1,1.0986122886681098,1.0,3.6375861597263857,2.0,3.0,4.0,2.0,6
11706,3,0.0,1.0,1.0,1,1,2.302585092994046,1.0,4.23410650459726,8.0,3.0,4.0,1.0,3
11709,2,0.0,9.0,1.0,4,1,2.3978952727983707,1.0,3.258096538021482,1.0,3.0,4.0,1.0,7
11716,3,0.0,3.0,1.0,1,1,1.6094379124341003,1.0,3.8066624897703196,8.0,3.0,4.0,1.0,4
11721,3,0.0,0.0,1.0,4,1,1.791759469228055,1.0,2.8903717578961645,8.0,3.0,4.0,1.0,2
11724,3,0.0,0.0,1.0,1,1,0.6931471805599453,1.0,3.8501476017100584,8.0,6.0,2.0,1.0,2
11731,2,0.0,0.0,1.0,1,1,1.3862943611198906,1.0,3.2188758248682006,1.0,6.0,2.0,1.0,6
11732,3,0.0,0.0,1.0,1,1,2.4849066497880004,2.0,3.6109179126442243,8.0,3.0,4.0,2.0,5
11735,3,0.0,0.0,1.0,1,1,2.3978952727983707,2.0,3.8501476017100584,8.0,3.0,2.0,1.0,7
11740,3,0.0,0.0,1.0,1,1,2.0794415416798357,1.0,3.6109179126442243,8.0,3.0,4.0,1.0,4
11747,3,0.0,0.0,1.0,1,1,2.6390573296152584,1.0,2.833213344056216,8.0,3.0,4.0,1.0,6
11759,3,0.0,9.0,1.0,1,1,2.1972245773362196,1.0,4.2626798770413155,8.0,3.0,4.0,1.0,1
11762,3,0.0,0.0,1.0,4,1,2.3978952727983707,1.0,3.4011973816621555,8.0,6.0,4.0,1.0,7
11764,3,0.0,0.0,1.0,4,1,2.70805020110221,1.0,3.8918202981106265,8.0,6.0,2.0,1.0,3
11770,3,0.0,0.0,1.0,4,1,2.3978952727983707,1.0,3.7376696182833684,1.0,6.0,4.0,1.0,1
11776,3,0.0,0.0,1.0,1,1,1.3862943611198906,1.0,3.6375861597263857,8.0,6.0,4.0,1.0,1
11777,3,0.0,0.0,1.0,1,1,2.1972245773362196,2.0,3.828641396489095,8.0,6.0,4.0,1.0,1
11778,3,0.0,0.0,1.0,1,1,2.1972245773362196,2.0,3.828641396489095,8.0,6.0,4.0,1.0,1
11779,3,0.0,0.0,1.0,4,1,1.0986122886681098,2.0,3.1354942159291497,8.0,3.0,4.0,1.0,5
11789,3,0.0,0.0,2.0,4,2,1.791759469228055,1.0,3.295836866004329,8.0,3.0,4.0,1.0,1
11790,3,0.0,3.0,2.0,1,2,1.791759469228055,1.0,3.8918202981106265,8.0,3.0,4.0,1.0,3
11792,3,0.0,0.0,1.0,4,4,1.0986122886681098,1.0,3.1780538303479458,8.0,3.0,4.0,1.0,6
11794,3,0.0,0.0,1.0,4,1,0.6931471805599453,2.0,3.295836866004329,2.0,3.0,4.0,2.0,4
11798,3,0.0,0.0,1.0,4,1,2.302585092994046,1.0,3.258096538021482,8.0,6.0,4.0,1.0,4
11799,3,0.0,0.0,2.0,4,5,2.302585092994046,1.0,2.995732273553991,8.0,3.0,4.0,1.0,7
11803,3,0.0,0.0,1.0,1,1,2.3978952727983707,1.0,3.4657359027997265,8.0,3.0,4.0,2.0,1
11804,3,0.0,0.0,1.0,1,1,2.3978952727983707,1.0,3.4657359027997265,8.0,3.0,4.0,2.0,1
11805,3,0.0,0.0,1.0,1,1,2.3978952727983707,1.0,3.4657359027997265,8.0,3.0,4.0,2.0,1
11806,3,0.0,0.0,1.0,1,1,2.3978952727983707,1.0,3.4657359027997265,8.0,3.0,4.0,2.0,1
11810,3,0.0,0.0,1.0,1,1,0.6931471805599453,1.0,3.091042453358316,8.0,6.0,4.0,1.0,4
11813,3,0.0,0.0,2.0,1,2,2.995732273553991,1.0,4.330733340286331,8.0,6.0,4.0,1.0,3
11817,3,0.0,0.0,1.0,4,1,2.0794415416798357,1.0,3.871201010907891,8.0,3.0,2.0,1.0,4
11818,3,0.0,0.0,1.0,1,1,1.9459101490553132,2.0,3.58351893845611,8.0,1.0,4.0,1.0,4
11819,3,0.0,0.0,1.0,1,1,1.6094379124341003,1.0,3.8918202981106265,8.0,1.0,4.0,1.0,4
11823,3,0.0,0.0,2.0,4,1,1.3862943611198906,1.0,3.1780538303479458,8.0,3.0,4.0,1.0,3
11825,3,0.0,0.0,1.0,4,1,2.3978952727983707,1.0,3.6888794541139363,8.0,1.0,2.0,1.0,5
11835,3,0.0,0.0,2.0,4,2,1.0986122886681098,1.0,3.828641396489095,8.0,6.0,4.0,1.0,5
11838,3,0.0,0.0,1.0,4,1,1.3862943611198906,1.0,3.6109179126442243,8.0,3.0,2.0,1.0,3
11839,3,0.0,0.0,1.0,4,1,1.3862943611198906,1.0,3.6109179126442243,8.0,3.0,2.0,1.0,3
11840,3,0.0,0.0,1.0,4,1,1.3862943611198906,1.0,3.6109179126442243,8.0,3.0,2.0,1.0,3
11841,3,0.0,0.0,1.0,4,1,1.3862943611198906,1.0,3.6109179126442243,8.0,3.0,2.0,1.0,3
11845,3,0.0,0.0,1.0,4,1,2.302585092994046,1.0,3.8501476017100584,8.0,6.0,2.0,1.0,5
11846,3,0.0,0.0,1.0,4,1,2.302585092994046,1.0,3.8501476017100584,8.0,6.0,2.0,1.0,5
11848,3,0.0,1.0,1.0,4,1,1.6094379124341003,1.0,3.8918202981106265,8.0,3.0,4.0,1.0,6
11853,3,0.0,0.0,1.0,4,1,2.3978952727983707,1.0,3.6635616461296463,8.0,3.0,4.0,2.0,2
11854,3,0.0,0.0,1.0,4,1,2.3978952727983707,1.0,3.6635616461296463,8.0,3.0,4.0,2.0,2
11856,2,0.0,0.0,2.0,4,2,2.302585092994046,1.0,3.6109179126442243,8.0,3.0,4.0,1.0,4
11860,3,0.0,0.0,2.0,1,5,1.791759469228055,2.0,3.871201010907891,1.0,3.0,4.0,1.0,7
11862,3,0.0,0.0,1.0,4,1,2.1972245773362196,1.0,3.784189633918261,8.0,6.0,4.0,2.0,6
11867,3,0.0,0.0,1.0,4,1,2.302585092994046,1.0,3.9889840465642745,8.0,6.0,4.0,1.0,1
11870,3,0.0,0.0,1.0,1,1,0.6931471805599453,1.0,3.4011973816621555,8.0,3.0,4.0,1.0,4
11871,3,0.0,0.0,1.0,1,1,0.6931471805599453,1.0,3.4011973816621555,8.0,3.0,4.0,1.0,4
11872,3,0.0,2.0,1.0,1,1,0.6931471805599453,1.0,3.1354942159291497,8.0,3.0,4.0,1.0,4