accident_severity,special_conditions_at_site,pedestrian_movement,road_surface_conditions,light_conditions,weather_conditions,age_of_vehicle,sex_of_driver,age_of_driver,junction_location,junction_detail,junction_control,did_police_officer_attend_scene_of_accident,day_of_week
14419,3,0.0,0.0,1.0,1,1,1.3862943611198906,1.0,3.912023005428146,1.0,6.0,4.0,1.0,6
14420,3,0.0,0.0,1.0,4,1,0.6931471805599453,1.0,3.6375861597263857,1.0,3.0,4.0,1.0,4
14422,2,0.0,0.0,1.0,1,1,3.044522437723423,1.0,3.7612001156935624,8.0,1.0,4.0,1.0,5
14429,3,0.0,0.0,1.0,1,1,2.0794415416798357,2.0,3.58351893845611,8.0,6.0,2.0,1.0,4
14435,3,0.0,0.0,1.0,1,1,2.3978952727983707,1.0,3.4657359027997265,2.0,3.0,4.0,1.0,1
14441,3,0.0,0.0,1.0,4,1,2.302585092994046,2.0,3.7376696182833684,8.0,6.0,2.0,1.0,2
14444,3,0.0,0.0,1.0,1,1,1.6094379124341003,1.0,3.1354942159291497,8.0,3.0,4.0,1.0,2
14449,3,0.0,0.0,1.0,1,1,1.9459101490553132,1.0,3.5263605246161616,8.0,3.0,4.0,1.0,7
14450,3,0.0,0.0,1.0,1,1,1.9459101490553132,1.0,3.5263605246161616,8.0,3.0,4.0,1.0,7
14454,3,0.0,0.0,1.0,1,1,1.3862943611198906,1.0,3.9512437185814275,8.0,6.0,4.0,1.0,6
14473,3,0.0,0.0,1.0,1,1,2.70805020110221,1.0,3.4965075614664802,1.0,3.0,4.0,2.0,7
14475,3,0.0,0.0,1.0,4,1,1.3862943611198906,1.0,3.258096538021482,8.0,3.0,4.0,1.0,4
14477,3,0.0,3.0,1.0,1,1,1.6094379124341003,1.0,3.5263605246161616,2.0,3.0,4.0,1.0,3
14484,3,0.0,0.0,1.0,1,1,2.1972245773362196,1.0,3.58351893845611,2.0,3.0,4.0,1.0,7
14485,3,0.0,1.0,1.0,4,1,1.6094379124341003,1.0,3.8918202981106265,2.0,3.0,4.0,1.0,7
14493,3,0.0,0.0,1.0,1,1,1.3862943611198906,1.0,3.4011973816621555,8.0,3.0,4.0,1.0,3
14494,3,0.0,0.0,1.0,1,1,0.6931471805599453,1.0,3.295836866004329,8.0,6.0,4.0,2.0,7
14502,3,0.0,0.0,1.0,4,1,1.9459101490553132,1.0,3.4657359027997265,8.0,8.0,4.0,1.0,1
14503,3,0.0,0.0,1.0,4,1,1.9459101490553132,1.0,3.4657359027997265,8.0,8.0,4.0,1.0,1
14504,3,0.0,0.0,1.0,4,1,1.9459101490553132,1.0,3.4657359027997265,8.0,8.0,4.0,1.0,1
14512,3,0.0,0.0,1.0,4,1,1.6094379124341003,1.0,3.7376696182833684,8.0,3.0,4.0,1.0,5
14513,3,0.0,0.0,1.0,4,1,1.6094379124341003,1.0,3.7376696182833684,8.0,3.0,4.0,1.0,5
14516,3,0.0,0.0,1.0,1,1,1.3862943611198906,1.0,3.6888794541139363,8.0,3.0,4.0,1.0,6
14517,3,0.0,0.0,1.0,1,1,2.1972245773362196,1.0,4.007333185232471,1.0,3.0,4.0,1.0,3
14518,3,0.0,0.0,1.0,1,1,1.9459101490553132,1.0,3.970291913552122,1.0,3.0,4.0,1.0,3
14519,3,0.0,0.0,1.0,4,1,2.6390573296152584,1.0,3.4011973816621555,2.0,3.0,4.0,2.0,7
14521,3,0.0,0.0,1.0,1,1,2.1972245773362196,2.0,3.258096538021482,1.0,6.0,2.0,1.0,5
14523,3,0.0,0.0,2.0,4,2,2.4849066497880004,1.0,3.295836866004329,8.0,8.0,4.0,2.0,3
14527,3,0.0,0.0,1.0,1,1,2.3978952727983707,1.0,3.332204510175204,1.0,6.0,2.0,2.0,3
14532,3,0.0,0.0,2.0,1,2,1.9459101490553132,1.0,3.6635616461296463,1.0,6.0,4.0,2.0,6
14540,2,0.0,0.0,1.0,4,1,1.3862943611198906,1.0,3.332204510175204,8.0,5.0,4.0,1.0,3
14541,3,0.0,0.0,1.0,1,1,1.791759469228055,1.0,3.1354942159291497,8.0,2.0,4.0,1.0,1
14554,3,0.0,0.0,1.0,1,1,2.5649493574615367,1.0,3.912023005428146,1.0,3.0,4.0,2.0,4
14555,3,0.0,0.0,1.0,1,1,2.5649493574615367,1.0,3.912023005428146,1.0,3.0,4.0,2.0,4
14557,3,0.0,0.0,1.0,1,1,2.9444389791664403,1.0,3.912023005428146,1.0,3.0,4.0,1.0,1
14563,3,0.0,0.0,1.0,4,1,2.6390573296152584,1.0,3.5263605246161616,2.0,3.0,4.0,1.0,1
14567,3,0.0,0.0,1.0,1,1,2.1972245773362196,2.0,3.4657359027997265,1.0,3.0,2.0,1.0,5
14575,3,0.0,0.0,2.0,1,2,2.4849066497880004,2.0,3.9889840465642745,1.0,1.0,2.0,1.0,6
14576,3,0.0,0.0,2.0,1,2,2.4849066497880004,2.0,3.9889840465642745,1.0,1.0,2.0,1.0,6
14580,3,0.0,1.0,1.0,1,1,2.1972245773362196,2.0,3.4657359027997265,2.0,6.0,4.0,1.0,3
14583,3,0.0,2.0,1.0,1,1,2.5649493574615367,2.0,3.5553480614894135,2.0,3.0,4.0,1.0,1
14584,3,0.0,0.0,1.0,1,1,1.9459101490553132,1.0,3.4011973816621555,1.0,3.0,4.0,1.0,1
14586,3,0.0,3.0,1.0,1,1,1.791759469228055,2.0,2.995732273553991,1.0,3.0,4.0,1.0,3
14591,3,0.0,0.0,1.0,1,1,2.4849066497880004,2.0,3.9318256327243257,1.0,9.0,4.0,1.0,4
14594,3,0.0,0.0,1.0,1,1,2.0794415416798357,2.0,3.091042453358316,8.0,3.0,4.0,1.0,4
14599,3,0.0,0.0,1.0,1,1,1.3862943611198906,1.0,3.6635616461296463,1.0,3.0,4.0,2.0,4
14602,3,0.0,0.0,1.0,1,1,3.4339872044851463,1.0,3.5263605246161616,8.0,8.0,4.0,2.0,3
14607,3,0.0,0.0,2.0,1,2,1.0986122886681098,1.0,3.784189633918261,2.0,3.0,4.0,2.0,4
14608,3,0.0,0.0,2.0,1,2,1.0986122886681098,1.0,3.784189633918261,2.0,3.0,4.0,2.0,4
14612,3,0.0,0.0,1.0,1,1,0.6931471805599453,1.0,3.58351893845611,1.0,6.0,2.0,1.0,3
14614,3,0.0,0.0,1.0,1,1,2.1972245773362196,1.0,3.1354942159291497,8.0,6.0,2.0,1.0,1
14617,3,0.0,0.0,1.0,1,1,2.4849066497880004,2.0,3.091042453358316,2.0,6.0,2.0,1.0,1
14626,3,0.0,0.0,1.0,1,1,2.302585092994046,1.0,4.060443010546419,1.0,6.0,2.0,1.0,4
14629,3,0.0,9.0,2.0,1,2,1.9459101490553132,1.0,3.1354942159291497,1.0,3.0,4.0,1.0,3
14630,3,0.0,0.0,1.0,1,1,2.70805020110221,2.0,3.4339872044851463,1.0,6.0,2.0,1.0,7
14642,2,0.0,1.0,1.0,1,1,2.1972245773362196,2.0,3.295836866004329,2.0,3.0,4.0,1.0,3
14645,3,0.0,0.0,1.0,4,1,2.9444389791664403,1.0,3.4339872044851463,1.0,3.0,4.0,1.0,6
14647,3,0.0,0.0,2.0,1,1,1.791759469228055,1.0,3.6635616461296463,1.0,3.0,4.0,1.0,2
14651,3,0.0,0.0,2.0,4,2,1.0986122886681098,1.0,3.6888794541139363,8.0,3.0,4.0,1.0,7
14653,3,0.0,0.0,1.0,1,1,2.302585092994046,1.0,3.58351893845611,8.0,6.0,2.0,1.0,6
14654,3,0.0,0.0,1.0,1,1,2.0794415416798357,1.0,3.258096538021482,8.0,6.0,2.0,1.0,6
14655,3,0.0,0.0,1.0,1,1,2.772588722239781,1.0,3.6109179126442243,8.0,3.0,2.0,1.0,1
14656,3,0.0,0.0,1.0,1,1,2.5649493574615367,1.0,3.871201010907891,1.0,3.0,4.0,2.0,2
14666,3,0.0,0.0,2.0,1,2,1.3862943611198906,1.0,3.5263605246161616,1.0,3.0,2.0,1.0,2
14668,3,0.0,4.0,1.0,1,1,2.3978952727983707,1.0,3.258096538021482,1.0,3.0,4.0,1.0,1
14670,3,0.0,0.0,1.0,1,1,2.4849066497880004,1.0,3.4965075614664802,8.0,6.0,2.0,1.0,3
14676,3,0.0,0.0,1.0,4,1,2.0794415416798357,1.0,3.1354942159291497,8.0,3.0,4.0,1.0,6
14677,3,0.0,0.0,1.0,4,1,1.791759469228055,1.0,3.828641396489095,2.0,6.0,2.0,2.0,6
14681,3,0.0,0.0,1.0,1,1,1.791759469228055,1.0,3.5553480614894135,1.0,3.0,4.0,1.0,5
14685,3,0.0,0.0,1.0,4,1,2.3978952727983707,2.0,3.871201010907891,8.0,3.0,4.0,2.0,4
14687,3,0.0,0.0,1.0,1,1,0.6931471805599453,1.0,3.258096538021482,1.0,6.0,2.0,1.0,3
14689,3,4.0,0.0,2.0,1,2,2.6390573296152584,1.0,3.1354942159291497,8.0,6.0,4.0,1.0,4
14691,3,0.0,0.0,2.0,1,2,2.4849066497880004,1.0,3.1354942159291497,8.0,8.0,4.0,1.0,2
14709,3,0.0,3.0,1.0,4,1,1.6094379124341003,1.0,3.6635616461296463,1.0,3.0,2.0,1.0,6
14710,3,0.0,0.0,1.0,1,1,2.4849066497880004,1.0,4.1588830833596715,8.0,3.0,4.0,1.0,3
14714,3,0.0,0.0,1.0,4,1,0.6931471805599453,1.0,3.091042453358316,8.0,6.0,2.0,1.0,3
14715,3,0.0,0.0,1.0,1,1,2.3978952727983707,1.0,3.7376696182833684,8.0,3.0,4.0,1.0,4
14717,3,0.0,0.0,1.0,4,1,1.6094379124341003,1.0,3.6888794541139363,8.0,6.0,4.0,1.0,7
14722,3,0.0,0.0,2.0,1,1,1.791759469228055,1.0,3.4339872044851463,8.0,3.0,4.0,1.0,5
14724,3,0.0,0.0,1.0,1,1,0.6931471805599453,1.0,3.332204510175204,1.0,2.0,4.0,1.0,7
14725,3,0.0,0.0,1.0,1,1,0.6931471805599453,1.0,3.332204510175204,1.0,2.0,4.0,1.0,7
14733,3,0.0,0.0,1.0,1,1,2.8903717578961645,1.0,3.9318256327243257,1.0,3.0,4.0,2.0,3
14735,3,0.0,0.0,1.0,1,1,0.6931471805599453,1.0,3.5263605246161616,1.0,3.0,2.0,1.0,2
14740,3,0.0,0.0,1.0,4,1,2.0794415416798357,1.0,3.1780538303479458,1.0,6.0,2.0,1.0,7
14741,3,0.0,0.0,1.0,4,1,2.0794415416798357,1.0,3.1780538303479458,1.0,6.0,2.0,1.0,7
14742,3,0.0,0.0,1.0,4,1,0.6931471805599453,1.0,3.7612001156935624,1.0,6.0,2.0,1.0,7
14745,3,0.0,0.0,1.0,4,1,2.3978952727983707,1.0,3.258096538021482,8.0,6.0,4.0,1.0,2
14746,3,0.0,0.0,1.0,1,1,1.791759469228055,1.0,3.6635616461296463,1.0,1.0,4.0,1.0,3
14749,3,0.0,0.0,2.0,1,2,1.3862943611198906,2.0,4.1588830833596715,1.0,3.0,4.0,1.0,2
14753,3,0.0,0.0,1.0,4,1,1.3862943611198906,1.0,3.8066624897703196,1.0,3.0,2.0,1.0,1
14757,3,0.0,0.0,2.0,1,2,2.70805020110221,1.0,4.290459441148391,8.0,3.0,4.0,1.0,2
14763,2,0.0,0.0,1.0,1,1,0.6931471805599453,1.0,3.4339872044851463,8.0,6.0,2.0,1.0,4
14764,3,0.0,0.0,1.0,1,1,2.1972245773362196,1.0,3.8501476017100584,8.0,3.0,4.0,1.0,7
14766,3,0.0,1.0,1.0,1,1,2.4849066497880004,1.0,3.784189633918261,2.0,3.0,4.0,1.0,2
14771,3,0.0,0.0,1.0,4,1,1.791759469228055,1.0,3.784189633918261,2.0,6.0,2.0,1.0,1
14776,3,0.0,0.0,1.0,1,1,2.0794415416798357,1.0,3.6888794541139363,8.0,1.0,4.0,1.0,5
14777,3,0.0,0.0,1.0,4,1,2.0794415416798357,1.0,2.772588722239781,2.0,3.0,4.0,1.0,6
14781,3,0.0,0.0,1.0,1,1,1.6094379124341003,1.0,4.007333185232471,1.0,3.0,4.0,1.0,3
14783,3,0.0,0.0,2.0,1,2,1.9459101490553132,1.0,3.828641396489095,1.0,6.0,2.0,1.0,3
14786,3,0.0,0.0,1.0,1,1,2.995732273553991,2.0,3.828641396489095,2.0,3.0,4.0,1.0,6
14792,3,0.0,0.0,1.0,1,1,1.9459101490553132,1.0,4.007333185232471,8.0,3.0,4.0,2.0,6
14794,3,0.0,0.0,1.0,4,1,0.6931471805599453,1.0,3.58351893845611,1.0,3.0,2.0,1.0,7
14798,3,0.0,0.0,1.0,1,1,2.1972245773362196,2.0,3.5553480614894135,1.0,6.0,2.0,1.0,3
14813,3,0.0,0.0,1.0,1,1,2.3978952727983707,1.0,3.8066624897703196,1.0,6.0,2.0,1.0,6
14823,2,0.0,1.0,1.0,4,1,1.3862943611198906,1.0,4.07753744390572,2.0,3.0,4.0,1.0,3
14824,3,0.0,0.0,1.0,1,1,1.0986122886681098,1.0,3.5263605246161616,1.0,2.0,4.0,2.0,7
14825,3,0.0,0.0,1.0,1,1,1.0986122886681098,1.0,3.5263605246161616,1.0,2.0,4.0,2.0,7
14826,3,0.0,0.0,1.0,1,1,1.0986122886681098,1.0,3.5263605246161616,1.0,2.0,4.0,2.0,7
14827,3,0.0,0.0,1.0,1,1,1.0986122886681098,1.0,3.5263605246161616,1.0,2.0,4.0,2.0,7
14828,3,0.0,0.0,1.0,1,1,1.0986122886681098,1.0,3.5263605246161616,1.0,2.0,4.0,2.0,7
14830,3,0.0,2.0,1.0,1,1,2.1972245773362196,1.0,2.9444389791664403,2.0,3.0,4.0,1.0,3
14831,3,0.0,0.0,1.0,4,1,1.9459101490553132,1.0,3.4339872044851463,1.0,3.0,4.0,1.0,1
14833,3,0.0,0.0,1.0,4,1,1.9459101490553132,2.0,3.6109179126442243,1.0,3.0,4.0,1.0,2
14834,3,0.0,0.0,1.0,4,1,1.0986122886681098,2.0,3.4965075614664802,1.0,3.0,4.0,1.0,2
14838,3,0.0,0.0,1.0,4,1,2.70805020110221,1.0,3.044522437723423,1.0,3.0,4.0,2.0,7
14839,3,0.0,0.0,1.0,4,1,2.70805020110221,1.0,3.044522437723423,1.0,3.0,4.0,2.0,7
14848,3,0.0,0.0,1.0,1,1,2.833213344056216,1.0,3.6888794541139363,8.0,6.0,4.0,2.0,2
14853,3,0.0,0.0,1.0,1,1,1.9459101490553132,1.0,3.9512437185814275,1.0,3.0,2.0,2.0,3
14860,3,0.0,0.0,2.0,4,2,1.9459101490553132,2.0,3.367295829986474,1.0,8.0,4.0,2.0,2
14862,3,0.0,0.0,1.0,4,1,2.302585092994046,1.0,3.6109179126442243,1.0,6.0,2.0,1.0,1
14867,3,0.0,0.0,1.0,1,1,2.0794415416798357,1.0,4.04305126783455,8.0,3.0,4.0,1.0,5
14869,3,0.0,0.0,1.0,1,1,2.0794415416798357,1.0,4.007333185232471,8.0,3.0,4.0,1.0,2
14871,3,0.0,0.0,1.0,1,1,2.0794415416798357,1.0,3.4339872044851463,1.0,3.0,2.0,1.0,7
14872,3,0.0,0.0,1.0,1,1,2.3978952727983707,1.0,4.02535169073515,1.0,3.0,2.0,1.0,7
14885,3,0.0,0.0,1.0,1,1,2.1972245773362196,1.0,3.58351893845611,8.0,3.0,2.0,2.0,3
14887,3,0.0,0.0,1.0,1,1,2.5649493574615367,1.0,3.258096538021482,1.0,1.0,4.0,1.0,6
14889,3,0.0,0.0,1.0,4,1,1.3862943611198906,1.0,3.5263605246161616,8.0,3.0,4.0,1.0,6
14894,3,0.0,0.0,1.0,1,1,1.3862943611198906,1.0,3.367295829986474,8.0,3.0,4.0,1.0,4
14905,3,0.0,1.0,1.0,1,1,2.3978952727983707,1.0,3.044522437723423,2.0,6.0,2.0,1.0,7
14909,3,0.0,0.0,1.0,4,1,2.0794415416798357,1.0,3.1780538303479458,8.0,6.0,4.0,1.0,1
14923,3,0.0,0.0,1.0,1,1,1.791759469228055,1.0,3.6635616461296463,8.0,6.0,2.0,1.0,1
14928,3,0.0,0.0,1.0,4,1,2.302585092994046,1.0,3.2188758248682006,1.0,6.0,4.0,1.0,7
14929,3,0.0,0.0,1.0,4,1,1.0986122886681098,1.0,3.713572066704308,1.0,6.0,4.0,1.0,6
14934,3,0.0,0.0,1.0,4,1,2.302585092994046,2.0,3.784189633918261,1.0,3.0,4.0,1.0,2
14936,3,0.0,0.0,1.0,1,1,1.0986122886681098,1.0,3.970291913552122,2.0,3.0,4.0,1.0,5
14943,3,0.0,0.0,1.0,1,1,2.5649493574615367,1.0,4.174387269895637,1.0,6.0,2.0,1.0,6
14950,3,0.0,5.0,1.0,4,1,1.9459101490553132,1.0,3.1780538303479458,1.0,3.0,4.0,1.0,1
14954,3,0.0,0.0,1.0,1,1,1.3862943611198906,1.0,3.258096538021482,8.0,3.0,4.0,1.0,7
14960,3,0.0,0.0,1.0,4,1,2.833213344056216,1.0,3.6635616461296463,1.0,3.0,4.0,1.0,6
14964,3,0.0,0.0,1.0,4,1,2.1972245773362196,1.0,3.332204510175204,8.0,3.0,2.0,1.0,6
14965,3,0.0,0.0,1.0,4,1,2.1972245773362196,1.0,3.332204510175204,8.0,3.0,2.0,1.0,6
14970,3,0.0,1.0,1.0,1,1,0.6931471805599453,1.0,3.7376696182833684,2.0,6.0,2.0,1.0,3
14973,3,0.0,0.0,1.0,1,1,2.4849066497880004,2.0,3.6375861597263857,8.0,3.0,4.0,1.0,2
14986,3,0.0,0.0,1.0,4,1,1.9459101490553132,1.0,3.2188758248682006,8.0,6.0,4.0,2.0,2
14991,3,0.0,0.0,1.0,1,1,0.6931471805599453,1.0,3.044522437723423,8.0,3.0,4.0,1.0,1
14992,3,0.0,0.0,1.0,4,1,1.0986122886681098,1.0,3.713572066704308,1.0,3.0,4.0,1.0,5
14994,3,0.0,4.0,1.0,1,1,1.0986122886681098,1.0,3.4657359027997265,2.0,6.0,4.0,1.0,4
14998,3,0.0,0.0,1.0,1,1,2.4849066497880004,1.0,3.367295829986474,2.0,3.0,4.0,1.0,5
15001,3,0.0,1.0,2.0,4,1,1.9459101490553132,1.0,3.713572066704308,2.0,3.0,2.0,1.0,7
15004,3,0.0,1.0,1.0,4,1,2.3978952727983707,1.0,3.4339872044851463,2.0,3.0,4.0,1.0,5
15010,3,0.0,0.0,1.0,1,1,2.302585092994046,1.0,3.8066624897703196,8.0,3.0,4.0,1.0,3
15012,3,0.0,0.0,1.0,1,1,2.5649493574615367,1.0,3.4011973816621555,8.0,8.0,4.0,1.0,3
15014,3,0.0,0.0,1.0,1,1,1.0986122886681098,1.0,3.4339872044851463,1.0,6.0,4.0,1.0,6
15015,3,0.0,0.0,1.0,1,1,1.6094379124341003,1.0,4.04305126783455,1.0,3.0,4.0,1.0,3
15021,2,0.0,0.0,1.0,1,1,1.6094379124341003,1.0,3.7612001156935624,8.0,6.0,4.0,1.0,5
15022,2,0.0,0.0,1.0,1,1,1.6094379124341003,1.0,3.7612001156935624,8.0,6.0,4.0,1.0,5
15029,3,0.0,1.0,1.0,4,1,1.791759469228055,1.0,3.7612001156935624,2.0,6.0,2.0,1.0,4
15032,3,0.0,0.0,2.0,4,7,1.3862943611198906,1.0,3.2188758248682006,1.0,6.0,2.0,2.0,1
15036,3,0.0,0.0,1.0,1,1,1.3862943611198906,1.0,3.9512437185814275,8.0,3.0,2.0,2.0,2
15039,3,0.0,0.0,2.0,4,1,1.791759469228055,1.0,3.258096538021482,1.0,6.0,2.0,1.0,7
15046,3,0.0,0.0,2.0,4,2,2.6390573296152584,1.0,3.970291913552122,1.0,3.0,4.0,2.0,1
15052,3,0.0,0.0,1.0,4,1,2.302585092994046,1.0,3.828641396489095,1.0,3.0,2.0,1.0,6
15058,3,0.0,0.0,1.0,4,1,2.772588722239781,1.0,3.332204510175204,1.0,3.0,4.0,2.0,3
15060,3,0.0,0.0,2.0,4,2,2.0794415416798357,1.0,3.8501476017100584,8.0,6.0,2.0,2.0,6
15073,3,0.0,0.0,1.0,1,1,2.3978952727983707,2.0,4.007333185232471,8.0,3.0,4.0,1.0,7
15074,3,0.0,0.0,1.0,1,1,2.3978952727983707,2.0,4.007333185232471,8.0,3.0,4.0,1.0,7
15075,3,0.0,0.0,1.0,1,1,2.3978952727983707,2.0,4.007333185232471,8.0,3.0,4.0,1.0,7
15076,3,0.0,0.0,1.0,1,1,1.3862943611198906,1.0,3.871201010907891,8.0,3.0,4.0,1.0,7
15077,3,0.0,2.0,1.0,4,1,2.302585092994046,1.0,3.2188758248682006,2.0,3.0,4.0,1.0,3
15078,3,0.0,0.0,1.0,1,1,2.302585092994046,1.0,3.828641396489095,1.0,3.0,4.0,2.0,4
15085,3,0.0,0.0,2.0,1,7,0.6931471805599453,1.0,4.07753744390572,1.0,3.0,4.0,1.0,1
15090,3,0.0,0.0,2.0,4,2,3.4339872044851463,1.0,3.6109179126442243,1.0,6.0,2.0,1.0,4
15103,3,0.0,0.0,1.0,1,1,1.6094379124341003,2.0,3.58351893845611,1.0,3.0,4.0,1.0,6
15110,3,0.0,0.0,2.0,1,2,2.3978952727983707,1.0,3.7612001156935624,1.0,3.0,2.0,1.0,4
15114,3,0.0,0.0,1.0,4,1,2.1972245773362196,1.0,3.58351893845611,1.0,3.0,4.0,1.0,4
15115,3,0.0,0.0,1.0,4,1,1.3862943611198906,2.0,3.091042453358316,1.0,3.0,4.0,1.0,4
15121,3,0.0,0.0,1.0,4,1,1.0986122886681098,1.0,3.784189633918261,8.0,6.0,2.0,1.0,4
15122,3,0.0,9.0,1.0,1,1,1.3862943611198906,1.0,3.8066624897703196,2.0,3.0,4.0,1.0,2
15127,3,0.0,0.0,1.0,4,1,2.3978952727983707,1.0,3.044522437723423,8.0,6.0,4.0,1.0,3
15129,3,0.0,1.0,2.0,1,2,2.4849066497880004,1.0,4.007333185232471,2.0,3.0,4.0,1.0,7
15138,3,0.0,0.0,1.0,4,1,2.302585092994046,1.0,3.4965075614664802,8.0,3.0,4.0,1.0,7
15140,3,0.0,0.0,1.0,1,1,2.3978952727983707,1.0,3.970291913552122,8.0,3.0,4.0,1.0,1
15141,3,0.0,0.0,1.0,1,1,2.3978952727983707,1.0,3.970291913552122,8.0,3.0,4.0,1.0,1
15143,3,0.0,3.0,1.0,4,1,2.0794415416798357,1.0,3.044522437723423,1.0,3.0,4.0,1.0,5
15144,3,0.0,0.0,1.0,4,1,2.1972245773362196,1.0,3.713572066704308,8.0,3.0,4.0,1.0,7
15145,3,0.0,0.0,1.0,4,1,1.6094379124341003,1.0,3.332204510175204,8.0,3.0,4.0,1.0,7
15148,3,0.0,0.0,2.0,4,2,1.0986122886681098,1.0,3.8066624897703196,1.0,6.0,2.0,1.0,1
15155,3,0.0,1.0,1.0,1,1,1.9459101490553132,1.0,4.110873864173311,2.0,6.0,4.0,1.0,7
15156,3,0.0,0.0,1.0,4,1,2.772588722239781,1.0,3.1354942159291497,8.0,6.0,2.0,1.0,5
15158,3,0.0,0.0,1.0,4,1,2.6390573296152584,1.0,4.0943445622221,8.0,3.0,4.0,1.0,1
15160,2,0.0,5.0,1.0,1,1,1.6094379124341003,1.0,3.7376696182833684,2.0,3.0,4.0,1.0,2
15163,3,0.0,0.0,1.0,4,1,1.3862943611198906,1.0,3.713572066704308,8.0,3.0,4.0,1.0,7
15166,3,0.0,0.0,1.0,4,1,2.302585092994046,1.0,3.4339872044851463,8.0,3.0,4.0,1.0,2
15182,3,0.0,0.0,1.0,1,1,2.772588722239781,2.0,3.713572066704308,1.0,6.0,4.0,2.0,4
15191,3,0.0,0.0,1.0,1,1,0.6931471805599453,1.0,3.4657359027997265,1.0,3.0,4.0,2.0,7
15192,3,0.0,0.0,1.0,1,1,0.6931471805599453,1.0,3.4657359027997265,1.0,3.0,4.0,2.0,7
15194,3,0.0,0.0,1.0,1,1,2.3978952727983707,2.0,3.5263605246161616,1.0,6.0,2.0,2.0,6
15195,3,0.0,0.0,1.0,1,1,2.3978952727983707,2.0,3.5263605246161616,1.0,6.0,2.0,2.0,6
15203,2,0.0,0.0,2.0,4,2,2.0794415416798357,1.0,3.6375861597263857,8.0,3.0,4.0,1.0,7
15207,3,0.0,0.0,1.0,4,1,2.5649493574615367,1.0,3.713572066704308,1.0,6.0,2.0,2.0,7
15209,3,0.0,0.0,1.0,1,1,2.70805020110221,1.0,3.784189633918261,8.0,1.0,2.0,2.0,1
15211,3,0.0,4.0,2.0,1,2,2.3978952727983707,1.0,3.332204510175204,1.0,3.0,4.0,1.0,2
15214,3,0.0,0.0,1.0,1,1,1.791759469228055,2.0,3.970291913552122,2.0,3.0,4.0,1.0,2
15223,3,0.0,0.0,1.0,1,1,2.1972245773362196,1.0,3.4011973816621555,1.0,3.0,2.0,1.0,7
15224,3,0.0,0.0,1.0,1,1,2.3978952727983707,1.0,4.276666119016055,1.0,3.0,2.0,1.0,7
15225,3,0.0,0.0,1.0,4,1,2.6390573296152584,1.0,3.258096538021482,1.0,3.0,4.0,1.0,3
15230,3,0.0,0.0,1.0,4,1,2.1972245773362196,1.0,3.044522437723423,8.0,3.0,4.0,1.0,2
15234,3,0.0,0.0,1.0,4,1,1.6094379124341003,2.0,4.248495242049359,1.0,3.0,4.0,1.0,5
15243,3,0.0,3.0,2.0,4,2,2.1972245773362196,1.0,4.07753744390572,2.0,6.0,4.0,1.0,5
15246,3,0.0,0.0,1.0,1,1,1.791759469228055,1.0,4.007333185232471,8.0,6.0,2.0,1.0,7
15252,3,0.0,1.0,2.0,1,1,2.5649493574615367,1.0,3.912023005428146,1.0,3.0,4.0,1.0,3
15259,3,0.0,3.0,2.0,4,2,1.9459101490553132,1.0,3.332204510175204,2.0,3.0,4.0,1.0,2
15266,3,0.0,1.0,1.0,1,1,1.0986122886681098,1.0,3.871201010907891,1.0,3.0,4.0,1.0,7
15272,3,0.0,0.0,2.0,4,2,2.6390573296152584,1.0,3.4965075614664802,1.0,3.0,2.0,1.0,6
15275,3,0.0,0.0,1.0,4,1,2.70805020110221,1.0,4.07753744390572,1.0,3.0,2.0,1.0,7
15276,3,0.0,0.0,1.0,4,1,1.0986122886681098,2.0,3.1780538303479458,1.0,3.0,2.0,1.0,7
15277,3,0.0,0.0,1.0,4,1,1.0986122886681098,2.0,3.1780538303479458,1.0,3.0,2.0,1.0,7
15281,3,0.0,0.0,1.0,4,1,1.791759469228055,2.0,4.204692619390966,1.0,3.0,2.0,2.0,3
15285,3,0.0,0.0,1.0,1,1,0.6931471805599453,1.0,3.4657359027997265,1.0,3.0,2.0,1.0,3
15290,3,0.0,0.0,2.0,4,1,1.9459101490553132,1.0,3.1354942159291497,1.0,6.0,4.0,1.0,2
15295,3,0.0,0.0,1.0,4,1,2.0794415416798357,1.0,3.4011973816621555,1.0,3.0,4.0,1.0,5
15296,3,0.0,0.0,1.0,4,1,2.0794415416798357,1.0,3.4011973816621555,1.0,3.0,4.0,1.0,5
15297,3,0.0,0.0,1.0,4,1,2.0794415416798357,1.0,3.4011973816621555,1.0,3.0,4.0,1.0,5
15301,3,0.0,0.0,1.0,1,4,2.1972245773362196,1.0,3.871201010907891,1.0,6.0,2.0,1.0,5
15306,3,0.0,0.0,1.0,4,1,1.791759469228055,1.0,3.4965075614664802,8.0,3.0,4.0,1.0,2
15308,3,0.0,0.0,2.0,4,2,1.0986122886681098,1.0,3.258096538021482,1.0,3.0,4.0,1.0,5