accident_severity,special_conditions_at_site,pedestrian_movement,road_surface_conditions,light_conditions,weather_conditions,age_of_vehicle,sex_of_driver,age_of_driver,junction_location,junction_detail,junction_control,did_police_officer_attend_scene_of_accident,day_of_week
17081,3,0.0,0.0,1.0,4,1,2.302585092994046,1.0,3.4339872044851463,8.0,6.0,2.0,1.0,5
17099,3,0.0,1.0,1.0,1,1,1.791759469228055,1.0,3.6888794541139363,2.0,2.0,4.0,1.0,3
17102,3,0.0,0.0,1.0,1,1,2.8903717578961645,2.0,2.9444389791664403,1.0,2.0,4.0,1.0,5
17103,3,0.0,1.0,1.0,1,8,2.4849066497880004,1.0,4.07753744390572,2.0,3.0,4.0,1.0,1
17104,3,0.0,0.0,1.0,1,1,1.0986122886681098,1.0,3.828641396489095,8.0,6.0,2.0,1.0,3
17106,3,0.0,0.0,1.0,4,1,2.3978952727983707,1.0,3.091042453358316,5.0,3.0,4.0,1.0,1
17107,3,0.0,0.0,1.0,4,1,2.3978952727983707,1.0,3.091042453358316,5.0,3.0,4.0,1.0,1
17108,3,0.0,0.0,1.0,4,1,2.70805020110221,1.0,3.9889840465642745,1.0,3.0,4.0,1.0,1
17110,3,0.0,0.0,1.0,1,1,2.1972245773362196,1.0,3.9318256327243257,1.0,3.0,4.0,1.0,2
17111,3,0.0,0.0,1.0,1,1,2.1972245773362196,1.0,3.9318256327243257,1.0,3.0,4.0,1.0,2
17112,3,0.0,0.0,1.0,1,1,2.1972245773362196,1.0,3.9318256327243257,1.0,3.0,4.0,1.0,2
17114,3,0.0,1.0,1.0,1,1,0.6931471805599453,2.0,3.912023005428146,1.0,3.0,4.0,1.0,4
17115,3,0.0,0.0,1.0,1,1,1.9459101490553132,1.0,4.454347296253507,1.0,3.0,4.0,1.0,5
17116,3,0.0,0.0,1.0,1,1,1.9459101490553132,1.0,4.454347296253507,1.0,3.0,4.0,1.0,5
17119,3,0.0,0.0,1.0,1,1,2.6390573296152584,1.0,4.04305126783455,8.0,3.0,4.0,1.0,5
17120,3,0.0,0.0,1.0,1,1,2.6390573296152584,1.0,4.04305126783455,8.0,3.0,4.0,1.0,5
17123,3,0.0,0.0,1.0,1,9,3.091042453358316,2.0,3.5263605246161616,1.0,1.0,4.0,1.0,2
17124,3,0.0,0.0,1.0,4,1,2.302585092994046,1.0,3.091042453358316,8.0,5.0,4.0,1.0,1
17125,3,0.0,0.0,1.0,4,1,2.302585092994046,1.0,3.091042453358316,8.0,5.0,4.0,1.0,1
17130,3,0.0,0.0,2.0,4,1,1.791759469228055,1.0,3.8501476017100584,2.0,3.0,4.0,1.0,4
17133,3,0.0,0.0,4.0,4,8,1.791759469228055,1.0,3.912023005428146,8.0,3.0,4.0,1.0,7
17136,3,0.0,0.0,1.0,1,1,2.3978952727983707,2.0,3.367295829986474,1.0,6.0,2.0,1.0,3
17147,3,0.0,0.0,1.0,1,1,2.3978952727983707,1.0,3.9318256327243257,8.0,2.0,4.0,1.0,6
17149,3,0.0,0.0,1.0,1,1,0.6931471805599453,1.0,3.8066624897703196,1.0,3.0,4.0,1.0,7
17150,3,0.0,0.0,1.0,1,1,2.1972245773362196,1.0,4.04305126783455,1.0,1.0,2.0,1.0,2
17152,3,0.0,0.0,1.0,1,1,0.6931471805599453,1.0,3.091042453358316,1.0,3.0,4.0,2.0,3
17160,3,0.0,0.0,1.0,1,1,2.3978952727983707,1.0,3.295836866004329,1.0,3.0,4.0,1.0,3
17167,3,0.0,0.0,1.0,1,1,1.3862943611198906,2.0,3.5263605246161616,1.0,3.0,4.0,1.0,2
17169,3,0.0,0.0,1.0,1,1,1.791759469228055,2.0,3.713572066704308,8.0,6.0,4.0,1.0,6
17177,3,0.0,0.0,1.0,1,1,2.70805020110221,1.0,3.4339872044851463,1.0,3.0,4.0,2.0,6
17178,3,0.0,0.0,1.0,1,1,2.70805020110221,1.0,3.4339872044851463,1.0,3.0,4.0,2.0,6
17180,3,0.0,0.0,1.0,1,1,2.302585092994046,1.0,3.6635616461296463,8.0,1.0,4.0,1.0,7
17181,3,0.0,0.0,1.0,1,1,2.302585092994046,1.0,3.6635616461296463,8.0,1.0,4.0,1.0,7
17182,3,0.0,0.0,1.0,1,1,2.302585092994046,1.0,3.6635616461296463,8.0,1.0,4.0,1.0,7
17183,3,0.0,0.0,1.0,1,1,1.9459101490553132,2.0,3.4011973816621555,8.0,1.0,4.0,1.0,7
17186,3,0.0,0.0,1.0,4,1,2.302585092994046,1.0,3.6109179126442243,8.0,3.0,4.0,1.0,2
17191,3,0.0,0.0,2.0,1,2,2.1972245773362196,1.0,4.110873864173311,1.0,1.0,4.0,1.0,3
17197,2,0.0,0.0,1.0,1,1,2.70805020110221,1.0,3.970291913552122,8.0,1.0,4.0,1.0,2
17210,3,0.0,0.0,1.0,1,1,2.3978952727983707,1.0,3.8918202981106265,1.0,3.0,4.0,1.0,6
17215,3,0.0,0.0,1.0,1,1,1.9459101490553132,1.0,3.9318256327243257,8.0,3.0,4.0,1.0,7
17221,3,0.0,0.0,1.0,4,1,0.6931471805599453,1.0,3.295836866004329,1.0,3.0,2.0,2.0,7
17227,3,0.0,0.0,1.0,1,1,1.0986122886681098,1.0,4.007333185232471,8.0,3.0,2.0,1.0,3
17229,3,0.0,0.0,1.0,4,1,2.3978952727983707,1.0,3.6109179126442243,8.0,6.0,2.0,1.0,4
17232,3,0.0,0.0,1.0,1,1,2.772588722239781,2.0,3.295836866004329,8.0,6.0,2.0,1.0,1
17233,3,0.0,0.0,1.0,1,1,2.772588722239781,2.0,3.295836866004329,8.0,6.0,2.0,1.0,1
17234,3,0.0,0.0,1.0,1,1,2.995732273553991,1.0,3.258096538021482,8.0,6.0,2.0,2.0,5
17246,3,0.0,0.0,1.0,1,1,1.6094379124341003,2.0,3.4339872044851463,1.0,6.0,2.0,1.0,5
17247,3,0.0,0.0,1.0,1,1,1.6094379124341003,2.0,3.4339872044851463,1.0,6.0,2.0,1.0,5
17256,3,0.0,0.0,1.0,1,1,1.9459101490553132,2.0,3.6635616461296463,1.0,3.0,4.0,1.0,2
17257,3,0.0,0.0,1.0,1,1,1.9459101490553132,2.0,3.6635616461296463,1.0,3.0,4.0,1.0,2
17258,3,0.0,0.0,1.0,1,1,2.302585092994046,2.0,3.258096538021482,1.0,3.0,4.0,1.0,2
17259,3,0.0,0.0,1.0,1,1,2.302585092994046,2.0,3.258096538021482,1.0,3.0,4.0,1.0,2
17260,3,0.0,0.0,1.0,1,1,2.302585092994046,2.0,2.9444389791664403,1.0,3.0,4.0,1.0,2
17262,3,0.0,0.0,1.0,1,1,2.302585092994046,1.0,3.044522437723423,8.0,3.0,4.0,1.0,3
17269,3,0.0,0.0,1.0,1,1,2.772588722239781,2.0,3.912023005428146,8.0,1.0,4.0,1.0,3
17274,3,0.0,0.0,1.0,1,1,1.6094379124341003,1.0,4.04305126783455,1.0,3.0,4.0,1.0,1
17275,3,0.0,9.0,1.0,1,1,0.6931471805599453,2.0,4.23410650459726,5.0,3.0,4.0,1.0,3
17276,3,0.0,0.0,1.0,1,1,2.3978952727983707,1.0,4.02535169073515,8.0,1.0,4.0,1.0,2
17277,3,0.0,1.0,1.0,1,1,1.791759469228055,1.0,3.2188758248682006,1.0,3.0,4.0,1.0,6
17286,3,0.0,0.0,1.0,1,1,1.6094379124341003,1.0,3.871201010907891,1.0,3.0,4.0,2.0,4
17290,3,0.0,0.0,1.0,1,1,2.3978952727983707,1.0,4.143134726391533,8.0,3.0,4.0,1.0,7
17291,3,0.0,0.0,1.0,1,1,0.6931471805599453,1.0,3.332204510175204,1.0,1.0,4.0,1.0,5
17297,3,0.0,9.0,1.0,4,1,2.70805020110221,2.0,4.330733340286331,2.0,3.0,4.0,1.0,1
17303,3,0.0,0.0,1.0,1,1,2.0794415416798357,2.0,3.2188758248682006,8.0,2.0,4.0,1.0,4
17308,3,0.0,0.0,1.0,1,1,2.302585092994046,2.0,3.6635616461296463,8.0,6.0,4.0,1.0,4
17309,3,0.0,0.0,1.0,1,1,2.833213344056216,1.0,4.143134726391533,8.0,6.0,4.0,1.0,4
17310,3,0.0,0.0,1.0,1,1,2.833213344056216,1.0,4.143134726391533,8.0,6.0,4.0,1.0,4
17313,3,0.0,1.0,1.0,4,1,2.1972245773362196,1.0,3.4965075614664802,8.0,6.0,2.0,1.0,5
17315,3,0.0,0.0,1.0,1,1,1.3862943611198906,1.0,3.6375861597263857,8.0,3.0,4.0,1.0,6
17316,3,0.0,0.0,1.0,1,1,2.0794415416798357,2.0,3.4011973816621555,8.0,2.0,4.0,2.0,5
17319,3,0.0,0.0,1.0,7,1,0.6931471805599453,2.0,3.332204510175204,8.0,1.0,2.0,2.0,1
17321,3,0.0,0.0,1.0,1,1,2.302585092994046,1.0,3.9512437185814275,8.0,5.0,2.0,1.0,6
17326,3,0.0,0.0,1.0,1,1,2.302585092994046,1.0,3.6375861597263857,1.0,9.0,2.0,1.0,4
17327,3,0.0,0.0,1.0,1,1,2.1972245773362196,2.0,3.6635616461296463,8.0,3.0,4.0,1.0,4
17330,2,0.0,0.0,1.0,1,1,2.4849066497880004,1.0,3.258096538021482,8.0,3.0,4.0,1.0,1
17336,3,0.0,0.0,1.0,1,1,1.9459101490553132,1.0,3.367295829986474,1.0,3.0,4.0,2.0,6
17337,3,0.0,0.0,1.0,1,1,1.9459101490553132,1.0,3.367295829986474,1.0,3.0,4.0,2.0,6
17343,3,0.0,0.0,1.0,1,1,2.1972245773362196,2.0,3.784189633918261,1.0,1.0,4.0,2.0,4
17347,3,0.0,1.0,1.0,1,1,1.791759469228055,1.0,3.4011973816621555,2.0,3.0,4.0,1.0,1
17349,3,0.0,0.0,1.0,1,1,2.5649493574615367,1.0,3.8501476017100584,2.0,3.0,4.0,1.0,2
17350,3,0.0,0.0,1.0,1,1,2.5649493574615367,1.0,3.8501476017100584,2.0,3.0,4.0,1.0,2
17351,3,0.0,0.0,1.0,1,1,2.4849066497880004,2.0,3.58351893845611,2.0,3.0,2.0,2.0,7
17353,3,0.0,0.0,1.0,1,1,2.3978952727983707,2.0,3.784189633918261,1.0,3.0,4.0,1.0,1
17356,3,0.0,0.0,1.0,1,1,2.3978952727983707,1.0,3.6109179126442243,1.0,3.0,4.0,1.0,1
17358,3,0.0,0.0,1.0,1,1,3.1354942159291497,1.0,4.330733340286331,8.0,8.0,4.0,1.0,7
17364,3,0.0,0.0,1.0,1,1,2.0794415416798357,2.0,3.4965075614664802,8.0,6.0,4.0,1.0,5
17365,3,0.0,0.0,1.0,1,1,1.3862943611198906,2.0,3.5263605246161616,8.0,6.0,4.0,1.0,5
17367,3,0.0,0.0,1.0,1,1,2.4849066497880004,2.0,3.970291913552122,1.0,5.0,4.0,1.0,4
17371,3,0.0,0.0,1.0,1,1,2.4849066497880004,2.0,3.6888794541139363,8.0,3.0,4.0,2.0,4
17372,3,0.0,0.0,1.0,1,1,2.4849066497880004,2.0,3.6888794541139363,8.0,3.0,4.0,2.0,4
17378,3,0.0,0.0,1.0,1,1,2.0794415416798357,2.0,4.127134385045092,1.0,3.0,4.0,1.0,4
17386,3,0.0,0.0,2.0,1,2,2.0794415416798357,2.0,3.7612001156935624,2.0,3.0,4.0,2.0,6
17392,3,0.0,3.0,1.0,1,1,2.4849066497880004,1.0,3.6635616461296463,2.0,3.0,4.0,1.0,5
17396,3,0.0,9.0,1.0,1,1,1.791759469228055,2.0,4.02535169073515,8.0,3.0,4.0,1.0,5
17400,3,0.0,0.0,1.0,1,1,1.9459101490553132,1.0,3.258096538021482,8.0,3.0,4.0,1.0,6
17402,3,0.0,0.0,1.0,1,1,2.302585092994046,2.0,3.4657359027997265,1.0,9.0,4.0,1.0,6
17405,2,0.0,2.0,1.0,1,1,1.791759469228055,2.0,3.9889840465642745,6.0,9.0,2.0,1.0,7
17410,2,0.0,0.0,1.0,1,1,1.9459101490553132,1.0,4.189654742026425,1.0,3.0,4.0,1.0,6
17411,3,0.0,0.0,1.0,1,1,1.3862943611198906,2.0,3.1354942159291497,5.0,9.0,2.0,1.0,7
17412,3,0.0,0.0,1.0,1,1,1.0986122886681098,2.0,4.23410650459726,8.0,9.0,2.0,1.0,7
17413,3,0.0,4.0,1.0,1,1,1.6094379124341003,1.0,3.8066624897703196,8.0,3.0,2.0,1.0,2
17414,3,0.0,0.0,1.0,1,1,2.5649493574615367,1.0,3.713572066704308,8.0,1.0,4.0,2.0,4
17416,2,0.0,2.0,1.0,1,1,1.0986122886681098,1.0,3.1354942159291497,2.0,3.0,4.0,1.0,4
17418,3,0.0,0.0,1.0,4,1,1.6094379124341003,1.0,3.9318256327243257,8.0,3.0,2.0,1.0,1
17419,3,0.0,0.0,1.0,1,1,1.0986122886681098,1.0,3.332204510175204,1.0,3.0,4.0,1.0,3
17423,3,0.0,0.0,1.0,1,9,2.5649493574615367,2.0,3.5263605246161616,1.0,3.0,2.0,1.0,2
17427,3,0.0,0.0,1.0,1,1,1.791759469228055,1.0,4.04305126783455,8.0,1.0,1.0,1.0,5
17429,3,0.0,0.0,1.0,4,1,2.0794415416798357,2.0,3.5553480614894135,8.0,3.0,4.0,2.0,6
17431,3,0.0,0.0,1.0,1,1,1.3862943611198906,1.0,3.258096538021482,8.0,1.0,2.0,2.0,6
17432,3,0.0,0.0,1.0,1,1,1.3862943611198906,1.0,3.258096538021482,8.0,1.0,2.0,2.0,6
17434,3,0.0,0.0,1.0,1,1,1.0986122886681098,1.0,3.784189633918261,8.0,3.0,4.0,1.0,2
17437,3,0.0,0.0,1.0,1,1,0.6931471805599453,1.0,3.258096538021482,8.0,1.0,4.0,1.0,5
17438,3,0.0,1.0,1.0,1,1,2.3978952727983707,1.0,3.871201010907891,2.0,6.0,2.0,1.0,7
17444,3,0.0,0.0,1.0,1,1,2.1972245773362196,1.0,3.4657359027997265,8.0,3.0,4.0,1.0,2
17448,2,0.0,0.0,1.0,1,1,1.791759469228055,1.0,3.970291913552122,8.0,6.0,2.0,1.0,6
17449,3,0.0,0.0,1.0,1,1,1.9459101490553132,2.0,3.6888794541139363,1.0,8.0,4.0,1.0,3
17454,3,0.0,0.0,1.0,1,1,2.302585092994046,1.0,3.5263605246161616,1.0,6.0,2.0,2.0,3
17456,3,0.0,1.0,1.0,1,1,1.791759469228055,1.0,4.276666119016055,2.0,3.0,4.0,1.0,3
17476,3,0.0,0.0,2.0,1,1,2.302585092994046,1.0,3.7376696182833684,1.0,3.0,4.0,1.0,7
17477,3,0.0,0.0,2.0,1,1,2.302585092994046,1.0,3.7376696182833684,1.0,3.0,4.0,1.0,7
17478,3,0.0,0.0,2.0,1,1,2.302585092994046,1.0,3.7376696182833684,1.0,3.0,4.0,1.0,7
17481,3,0.0,0.0,1.0,1,1,2.8903717578961645,1.0,4.31748811353631,1.0,1.0,4.0,1.0,6
17483,3,0.0,0.0,1.0,1,1,0.6931471805599453,2.0,3.295836866004329,1.0,6.0,2.0,1.0,2
17484,3,0.0,0.0,1.0,1,1,1.791759469228055,1.0,3.8918202981106265,1.0,6.0,2.0,1.0,2
17486,3,0.0,1.0,1.0,1,1,2.5649493574615367,1.0,3.58351893845611,8.0,6.0,2.0,1.0,1
17487,2,0.0,9.0,1.0,1,1,1.6094379124341003,1.0,3.5263605246161616,2.0,3.0,4.0,1.0,2
17493,3,0.0,0.0,1.0,1,1,2.70805020110221,2.0,3.4657359027997265,1.0,3.0,4.0,1.0,6
17494,3,0.0,0.0,1.0,4,1,2.70805020110221,1.0,3.912023005428146,8.0,6.0,4.0,1.0,2
17499,3,0.0,0.0,1.0,1,1,2.772588722239781,1.0,4.356708826689592,8.0,6.0,2.0,1.0,6
17500,3,0.0,0.0,1.0,1,1,2.772588722239781,1.0,4.356708826689592,8.0,6.0,2.0,1.0,6
17505,2,0.0,1.0,1.0,1,1,2.3978952727983707,1.0,4.127134385045092,2.0,6.0,2.0,1.0,2
17515,3,0.0,2.0,1.0,1,1,2.4849066497880004,2.0,3.8501476017100584,1.0,3.0,4.0,1.0,2
17517,3,0.0,0.0,1.0,1,1,2.6390573296152584,1.0,4.248495242049359,1.0,6.0,2.0,1.0,5
17523,3,0.0,0.0,1.0,4,1,1.791759469228055,1.0,3.970291913552122,8.0,6.0,2.0,1.0,4
17527,3,0.0,0.0,1.0,1,1,2.302585092994046,2.0,3.4657359027997265,1.0,3.0,2.0,1.0,2
17528,3,0.0,0.0,1.0,1,1,2.302585092994046,2.0,4.007333185232471,1.0,3.0,2.0,1.0,2
17530,3,0.0,0.0,1.0,1,1,1.6094379124341003,1.0,3.912023005428146,1.0,3.0,4.0,1.0,3
17532,3,0.0,0.0,1.0,1,1,2.3978952727983707,1.0,3.4011973816621555,2.0,3.0,2.0,1.0,7
17534,3,0.0,0.0,1.0,1,1,0.6931471805599453,2.0,3.6375861597263857,8.0,6.0,4.0,1.0,5
17538,3,0.0,0.0,1.0,1,1,2.70805020110221,1.0,3.871201010907891,1.0,3.0,2.0,2.0,7
17540,2,0.0,0.0,1.0,1,1,0.6931471805599453,1.0,3.828641396489095,8.0,3.0,2.0,2.0,5
17553,2,0.0,0.0,1.0,1,1,2.3978952727983707,1.0,3.258096538021482,1.0,6.0,2.0,2.0,1
17555,3,0.0,0.0,2.0,4,1,2.0794415416798357,1.0,3.332204510175204,2.0,3.0,4.0,1.0,2
17562,3,0.0,0.0,1.0,1,1,2.0794415416798357,2.0,3.4965075614664802,1.0,3.0,4.0,1.0,1
17565,3,0.0,0.0,1.0,1,1,2.4849066497880004,1.0,4.1588830833596715,8.0,3.0,4.0,1.0,4
17570,3,0.0,0.0,1.0,1,1,2.3978952727983707,1.0,3.7376696182833684,1.0,3.0,4.0,1.0,3
17571,3,0.0,9.0,1.0,1,1,2.5649493574615367,1.0,3.8066624897703196,2.0,3.0,4.0,1.0,4
17573,3,0.0,0.0,1.0,1,1,2.3978952727983707,1.0,3.044522437723423,8.0,3.0,4.0,1.0,1
17575,3,0.0,0.0,1.0,1,1,1.9459101490553132,1.0,4.204692619390966,8.0,1.0,4.0,1.0,1
17583,3,0.0,1.0,1.0,1,1,2.1972245773362196,1.0,3.871201010907891,2.0,3.0,4.0,1.0,5
17584,3,0.0,0.0,1.0,1,1,0.6931471805599453,1.0,2.8903717578961645,8.0,6.0,4.0,1.0,4
17588,3,0.0,0.0,2.0,1,2,2.5649493574615367,2.0,3.1780538303479458,1.0,1.0,4.0,2.0,3
17591,3,0.0,0.0,1.0,4,1,2.0794415416798357,1.0,3.091042453358316,8.0,6.0,2.0,1.0,1
17592,3,0.0,0.0,1.0,4,1,2.0794415416798357,1.0,3.091042453358316,8.0,6.0,2.0,1.0,1
17593,3,0.0,0.0,1.0,4,1,2.0794415416798357,1.0,3.091042453358316,8.0,6.0,2.0,1.0,1
17596,3,0.0,0.0,1.0,1,1,2.302585092994046,1.0,3.258096538021482,2.0,3.0,4.0,2.0,2
17599,3,0.0,0.0,1.0,4,1,2.1972245773362196,1.0,3.7376696182833684,1.0,3.0,2.0,1.0,7
17600,3,0.0,0.0,1.0,4,1,2.1972245773362196,1.0,3.7376696182833684,1.0,3.0,2.0,1.0,7
17601,3,0.0,0.0,2.0,1,8,1.3862943611198906,1.0,4.174387269895637,8.0,1.0,4.0,1.0,4
17603,3,0.0,0.0,1.0,1,1,1.791759469228055,2.0,3.8066624897703196,8.0,3.0,4.0,1.0,7
17604,3,0.0,0.0,1.0,1,1,2.3978952727983707,2.0,3.295836866004329,8.0,3.0,4.0,1.0,7
17605,3,0.0,0.0,1.0,1,1,2.3978952727983707,2.0,3.295836866004329,8.0,3.0,4.0,1.0,7
17608,3,0.0,0.0,1.0,1,1,3.1354942159291497,2.0,4.02535169073515,1.0,3.0,4.0,1.0,4
17628,3,0.0,0.0,1.0,1,1,2.772588722239781,1.0,3.4011973816621555,1.0,3.0,2.0,1.0,6
17630,3,0.0,0.0,1.0,4,1,1.0986122886681098,2.0,3.58351893845611,1.0,1.0,4.0,1.0,2
17632,3,0.0,0.0,1.0,1,1,2.3978952727983707,2.0,3.2188758248682006,1.0,1.0,4.0,2.0,1
17634,3,0.0,0.0,1.0,1,1,2.3978952727983707,1.0,3.7612001156935624,1.0,3.0,4.0,2.0,5
17640,3,0.0,0.0,1.0,4,1,1.3862943611198906,2.0,3.2188758248682006,8.0,3.0,2.0,1.0,1
17657,3,0.0,0.0,2.0,1,2,2.70805020110221,1.0,4.060443010546419,1.0,3.0,4.0,1.0,2
17660,3,0.0,0.0,1.0,4,1,2.302585092994046,1.0,3.8066624897703196,2.0,3.0,4.0,2.0,6
17661,3,0.0,0.0,1.0,4,1,2.302585092994046,1.0,3.8066624897703196,2.0,3.0,4.0,2.0,6
17663,2,0.0,3.0,1.0,1,1,2.9444389791664403,1.0,3.2188758248682006,1.0,3.0,4.0,1.0,1
17664,3,0.0,0.0,1.0,1,1,2.1972245773362196,2.0,3.6375861597263857,1.0,1.0,4.0,2.0,3
17667,3,0.0,0.0,1.0,1,1,2.3978952727983707,1.0,3.58351893845611,1.0,3.0,4.0,1.0,7
17668,3,0.0,0.0,1.0,1,1,2.3978952727983707,1.0,3.58351893845611,1.0,3.0,4.0,1.0,7
17669,3,0.0,0.0,1.0,1,1,0.6931471805599453,1.0,3.7612001156935624,1.0,3.0,4.0,1.0,7
17671,3,0.0,0.0,1.0,1,1,2.0794415416798357,1.0,3.2188758248682006,1.0,9.0,4.0,2.0,7
17672,3,0.0,0.0,1.0,1,1,2.0794415416798357,1.0,3.2188758248682006,1.0,9.0,4.0,2.0,7
17676,3,0.0,0.0,1.0,1,1,2.0794415416798357,1.0,3.367295829986474,2.0,3.0,4.0,1.0,4
17677,3,0.0,0.0,1.0,1,1,1.0986122886681098,2.0,3.4657359027997265,2.0,3.0,4.0,1.0,4
17679,3,0.0,0.0,1.0,4,1,2.5649493574615367,1.0,3.7376696182833684,1.0,3.0,4.0,1.0,7
17680,3,0.0,0.0,1.0,4,1,2.5649493574615367,1.0,3.7376696182833684,1.0,3.0,4.0,1.0,7
17682,3,0.0,0.0,1.0,1,1,1.9459101490553132,1.0,3.6635616461296463,2.0,6.0,2.0,1.0,6
17686,2,0.0,0.0,1.0,1,1,2.1972245773362196,1.0,3.713572066704308,1.0,1.0,4.0,1.0,6
17687,2,0.0,0.0,1.0,1,1,2.1972245773362196,1.0,3.713572066704308,1.0,1.0,4.0,1.0,6
17692,3,0.0,0.0,2.0,4,2,2.4849066497880004,2.0,3.295836866004329,8.0,1.0,4.0,1.0,3
17693,2,0.0,4.0,1.0,1,1,1.6094379124341003,2.0,3.713572066704308,1.0,1.0,4.0,1.0,2
17695,3,0.0,0.0,1.0,1,1,2.1972245773362196,1.0,3.8918202981106265,8.0,1.0,2.0,1.0,3
17698,3,0.0,0.0,1.0,1,1,1.0986122886681098,1.0,3.044522437723423,1.0,6.0,2.0,1.0,1
17701,3,0.0,0.0,2.0,4,2,1.6094379124341003,1.0,3.6109179126442243,1.0,3.0,4.0,1.0,4
17706,3,0.0,0.0,1.0,1,1,2.1972245773362196,1.0,3.8918202981106265,1.0,3.0,4.0,2.0,6
17707,3,0.0,0.0,1.0,1,1,2.1972245773362196,1.0,3.8918202981106265,1.0,3.0,4.0,2.0,6
17709,3,0.0,0.0,1.0,4,1,2.70805020110221,1.0,3.2188758248682006,8.0,1.0,2.0,1.0,3
17711,3,0.0,0.0,1.0,1,1,2.772588722239781,1.0,3.5553480614894135,2.0,3.0,4.0,2.0,6
17714,3,0.0,0.0,1.0,1,1,2.1972245773362196,1.0,3.332204510175204,8.0,3.0,4.0,1.0,7
17719,3,0.0,2.0,1.0,4,1,1.791759469228055,2.0,4.174387269895637,1.0,3.0,2.0,1.0,5
17720,3,0.0,0.0,1.0,1,1,1.791759469228055,1.0,3.295836866004329,1.0,9.0,2.0,2.0,2
17721,3,0.0,0.0,1.0,1,1,1.791759469228055,1.0,3.295836866004329,1.0,9.0,2.0,2.0,2
17723,3,0.0,0.0,1.0,1,1,2.3978952727983707,2.0,3.4339872044851463,8.0,1.0,2.0,1.0,3
17727,2,0.0,0.0,1.0,4,1,2.302585092994046,1.0,3.044522437723423,8.0,6.0,4.0,1.0,6
17728,2,0.0,0.0,1.0,4,1,2.302585092994046,1.0,3.044522437723423,8.0,6.0,4.0,1.0,6
17729,2,0.0,0.0,1.0,4,1,2.302585092994046,1.0,3.044522437723423,8.0,6.0,4.0,1.0,6
17730,2,0.0,0.0,1.0,4,1,2.3978952727983707,1.0,3.4339872044851463,8.0,6.0,4.0,1.0,6
17734,3,0.0,0.0,1.0,1,1,2.5649493574615367,1.0,3.7612001156935624,8.0,2.0,4.0,1.0,6
17735,3,0.0,0.0,1.0,1,1,1.791759469228055,2.0,3.784189633918261,1.0,2.0,4.0,1.0,6
17736,3,0.0,0.0,1.0,4,1,1.3862943611198906,1.0,3.2188758248682006,1.0,3.0,4.0,1.0,7
17737,3,0.0,0.0,1.0,4,1,1.3862943611198906,1.0,3.2188758248682006,1.0,3.0,4.0,1.0,7
17738,3,0.0,0.0,1.0,4,1,1.3862943611198906,1.0,3.2188758248682006,1.0,3.0,4.0,1.0,7
17739,3,0.0,0.0,1.0,4,1,1.3862943611198906,1.0,3.2188758248682006,1.0,3.0,4.0,1.0,7
17740,3,0.0,0.0,1.0,4,1,1.3862943611198906,1.0,3.2188758248682006,1.0,3.0,4.0,1.0,7
17741,3,0.0,0.0,1.0,4,1,1.3862943611198906,1.0,3.2188758248682006,1.0,3.0,4.0,1.0,7
17743,3,0.0,0.0,1.0,4,1,1.3862943611198906,1.0,3.1780538303479458,8.0,6.0,4.0,1.0,6
17744,3,0.0,0.0,1.0,4,1,1.9459101490553132,1.0,3.9889840465642745,8.0,6.0,4.0,1.0,6
17745,3,0.0,0.0,1.0,4,1,1.9459101490553132,1.0,3.9889840465642745,8.0,6.0,4.0,1.0,6
17753,3,0.0,0.0,1.0,1,1,1.0986122886681098,1.0,3.7376696182833684,1.0,3.0,2.0,1.0,7
17754,3,0.0,0.0,1.0,1,1,1.0986122886681098,1.0,3.7376696182833684,1.0,3.0,2.0,1.0,7
17768,3,0.0,0.0,1.0,1,1,1.0986122886681098,2.0,4.290459441148391,1.0,5.0,4.0,2.0,1
17777,3,0.0,0.0,1.0,1,1,1.9459101490553132,1.0,4.060443010546419,1.0,1.0,4.0,1.0,4
17782,3,0.0,0.0,1.0,1,1,2.5649493574615367,2.0,4.219507705176107,1.0,3.0,2.0,1.0,6
17783,3,0.0,0.0,1.0,1,1,2.5649493574615367,2.0,4.219507705176107,1.0,3.0,2.0,1.0,6
17784,3,0.0,0.0,1.0,1,1,0.6931471805599453,2.0,4.174387269895637,1.0,1.0,2.0,2.0,2
17786,3,0.0,0.0,1.0,1,1,1.9459101490553132,1.0,3.784189633918261,1.0,3.0,4.0,2.0,6
17788,3,0.0,0.0,1.0,1,1,1.9459101490553132,1.0,3.9318256327243257,1.0,1.0,4.0,1.0,4
17794,3,0.0,0.0,1.0,1,1,2.302585092994046,2.0,4.02535169073515,8.0,6.0,4.0,1.0,3
17797,3,0.0,0.0,1.0,1,1,1.791759469228055,1.0,3.6888794541139363,4.0,1.0,4.0,1.0,2
17798,3,0.0,0.0,2.0,1,2,2.0794415416798357,1.0,3.4011973816621555,8.0,3.0,4.0,1.0,3
17807,3,0.0,0.0,1.0,1,1,1.3862943611198906,1.0,3.2188758248682006,1.0,3.0,4.0,1.0,3