accident_severity,special_conditions_at_site,pedestrian_movement,road_surface_conditions,light_conditions,weather_conditions,age_of_vehicle,sex_of_driver,age_of_driver,junction_location,junction_detail,junction_control,did_police_officer_attend_scene_of_accident,day_of_week
19365,3,0.0,0.0,1.0,1,1,2.1972245773362196,2.0,3.4339872044851463,1.0,1.0,4.0,2.0,4
19370,3,0.0,0.0,1.0,4,1,2.4849066497880004,1.0,3.7376696182833684,1.0,1.0,4.0,1.0,4
19372,3,0.0,0.0,2.0,1,1,1.6094379124341003,1.0,3.9512437185814275,8.0,3.0,4.0,2.0,7
19374,3,0.0,0.0,1.0,1,1,1.3862943611198906,2.0,3.784189633918261,8.0,6.0,4.0,1.0,5
19378,3,0.0,3.0,1.0,4,4,1.6094379124341003,2.0,3.7612001156935624,2.0,3.0,4.0,1.0,6
19379,3,0.0,3.0,1.0,4,4,1.6094379124341003,2.0,3.7612001156935624,2.0,3.0,4.0,1.0,6
19382,3,0.0,0.0,1.0,1,1,2.3978952727983707,2.0,3.4339872044851463,8.0,8.0,4.0,1.0,6
19383,3,0.0,0.0,1.0,1,1,0.6931471805599453,2.0,3.7612001156935624,8.0,8.0,4.0,1.0,6
19384,3,0.0,0.0,2.0,1,2,2.3978952727983707,2.0,3.970291913552122,8.0,8.0,4.0,2.0,6
19385,3,0.0,0.0,2.0,1,2,2.3978952727983707,2.0,3.970291913552122,8.0,8.0,4.0,2.0,6
19387,2,0.0,0.0,1.0,1,1,2.772588722239781,1.0,3.9318256327243257,8.0,3.0,4.0,1.0,1
19388,2,0.0,0.0,1.0,1,1,2.772588722239781,1.0,3.9318256327243257,8.0,3.0,4.0,1.0,1
19389,2,0.0,0.0,1.0,1,1,0.6931471805599453,2.0,4.290459441148391,8.0,3.0,4.0,1.0,1
19390,3,0.0,0.0,1.0,1,1,2.1972245773362196,1.0,2.995732273553991,1.0,3.0,4.0,1.0,7
19393,3,0.0,0.0,1.0,1,1,2.302585092994046,2.0,3.4965075614664802,1.0,3.0,2.0,2.0,7
19394,3,0.0,0.0,1.0,1,1,2.302585092994046,2.0,3.4965075614664802,1.0,3.0,2.0,2.0,7
19399,3,0.0,0.0,1.0,4,1,1.3862943611198906,2.0,3.6375861597263857,1.0,3.0,4.0,1.0,2
19401,3,0.0,0.0,2.0,1,2,0.6931471805599453,1.0,3.4657359027997265,8.0,1.0,4.0,1.0,4
19404,3,0.0,0.0,2.0,1,2,1.9459101490553132,2.0,4.0943445622221,8.0,3.0,4.0,1.0,5
19405,3,0.0,0.0,2.0,1,2,2.5649493574615367,1.0,3.091042453358316,8.0,3.0,4.0,1.0,5
19419,3,0.0,0.0,1.0,4,1,2.5649493574615367,2.0,3.367295829986474,1.0,6.0,2.0,1.0,7
19422,3,0.0,0.0,2.0,1,2,1.3862943611198906,1.0,3.6109179126442243,1.0,1.0,4.0,2.0,3
19423,3,0.0,0.0,2.0,1,2,1.3862943611198906,1.0,3.6109179126442243,1.0,1.0,4.0,2.0,3
19424,3,0.0,0.0,2.0,1,2,1.3862943611198906,1.0,3.6109179126442243,1.0,1.0,4.0,2.0,3
19432,3,0.0,0.0,2.0,4,1,1.6094379124341003,1.0,3.58351893845611,8.0,3.0,4.0,1.0,3
19434,2,0.0,0.0,2.0,4,1,2.4849066497880004,1.0,3.58351893845611,1.0,8.0,4.0,1.0,5
19443,3,0.0,0.0,2.0,1,2,2.0794415416798357,1.0,3.912023005428146,2.0,3.0,4.0,1.0,5
19444,3,0.0,0.0,2.0,1,2,2.6390573296152584,1.0,3.6888794541139363,1.0,3.0,4.0,1.0,5
19449,3,0.0,0.0,2.0,1,2,2.4849066497880004,1.0,3.871201010907891,8.0,1.0,4.0,2.0,2
19450,3,0.0,0.0,2.0,1,2,2.4849066497880004,1.0,3.871201010907891,8.0,1.0,4.0,2.0,2
19453,3,0.0,0.0,1.0,4,1,1.6094379124341003,2.0,3.871201010907891,1.0,3.0,4.0,1.0,4
19455,3,0.0,0.0,1.0,1,1,2.0794415416798357,1.0,3.332204510175204,8.0,6.0,2.0,2.0,5
19456,3,0.0,0.0,2.0,4,1,1.9459101490553132,2.0,4.143134726391533,8.0,1.0,4.0,2.0,5
19460,3,0.0,0.0,1.0,1,1,1.791759469228055,2.0,4.007333185232471,2.0,3.0,4.0,1.0,6
19461,3,0.0,0.0,1.0,4,1,2.4849066497880004,2.0,3.828641396489095,8.0,3.0,4.0,1.0,3
19462,3,0.0,0.0,1.0,4,1,0.6931471805599453,2.0,3.1354942159291497,8.0,3.0,4.0,1.0,3
19467,3,0.0,0.0,2.0,4,1,2.302585092994046,2.0,3.044522437723423,8.0,2.0,4.0,2.0,2
19469,3,0.0,0.0,1.0,1,1,2.1972245773362196,1.0,3.8066624897703196,8.0,1.0,4.0,1.0,6
19473,3,0.0,0.0,1.0,1,1,1.9459101490553132,1.0,4.418840607796598,1.0,8.0,4.0,1.0,4
19474,3,0.0,0.0,1.0,1,1,1.9459101490553132,1.0,4.418840607796598,1.0,8.0,4.0,1.0,4
19475,3,0.0,0.0,1.0,1,1,1.9459101490553132,1.0,4.418840607796598,1.0,8.0,4.0,1.0,4
19477,3,0.0,0.0,2.0,4,2,1.3862943611198906,2.0,3.6635616461296463,8.0,3.0,4.0,1.0,1
19481,3,0.0,0.0,1.0,1,1,0.6931471805599453,2.0,4.248495242049359,2.0,3.0,4.0,1.0,2
19482,3,0.0,9.0,1.0,1,1,0.6931471805599453,2.0,4.248495242049359,2.0,3.0,4.0,1.0,2
19487,3,0.0,0.0,1.0,4,1,2.4849066497880004,1.0,3.871201010907891,1.0,3.0,4.0,2.0,2
19491,3,0.0,0.0,1.0,4,1,0.6931471805599453,1.0,4.07753744390572,1.0,6.0,2.0,1.0,1
19495,2,0.0,3.0,1.0,4,1,2.1972245773362196,1.0,3.7376696182833684,1.0,3.0,4.0,1.0,6
19496,3,0.0,0.0,2.0,1,2,2.4849066497880004,2.0,3.2188758248682006,1.0,3.0,4.0,2.0,5
19519,3,0.0,0.0,1.0,1,1,1.6094379124341003,2.0,4.442651256490317,8.0,8.0,4.0,1.0,6
19520,3,0.0,0.0,1.0,1,1,2.5649493574615367,1.0,3.367295829986474,8.0,8.0,4.0,1.0,6
19524,3,0.0,0.0,1.0,7,9,2.4849066497880004,2.0,3.1354942159291497,8.0,6.0,2.0,1.0,5
19526,3,0.0,0.0,1.0,1,1,1.0986122886681098,1.0,2.9444389791664403,8.0,8.0,4.0,1.0,6
19532,3,0.0,0.0,2.0,4,1,2.3978952727983707,1.0,3.1780538303479458,8.0,1.0,4.0,1.0,1
19533,2,0.0,0.0,1.0,1,1,2.0794415416798357,1.0,3.1780538303479458,1.0,1.0,4.0,1.0,4
19534,2,0.0,0.0,1.0,1,1,2.833213344056216,1.0,4.356708826689592,1.0,1.0,4.0,1.0,4
19538,3,0.0,0.0,1.0,4,1,0.6931471805599453,2.0,3.58351893845611,8.0,8.0,4.0,1.0,3
19539,3,0.0,0.0,1.0,4,1,0.6931471805599453,2.0,3.58351893845611,8.0,8.0,4.0,1.0,3
19542,3,0.0,0.0,1.0,1,1,2.772588722239781,1.0,3.2188758248682006,1.0,3.0,4.0,1.0,7
19547,3,0.0,0.0,1.0,1,1,2.8903717578961645,1.0,3.258096538021482,8.0,6.0,4.0,1.0,2
19549,3,0.0,0.0,1.0,1,1,2.772588722239781,2.0,4.276666119016055,2.0,3.0,4.0,1.0,5
19551,3,0.0,0.0,1.0,4,1,2.0794415416798357,1.0,3.258096538021482,1.0,6.0,2.0,2.0,3
19557,3,0.0,0.0,2.0,4,2,2.995732273553991,2.0,3.091042453358316,1.0,3.0,4.0,1.0,1
19558,3,0.0,0.0,2.0,4,2,2.995732273553991,2.0,3.091042453358316,1.0,3.0,4.0,1.0,1
19559,3,0.0,0.0,2.0,4,2,2.995732273553991,2.0,3.091042453358316,1.0,3.0,4.0,1.0,1
19560,3,0.0,0.0,2.0,4,2,2.995732273553991,2.0,3.091042453358316,1.0,3.0,4.0,1.0,1
19565,3,0.0,0.0,1.0,4,1,1.3862943611198906,1.0,4.110873864173311,8.0,3.0,4.0,1.0,7
19568,3,0.0,0.0,1.0,4,1,2.1972245773362196,1.0,3.4339872044851463,8.0,3.0,2.0,1.0,2
19569,3,0.0,0.0,1.0,1,1,1.791759469228055,2.0,3.332204510175204,1.0,3.0,2.0,1.0,5
19570,3,0.0,0.0,1.0,1,1,2.302585092994046,2.0,3.4339872044851463,1.0,3.0,2.0,1.0,5
19571,3,0.0,0.0,1.0,1,1,2.302585092994046,2.0,3.4339872044851463,1.0,3.0,2.0,1.0,5
19573,3,0.0,0.0,1.0,4,1,1.791759469228055,2.0,3.9512437185814275,2.0,8.0,4.0,1.0,4
19574,3,0.0,0.0,1.0,4,1,2.0794415416798357,1.0,3.295836866004329,2.0,8.0,4.0,1.0,4
19581,3,0.0,0.0,1.0,4,1,2.70805020110221,2.0,3.332204510175204,2.0,3.0,4.0,1.0,3
19583,3,0.0,0.0,1.0,1,1,1.3862943611198906,1.0,3.58351893845611,1.0,3.0,4.0,1.0,7
19584,3,0.0,0.0,1.0,1,1,1.3862943611198906,1.0,3.58351893845611,1.0,3.0,4.0,1.0,7
19585,3,0.0,0.0,1.0,1,1,1.3862943611198906,1.0,3.58351893845611,1.0,3.0,4.0,1.0,7
19586,3,0.0,0.0,1.0,4,1,2.4849066497880004,1.0,4.30406509320417,1.0,3.0,4.0,1.0,2
19590,3,0.0,0.0,1.0,1,1,2.302585092994046,2.0,3.713572066704308,1.0,3.0,4.0,1.0,7
19592,3,0.0,0.0,1.0,1,1,0.6931471805599453,2.0,3.367295829986474,1.0,3.0,4.0,1.0,7
19600,3,0.0,0.0,1.0,4,1,2.3978952727983707,2.0,3.6635616461296463,2.0,3.0,4.0,1.0,3
19602,3,0.0,0.0,1.0,1,1,2.8903717578961645,2.0,4.174387269895637,8.0,2.0,4.0,1.0,5
19604,3,0.0,0.0,1.0,4,1,2.4849066497880004,1.0,3.2188758248682006,2.0,3.0,4.0,1.0,4
19605,3,0.0,0.0,1.0,4,1,1.3862943611198906,1.0,4.007333185232471,2.0,3.0,4.0,1.0,4
19608,3,0.0,0.0,1.0,4,1,1.9459101490553132,2.0,4.406719247264253,2.0,3.0,4.0,1.0,6
19612,3,0.0,0.0,1.0,1,1,2.4849066497880004,1.0,3.5553480614894135,8.0,3.0,4.0,1.0,3
19614,3,0.0,0.0,1.0,4,1,2.0794415416798357,1.0,3.4965075614664802,8.0,6.0,2.0,1.0,7
19616,3,0.0,1.0,1.0,1,1,1.3862943611198906,1.0,3.1780538303479458,2.0,3.0,4.0,1.0,6
19617,3,0.0,0.0,2.0,1,2,2.302585092994046,2.0,3.784189633918261,2.0,3.0,4.0,2.0,7
19620,3,0.0,0.0,2.0,1,1,1.791759469228055,1.0,3.4011973816621555,1.0,3.0,2.0,1.0,7
19624,3,0.0,0.0,1.0,4,1,1.791759469228055,1.0,4.007333185232471,1.0,6.0,4.0,2.0,1
19625,3,0.0,0.0,1.0,4,1,1.791759469228055,1.0,4.007333185232471,1.0,6.0,4.0,2.0,1
19628,3,0.0,0.0,2.0,1,1,2.302585092994046,2.0,3.6888794541139363,1.0,6.0,4.0,1.0,3
19639,3,0.0,2.0,1.0,1,1,2.6390573296152584,1.0,3.8918202981106265,1.0,3.0,2.0,1.0,4
19641,3,0.0,0.0,2.0,1,2,2.302585092994046,2.0,3.9512437185814275,8.0,3.0,4.0,1.0,3
19642,3,0.0,3.0,2.0,4,2,2.833213344056216,2.0,4.110873864173311,1.0,3.0,4.0,1.0,2
19643,3,0.0,0.0,1.0,1,1,2.4849066497880004,1.0,3.713572066704308,1.0,3.0,4.0,2.0,7
19647,3,0.0,0.0,1.0,1,1,1.0986122886681098,1.0,3.367295829986474,1.0,3.0,4.0,2.0,6
19649,2,0.0,0.0,1.0,4,1,1.9459101490553132,1.0,3.9318256327243257,8.0,6.0,4.0,2.0,6
19651,2,0.0,1.0,1.0,4,1,2.5649493574615367,1.0,3.367295829986474,2.0,3.0,4.0,1.0,2
19653,3,0.0,0.0,1.0,4,1,1.9459101490553132,1.0,4.060443010546419,8.0,3.0,4.0,1.0,2
19661,3,0.0,0.0,1.0,4,4,2.0794415416798357,1.0,3.044522437723423,8.0,3.0,4.0,1.0,5
19663,2,0.0,1.0,1.0,1,1,2.4849066497880004,1.0,3.7376696182833684,5.0,3.0,2.0,1.0,2
19664,3,0.0,0.0,1.0,4,1,1.9459101490553132,1.0,3.912023005428146,1.0,3.0,2.0,1.0,7
19665,3,0.0,0.0,1.0,4,1,1.791759469228055,1.0,3.4657359027997265,1.0,3.0,4.0,1.0,1
19668,3,0.0,0.0,1.0,1,1,2.1972245773362196,2.0,3.258096538021482,1.0,3.0,4.0,2.0,1
19672,3,0.0,0.0,1.0,4,1,2.833213344056216,1.0,3.4965075614664802,8.0,1.0,4.0,1.0,1
19680,3,0.0,3.0,1.0,4,1,2.302585092994046,2.0,3.5263605246161616,2.0,3.0,4.0,1.0,5
19683,3,0.0,3.0,1.0,4,1,1.791759469228055,1.0,4.007333185232471,1.0,6.0,2.0,1.0,7
19686,3,0.0,0.0,1.0,4,1,2.302585092994046,1.0,3.784189633918261,1.0,3.0,4.0,1.0,7
19687,3,0.0,0.0,1.0,4,1,2.302585092994046,1.0,3.784189633918261,1.0,3.0,4.0,1.0,7
19690,3,0.0,0.0,1.0,1,1,1.6094379124341003,1.0,3.5263605246161616,2.0,3.0,4.0,1.0,6
19692,3,0.0,0.0,1.0,4,1,2.3978952727983707,1.0,3.295836866004329,8.0,8.0,4.0,1.0,7
19693,3,0.0,0.0,2.0,4,5,2.1972245773362196,2.0,3.1780538303479458,8.0,6.0,4.0,2.0,1
19694,3,0.0,0.0,2.0,4,5,2.1972245773362196,2.0,3.1780538303479458,8.0,6.0,4.0,2.0,1
19701,3,0.0,0.0,1.0,4,1,2.5649493574615367,2.0,3.1354942159291497,8.0,6.0,4.0,1.0,3
19702,3,0.0,0.0,1.0,4,1,2.5649493574615367,2.0,3.1354942159291497,8.0,6.0,4.0,1.0,3
19706,3,0.0,3.0,1.0,1,1,2.5649493574615367,2.0,3.6635616461296463,2.0,3.0,4.0,1.0,6
19707,3,0.0,1.0,1.0,1,1,2.0794415416798357,1.0,3.332204510175204,1.0,3.0,2.0,1.0,2
19711,3,0.0,0.0,1.0,1,1,2.3978952727983707,1.0,3.295836866004329,1.0,3.0,4.0,1.0,5
19712,3,0.0,3.0,1.0,1,1,2.3978952727983707,1.0,3.295836866004329,1.0,3.0,4.0,1.0,5
19713,3,0.0,0.0,1.0,1,1,2.772588722239781,1.0,3.828641396489095,1.0,6.0,2.0,2.0,4
19716,3,0.0,3.0,2.0,1,1,1.0986122886681098,1.0,3.367295829986474,1.0,6.0,2.0,1.0,3
19717,3,0.0,0.0,1.0,1,1,2.6390573296152584,1.0,4.174387269895637,8.0,1.0,2.0,1.0,2
19718,3,0.0,0.0,1.0,1,1,2.6390573296152584,1.0,4.174387269895637,8.0,1.0,2.0,1.0,2
19719,3,0.0,0.0,1.0,1,1,1.6094379124341003,1.0,3.8066624897703196,8.0,1.0,2.0,1.0,2
19720,3,0.0,0.0,1.0,4,1,0.6931471805599453,2.0,4.02535169073515,8.0,1.0,2.0,1.0,5
19727,3,0.0,3.0,2.0,1,2,1.0986122886681098,1.0,4.204692619390966,1.0,3.0,2.0,1.0,6
19729,3,0.0,0.0,2.0,4,2,1.791759469228055,1.0,3.912023005428146,8.0,7.0,4.0,1.0,6
19730,3,0.0,0.0,2.0,4,2,1.791759469228055,1.0,3.912023005428146,8.0,7.0,4.0,1.0,6
19731,3,0.0,0.0,2.0,4,2,1.791759469228055,1.0,3.912023005428146,8.0,7.0,4.0,1.0,6
19733,2,0.0,0.0,1.0,4,1,2.1972245773362196,1.0,3.295836866004329,1.0,3.0,4.0,1.0,6
19734,3,0.0,0.0,1.0,4,1,2.0794415416798357,1.0,3.4011973816621555,1.0,6.0,2.0,1.0,4
19739,3,0.0,3.0,1.0,4,1,2.1972245773362196,1.0,3.828641396489095,2.0,6.0,4.0,1.0,4
19751,3,0.0,4.0,1.0,4,1,2.1972245773362196,2.0,3.828641396489095,1.0,6.0,2.0,1.0,3
19753,3,0.0,2.0,1.0,1,1,0.6931471805599453,1.0,3.1780538303479458,2.0,3.0,4.0,1.0,3
19761,3,0.0,0.0,1.0,1,1,2.6390573296152584,2.0,3.7376696182833684,1.0,3.0,4.0,1.0,6
19762,3,0.0,0.0,2.0,4,2,2.70805020110221,2.0,3.912023005428146,2.0,6.0,2.0,2.0,6
19768,3,0.0,0.0,1.0,4,1,2.6390573296152584,2.0,3.8501476017100584,8.0,3.0,4.0,1.0,6
19769,3,0.0,0.0,1.0,4,1,1.0986122886681098,2.0,3.5263605246161616,8.0,3.0,4.0,1.0,6
19775,3,0.0,0.0,1.0,1,1,2.1972245773362196,2.0,3.8066624897703196,1.0,3.0,4.0,1.0,3
19776,3,0.0,3.0,2.0,1,1,1.0986122886681098,1.0,4.007333185232471,2.0,3.0,4.0,1.0,7
19784,3,0.0,0.0,1.0,4,1,2.3978952727983707,1.0,3.912023005428146,2.0,3.0,4.0,1.0,4
19787,3,0.0,0.0,1.0,4,1,1.791759469228055,1.0,3.367295829986474,8.0,6.0,2.0,1.0,3
19789,3,0.0,0.0,1.0,4,1,2.833213344056216,1.0,3.258096538021482,8.0,6.0,4.0,2.0,7
19790,3,0.0,0.0,1.0,4,1,2.833213344056216,1.0,3.258096538021482,8.0,6.0,4.0,2.0,7
19793,3,0.0,0.0,1.0,1,1,1.3862943611198906,1.0,3.091042453358316,1.0,3.0,4.0,1.0,2
19798,3,0.0,0.0,1.0,1,1,1.3862943611198906,1.0,3.6888794541139363,1.0,6.0,2.0,1.0,3
19799,3,0.0,1.0,1.0,1,1,1.3862943611198906,1.0,3.6888794541139363,1.0,6.0,2.0,1.0,3
19800,3,0.0,3.0,1.0,4,1,2.1972245773362196,1.0,4.1588830833596715,1.0,3.0,4.0,1.0,1
19807,3,0.0,0.0,1.0,1,1,1.9459101490553132,1.0,3.295836866004329,1.0,3.0,4.0,1.0,5
19809,3,0.0,0.0,1.0,1,1,2.8903717578961645,1.0,3.8066624897703196,8.0,6.0,4.0,1.0,6
19810,3,0.0,0.0,1.0,1,1,2.6390573296152584,1.0,3.8501476017100584,8.0,6.0,4.0,1.0,6
19811,3,0.0,0.0,1.0,1,1,2.6390573296152584,1.0,3.8501476017100584,8.0,6.0,4.0,1.0,6
19812,3,0.0,0.0,1.0,4,1,2.5649493574615367,1.0,3.6635616461296463,1.0,3.0,4.0,2.0,5
19814,2,0.0,0.0,1.0,1,1,1.0986122886681098,2.0,3.6375861597263857,8.0,1.0,2.0,2.0,1
19816,3,0.0,0.0,1.0,4,1,2.0794415416798357,1.0,3.970291913552122,1.0,6.0,2.0,1.0,1
19817,3,0.0,0.0,1.0,4,1,2.0794415416798357,1.0,3.970291913552122,1.0,6.0,2.0,1.0,1
19828,3,0.0,4.0,1.0,1,1,0.6931471805599453,1.0,3.784189633918261,2.0,6.0,2.0,1.0,7
19829,3,0.0,4.0,1.0,1,1,0.6931471805599453,1.0,3.784189633918261,2.0,6.0,2.0,1.0,7
19831,3,0.0,0.0,2.0,1,1,2.1972245773362196,1.0,3.6109179126442243,8.0,3.0,4.0,1.0,3
19832,3,0.0,0.0,2.0,4,2,2.302585092994046,2.0,3.6635616461296463,8.0,2.0,4.0,2.0,4
19833,3,0.0,0.0,2.0,4,2,2.302585092994046,2.0,3.6635616461296463,8.0,2.0,4.0,2.0,4
19835,3,0.0,0.0,1.0,4,1,2.1972245773362196,1.0,3.7376696182833684,8.0,6.0,2.0,2.0,7
19839,3,0.0,0.0,1.0,4,1,1.791759469228055,1.0,3.332204510175204,8.0,6.0,4.0,2.0,4
19841,3,0.0,0.0,1.0,1,1,1.6094379124341003,1.0,3.6375861597263857,8.0,3.0,4.0,1.0,5
19842,3,0.0,0.0,1.0,1,1,2.3978952727983707,1.0,3.367295829986474,8.0,3.0,4.0,1.0,5
19843,3,0.0,0.0,1.0,1,1,2.3978952727983707,1.0,3.367295829986474,8.0,3.0,4.0,1.0,5
19846,3,0.0,0.0,1.0,1,1,1.0986122886681098,2.0,3.713572066704308,8.0,6.0,2.0,1.0,4
19847,3,0.0,0.0,1.0,1,1,1.0986122886681098,2.0,3.713572066704308,8.0,6.0,2.0,1.0,4
19854,3,0.0,0.0,1.0,1,1,2.8903717578961645,2.0,3.091042453358316,1.0,3.0,4.0,1.0,6
19857,3,0.0,0.0,1.0,1,1,1.3862943611198906,1.0,2.8903717578961645,8.0,3.0,4.0,1.0,2
19867,3,0.0,0.0,1.0,4,1,2.0794415416798357,2.0,3.4965075614664802,2.0,3.0,4.0,2.0,4
19869,2,0.0,1.0,1.0,4,1,2.1972245773362196,1.0,3.784189633918261,8.0,1.0,4.0,1.0,2
19870,3,0.0,0.0,1.0,1,1,2.5649493574615367,1.0,3.784189633918261,8.0,3.0,4.0,1.0,7
19872,3,0.0,0.0,1.0,4,1,1.9459101490553132,1.0,3.8501476017100584,8.0,2.0,4.0,1.0,7
19878,3,0.0,0.0,1.0,1,1,0.6931471805599453,1.0,3.8501476017100584,8.0,6.0,2.0,2.0,6
19879,3,0.0,0.0,1.0,1,1,0.6931471805599453,1.0,3.8501476017100584,8.0,6.0,2.0,2.0,6
19880,3,0.0,0.0,1.0,1,1,0.6931471805599453,1.0,3.8501476017100584,8.0,6.0,2.0,2.0,6
19881,3,0.0,0.0,1.0,1,1,0.6931471805599453,1.0,3.8501476017100584,8.0,6.0,2.0,2.0,6
19883,3,0.0,1.0,2.0,4,2,2.3978952727983707,2.0,3.8066624897703196,2.0,3.0,4.0,1.0,2
19884,3,0.0,1.0,1.0,1,1,2.833213344056216,1.0,3.6109179126442243,2.0,6.0,2.0,1.0,6
19889,3,0.0,0.0,1.0,1,1,0.6931471805599453,1.0,3.58351893845611,8.0,3.0,4.0,1.0,4
19896,3,0.0,0.0,1.0,4,1,2.70805020110221,1.0,3.4011973816621555,1.0,3.0,4.0,1.0,3
19905,3,0.0,1.0,1.0,1,1,1.791759469228055,1.0,3.871201010907891,2.0,3.0,4.0,1.0,1
19908,3,0.0,0.0,1.0,4,1,2.4849066497880004,1.0,3.970291913552122,1.0,3.0,4.0,1.0,3
19910,3,0.0,0.0,1.0,1,1,2.5649493574615367,1.0,3.6375861597263857,8.0,3.0,2.0,1.0,3
19911,3,0.0,0.0,1.0,1,1,1.6094379124341003,1.0,4.30406509320417,8.0,3.0,2.0,1.0,3
19928,3,0.0,1.0,1.0,4,1,2.70805020110221,2.0,4.31748811353631,1.0,3.0,4.0,1.0,6
19931,3,0.0,0.0,1.0,1,1,1.6094379124341003,1.0,3.58351893845611,1.0,6.0,2.0,2.0,6
19935,3,0.0,0.0,1.0,1,1,0.6931471805599453,2.0,3.5263605246161616,1.0,6.0,4.0,2.0,4
19936,3,0.0,0.0,1.0,1,1,0.6931471805599453,2.0,3.5263605246161616,1.0,6.0,4.0,2.0,4
19939,3,0.0,0.0,1.0,4,1,2.0794415416798357,1.0,3.4657359027997265,8.0,6.0,2.0,2.0,7
19940,3,0.0,0.0,1.0,4,1,2.0794415416798357,1.0,3.4657359027997265,8.0,6.0,2.0,2.0,7
19945,3,0.0,0.0,1.0,4,1,2.0794415416798357,1.0,3.258096538021482,2.0,3.0,4.0,1.0,7
19951,3,0.0,0.0,1.0,4,1,2.5649493574615367,2.0,3.58351893845611,8.0,6.0,4.0,2.0,7
19953,3,0.0,0.0,1.0,1,1,1.9459101490553132,1.0,2.995732273553991,8.0,6.0,2.0,1.0,3
19955,3,0.0,0.0,1.0,1,1,2.5649493574615367,1.0,3.8066624897703196,1.0,6.0,4.0,2.0,6
19957,3,0.0,0.0,1.0,1,1,2.302585092994046,1.0,3.8066624897703196,8.0,3.0,4.0,1.0,6
19958,3,0.0,0.0,1.0,1,1,1.3862943611198906,1.0,3.332204510175204,8.0,6.0,2.0,1.0,2
19959,3,0.0,0.0,1.0,1,1,1.3862943611198906,1.0,3.332204510175204,8.0,6.0,2.0,1.0,2
19960,3,0.0,0.0,1.0,1,1,2.3978952727983707,2.0,3.367295829986474,8.0,6.0,2.0,1.0,2
19961,3,0.0,0.0,1.0,1,1,1.0986122886681098,1.0,3.5263605246161616,8.0,6.0,4.0,1.0,4
19963,3,0.0,0.0,1.0,1,1,2.4849066497880004,1.0,3.4965075614664802,1.0,6.0,2.0,2.0,7
19964,3,0.0,0.0,1.0,1,1,2.4849066497880004,1.0,3.4965075614664802,1.0,6.0,2.0,2.0,7
19966,3,0.0,0.0,1.0,4,1,1.3862943611198906,2.0,3.8501476017100584,1.0,6.0,4.0,2.0,3
19967,3,0.0,0.0,1.0,4,1,1.3862943611198906,2.0,3.8501476017100584,1.0,6.0,4.0,2.0,3
19973,3,0.0,0.0,1.0,1,1,1.3862943611198906,1.0,3.58351893845611,1.0,3.0,2.0,1.0,7
19976,3,0.0,0.0,1.0,1,1,2.4849066497880004,1.0,3.1354942159291497,8.0,3.0,4.0,1.0,7
19981,3,0.0,0.0,1.0,1,1,1.0986122886681098,1.0,3.912023005428146,1.0,3.0,2.0,1.0,7
19982,3,0.0,0.0,1.0,1,1,1.0986122886681098,1.0,3.912023005428146,1.0,3.0,2.0,1.0,7
19985,3,0.0,0.0,1.0,1,1,2.1972245773362196,2.0,3.8501476017100584,2.0,3.0,4.0,1.0,1
19996,3,0.0,0.0,1.0,1,1,2.4849066497880004,2.0,4.02535169073515,2.0,3.0,4.0,1.0,5
19997,3,0.0,3.0,1.0,1,1,2.4849066497880004,2.0,4.02535169073515,2.0,3.0,4.0,1.0,5
19998,3,0.0,0.0,1.0,1,1,1.791759469228055,1.0,3.1354942159291497,8.0,6.0,2.0,1.0,2
19999,3,0.0,0.0,1.0,1,1,1.6094379124341003,1.0,3.4965075614664802,8.0,6.0,2.0,1.0,2
20005,3,0.0,0.0,1.0,1,1,2.4849066497880004,1.0,3.295836866004329,1.0,6.0,2.0,1.0,3
20008,3,0.0,0.0,1.0,1,1,2.1972245773362196,1.0,3.828641396489095,8.0,6.0,2.0,1.0,5
20010,3,0.0,0.0,1.0,1,1,1.9459101490553132,2.0,3.5553480614894135,8.0,3.0,4.0,1.0,2
20014,3,0.0,0.0,1.0,1,1,1.9459101490553132,1.0,3.1780538303479458,8.0,6.0,2.0,1.0,6
20015,3,0.0,1.0,1.0,1,1,1.6094379124341003,1.0,3.7376696182833684,2.0,3.0,4.0,1.0,5
20017,3,0.0,0.0,1.0,1,1,1.3862943611198906,1.0,3.5263605246161616,8.0,6.0,2.0,1.0,3
20018,3,0.0,0.0,1.0,1,1,1.3862943611198906,1.0,3.5263605246161616,8.0,6.0,2.0,1.0,3
20023,3,0.0,0.0,1.0,1,1,2.3978952727983707,2.0,3.4965075614664802,1.0,6.0,2.0,2.0,1
20024,3,0.0,0.0,1.0,1,1,2.3978952727983707,2.0,3.4965075614664802,1.0,6.0,2.0,2.0,1
20027,3,0.0,0.0,1.0,1,1,1.6094379124341003,1.0,3.9318256327243257,2.0,3.0,4.0,1.0,3
20028,3,0.0,0.0,1.0,1,1,1.6094379124341003,1.0,3.9318256327243257,2.0,3.0,4.0,1.0,3