accident_severity,special_conditions_at_site,pedestrian_movement,road_surface_conditions,light_conditions,weather_conditions,age_of_vehicle,sex_of_driver,age_of_driver,junction_location,junction_detail,junction_control,did_police_officer_attend_scene_of_accident,day_of_week
24852,3,0.0,0.0,1.0,1,1,2.772588722239781,2.0,3.784189633918261,1.0,3.0,4.0,1.0,6
24853,2,0.0,3.0,1.0,4,1,1.3862943611198906,1.0,3.4657359027997265,2.0,6.0,4.0,1.0,5
24856,3,0.0,0.0,1.0,7,1,2.0794415416798357,1.0,3.5263605246161616,2.0,3.0,4.0,1.0,1
24857,3,0.0,1.0,1.0,7,1,2.0794415416798357,1.0,3.5263605246161616,2.0,3.0,4.0,1.0,1
24858,2,0.0,0.0,1.0,1,1,1.6094379124341003,2.0,3.367295829986474,8.0,3.0,4.0,1.0,2
24860,3,0.0,0.0,1.0,4,1,2.5649493574615367,1.0,3.970291913552122,8.0,3.0,4.0,2.0,4
24862,3,0.0,0.0,1.0,1,1,1.3862943611198906,1.0,3.4965075614664802,1.0,6.0,2.0,1.0,4
24863,3,0.0,1.0,1.0,1,1,1.3862943611198906,1.0,3.4965075614664802,1.0,6.0,2.0,1.0,4
24868,3,0.0,1.0,1.0,4,1,1.6094379124341003,1.0,3.7612001156935624,1.0,3.0,4.0,1.0,1
24873,3,0.0,0.0,1.0,4,1,2.302585092994046,1.0,3.2188758248682006,8.0,3.0,4.0,1.0,4
24874,3,0.0,0.0,1.0,4,1,2.6390573296152584,2.0,3.828641396489095,1.0,3.0,4.0,2.0,1
24876,3,0.0,0.0,1.0,1,1,2.6390573296152584,2.0,3.871201010907891,2.0,3.0,2.0,1.0,1
24883,3,0.0,0.0,1.0,1,1,1.6094379124341003,1.0,2.995732273553991,8.0,3.0,4.0,1.0,3
24887,3,0.0,0.0,1.0,4,1,2.302585092994046,1.0,3.1780538303479458,8.0,3.0,4.0,1.0,4
24888,3,0.0,0.0,1.0,1,1,1.9459101490553132,1.0,3.9318256327243257,8.0,1.0,4.0,1.0,7
24889,2,0.0,0.0,1.0,1,1,0.6931471805599453,1.0,3.713572066704308,1.0,3.0,2.0,1.0,2
24892,3,0.0,1.0,1.0,1,1,1.3862943611198906,1.0,3.5553480614894135,1.0,6.0,4.0,1.0,6
24893,3,0.0,0.0,2.0,1,2,3.091042453358316,1.0,3.295836866004329,8.0,3.0,4.0,1.0,4
24906,3,0.0,0.0,1.0,1,1,2.302585092994046,1.0,3.4339872044851463,8.0,3.0,4.0,1.0,4
24911,3,0.0,0.0,1.0,1,1,1.6094379124341003,2.0,3.5263605246161616,8.0,3.0,4.0,1.0,5
24912,3,0.0,0.0,1.0,1,1,1.6094379124341003,2.0,3.5263605246161616,8.0,3.0,4.0,1.0,5
24916,3,0.0,0.0,1.0,4,1,1.6094379124341003,1.0,3.258096538021482,8.0,3.0,4.0,1.0,1
24917,3,0.0,0.0,2.0,4,2,0.6931471805599453,1.0,3.2188758248682006,2.0,3.0,4.0,1.0,2
24919,3,0.0,0.0,1.0,1,1,1.0986122886681098,1.0,3.2188758248682006,2.0,3.0,4.0,1.0,3
24921,3,0.0,0.0,1.0,4,1,2.1972245773362196,2.0,3.4965075614664802,8.0,1.0,4.0,1.0,7
24924,3,0.0,0.0,1.0,1,1,1.6094379124341003,1.0,3.912023005428146,8.0,3.0,2.0,1.0,7
24928,3,0.0,0.0,1.0,1,1,1.6094379124341003,1.0,3.871201010907891,1.0,6.0,2.0,1.0,7
24929,3,0.0,0.0,1.0,1,1,1.6094379124341003,1.0,3.871201010907891,1.0,6.0,2.0,1.0,7
24931,3,0.0,4.0,1.0,1,1,1.791759469228055,1.0,3.332204510175204,1.0,6.0,2.0,1.0,7
24934,3,0.0,0.0,1.0,4,1,2.0794415416798357,1.0,3.784189633918261,8.0,6.0,4.0,1.0,5
24939,3,0.0,0.0,1.0,4,1,2.5649493574615367,1.0,3.9889840465642745,8.0,3.0,4.0,1.0,1
24951,3,0.0,0.0,1.0,4,1,2.772588722239781,1.0,4.0943445622221,1.0,3.0,2.0,1.0,7
24954,3,0.0,0.0,1.0,4,1,2.70805020110221,1.0,3.8918202981106265,1.0,3.0,2.0,1.0,7
24961,3,0.0,1.0,1.0,1,1,2.1972245773362196,1.0,4.007333185232471,1.0,6.0,2.0,1.0,4
24963,3,0.0,0.0,1.0,1,1,2.4849066497880004,2.0,3.58351893845611,8.0,3.0,4.0,1.0,5
24967,3,0.0,0.0,1.0,1,1,2.302585092994046,1.0,3.871201010907891,1.0,3.0,4.0,1.0,3
24976,3,0.0,0.0,2.0,1,2,2.302585092994046,1.0,3.6109179126442243,8.0,3.0,4.0,1.0,5
24980,3,0.0,0.0,1.0,4,1,2.5649493574615367,1.0,3.1354942159291497,8.0,3.0,4.0,2.0,2
24986,3,0.0,0.0,1.0,1,1,2.1972245773362196,1.0,3.9318256327243257,8.0,3.0,4.0,2.0,5
24995,3,0.0,0.0,1.0,1,1,1.791759469228055,1.0,2.995732273553991,8.0,3.0,4.0,1.0,6
24998,3,0.0,0.0,1.0,1,1,1.6094379124341003,1.0,3.7376696182833684,8.0,1.0,4.0,2.0,7
25008,3,0.0,0.0,1.0,1,1,2.3978952727983707,1.0,3.2188758248682006,1.0,3.0,2.0,1.0,3
25015,3,0.0,4.0,1.0,1,1,3.091042453358316,1.0,3.295836866004329,1.0,8.0,2.0,1.0,6
25020,3,0.0,0.0,1.0,1,1,1.9459101490553132,1.0,3.9512437185814275,1.0,6.0,2.0,1.0,4
25021,3,0.0,0.0,1.0,1,1,1.9459101490553132,1.0,3.9512437185814275,1.0,6.0,2.0,1.0,4
25022,3,0.0,0.0,1.0,1,1,1.9459101490553132,1.0,3.9512437185814275,1.0,6.0,2.0,1.0,4
25041,3,0.0,0.0,1.0,1,1,2.5649493574615367,2.0,4.007333185232471,2.0,6.0,2.0,1.0,1
25042,3,0.0,0.0,1.0,1,1,2.5649493574615367,2.0,4.007333185232471,2.0,6.0,2.0,1.0,1
25043,3,0.0,0.0,1.0,1,1,2.5649493574615367,2.0,4.007333185232471,2.0,6.0,2.0,1.0,1
25045,3,0.0,0.0,1.0,1,1,2.6390573296152584,1.0,4.174387269895637,8.0,6.0,2.0,1.0,2
25051,3,0.0,0.0,1.0,1,1,2.0794415416798357,1.0,3.1354942159291497,8.0,3.0,4.0,1.0,3
25058,3,0.0,0.0,1.0,1,1,1.791759469228055,1.0,3.784189633918261,8.0,3.0,4.0,1.0,7
25063,3,0.0,0.0,1.0,1,1,1.0986122886681098,2.0,3.5263605246161616,8.0,3.0,2.0,1.0,6
25064,3,0.0,0.0,1.0,1,1,2.3978952727983707,2.0,3.5263605246161616,8.0,3.0,2.0,1.0,6
25066,3,0.0,3.0,1.0,1,1,2.1972245773362196,1.0,4.248495242049359,2.0,3.0,4.0,1.0,6
25072,2,0.0,0.0,1.0,1,1,2.0794415416798357,1.0,3.1780538303479458,8.0,3.0,4.0,1.0,6
25075,3,0.0,1.0,1.0,1,1,1.0986122886681098,1.0,3.1354942159291497,1.0,3.0,2.0,1.0,4
25078,3,0.0,0.0,1.0,1,1,3.258096538021482,1.0,4.060443010546419,8.0,6.0,4.0,1.0,2
25086,3,0.0,1.0,1.0,1,1,1.3862943611198906,1.0,3.7376696182833684,8.0,1.0,4.0,1.0,1
25097,2,0.0,1.0,1.0,1,1,2.3978952727983707,1.0,3.044522437723423,2.0,3.0,4.0,1.0,2
25099,3,0.0,0.0,2.0,1,1,2.6390573296152584,1.0,3.7612001156935624,8.0,3.0,4.0,1.0,6
25100,3,0.0,0.0,2.0,1,1,2.6390573296152584,1.0,3.7612001156935624,8.0,3.0,4.0,1.0,6
25101,3,0.0,2.0,2.0,1,2,2.5649493574615367,1.0,3.6888794541139363,1.0,3.0,4.0,1.0,5
25108,3,0.0,1.0,1.0,1,1,1.3862943611198906,1.0,3.295836866004329,1.0,6.0,2.0,1.0,2
25117,3,0.0,0.0,1.0,1,1,1.6094379124341003,1.0,3.8066624897703196,1.0,3.0,4.0,1.0,7
25120,3,0.0,0.0,1.0,1,1,1.6094379124341003,1.0,3.4011973816621555,1.0,1.0,4.0,1.0,3
25121,3,0.0,1.0,1.0,1,1,1.6094379124341003,1.0,3.4011973816621555,1.0,1.0,4.0,1.0,3
25128,3,0.0,0.0,1.0,1,1,1.9459101490553132,2.0,3.8918202981106265,8.0,1.0,4.0,1.0,1
25130,3,0.0,0.0,1.0,1,1,0.6931471805599453,1.0,3.784189633918261,2.0,3.0,4.0,1.0,1
25137,2,0.0,3.0,1.0,1,1,2.5649493574615367,1.0,3.9318256327243257,1.0,6.0,2.0,1.0,7
25138,3,0.0,0.0,1.0,1,1,0.6931471805599453,1.0,3.4011973816621555,8.0,6.0,2.0,2.0,2
25145,3,0.0,0.0,1.0,1,1,2.995732273553991,1.0,3.5263605246161616,8.0,3.0,4.0,1.0,5
25157,3,0.0,0.0,2.0,4,1,1.6094379124341003,1.0,3.4657359027997265,1.0,6.0,2.0,1.0,1
25164,3,0.0,0.0,1.0,1,1,2.8903717578961645,1.0,3.871201010907891,1.0,3.0,2.0,1.0,7
25172,3,0.0,0.0,1.0,1,1,2.3978952727983707,1.0,3.871201010907891,1.0,6.0,2.0,2.0,3
25176,3,0.0,0.0,1.0,1,1,2.0794415416798357,1.0,4.02535169073515,1.0,3.0,2.0,1.0,6
25186,3,0.0,1.0,1.0,1,1,2.0794415416798357,1.0,4.1588830833596715,8.0,3.0,4.0,1.0,2
25191,3,0.0,0.0,1.0,4,1,1.6094379124341003,1.0,3.713572066704308,8.0,3.0,4.0,1.0,1
25193,3,0.0,0.0,1.0,1,1,2.1972245773362196,2.0,3.1354942159291497,1.0,3.0,4.0,1.0,4
25196,3,0.0,0.0,1.0,1,1,2.3978952727983707,1.0,3.58351893845611,8.0,3.0,4.0,1.0,4
25198,3,0.0,0.0,1.0,1,1,2.6390573296152584,1.0,3.1354942159291497,8.0,3.0,4.0,1.0,4
25201,3,0.0,0.0,1.0,1,1,1.3862943611198906,1.0,3.4011973816621555,1.0,3.0,4.0,1.0,1
25205,3,0.0,0.0,1.0,1,1,1.6094379124341003,1.0,3.258096538021482,8.0,3.0,4.0,1.0,7
25215,3,0.0,0.0,1.0,1,1,0.6931471805599453,1.0,3.1354942159291497,1.0,3.0,4.0,2.0,6
25218,3,0.0,0.0,1.0,1,1,1.9459101490553132,1.0,3.8918202981106265,8.0,3.0,4.0,1.0,1
25223,3,0.0,0.0,1.0,1,1,1.791759469228055,1.0,3.4011973816621555,1.0,1.0,4.0,2.0,1
25233,3,0.0,0.0,1.0,7,1,1.791759469228055,1.0,3.784189633918261,1.0,3.0,2.0,2.0,7
25235,3,0.0,0.0,1.0,1,1,1.791759469228055,2.0,3.1780538303479458,2.0,3.0,4.0,1.0,5
25237,3,0.0,0.0,1.0,1,1,1.6094379124341003,1.0,3.258096538021482,8.0,3.0,2.0,1.0,2
25239,3,0.0,3.0,1.0,1,1,1.0986122886681098,1.0,3.4011973816621555,2.0,3.0,4.0,1.0,4
25242,2,0.0,0.0,1.0,1,1,1.3862943611198906,1.0,3.4339872044851463,8.0,3.0,4.0,1.0,4
25243,2,0.0,9.0,1.0,1,1,1.3862943611198906,1.0,3.4339872044851463,8.0,3.0,4.0,1.0,4
25245,3,0.0,0.0,1.0,1,1,2.1972245773362196,2.0,3.58351893845611,1.0,3.0,4.0,1.0,4
25253,3,0.0,0.0,1.0,1,1,1.0986122886681098,1.0,3.258096538021482,8.0,3.0,4.0,1.0,2
25257,3,0.0,0.0,1.0,1,1,2.4849066497880004,2.0,3.332204510175204,1.0,3.0,4.0,2.0,7
25260,3,0.0,0.0,1.0,4,1,1.9459101490553132,1.0,3.828641396489095,1.0,3.0,2.0,1.0,7
25268,3,0.0,0.0,1.0,1,1,1.791759469228055,1.0,3.4339872044851463,8.0,3.0,2.0,1.0,2
25270,3,0.0,0.0,1.0,1,1,1.6094379124341003,1.0,4.04305126783455,1.0,6.0,2.0,1.0,7
25271,3,0.0,0.0,1.0,1,1,1.791759469228055,1.0,3.8501476017100584,1.0,6.0,2.0,1.0,7
25272,3,0.0,0.0,1.0,1,1,1.3862943611198906,1.0,3.5553480614894135,8.0,1.0,4.0,2.0,7
25281,3,0.0,1.0,1.0,1,1,1.0986122886681098,1.0,3.4339872044851463,2.0,3.0,4.0,1.0,2
25282,3,0.0,0.0,1.0,1,1,2.302585092994046,2.0,4.0943445622221,1.0,6.0,4.0,1.0,4
25284,3,0.0,0.0,1.0,1,1,2.4849066497880004,1.0,3.091042453358316,8.0,3.0,4.0,1.0,5
25286,3,0.0,1.0,1.0,1,1,0.6931471805599453,2.0,3.4011973816621555,2.0,3.0,4.0,1.0,5
25287,3,0.0,0.0,1.0,4,1,0.6931471805599453,1.0,4.04305126783455,1.0,3.0,4.0,1.0,1
25292,3,0.0,0.0,1.0,1,1,2.302585092994046,2.0,3.1354942159291497,8.0,3.0,4.0,2.0,7
25293,3,0.0,0.0,1.0,1,1,2.302585092994046,2.0,3.1354942159291497,8.0,3.0,4.0,2.0,7
25299,3,0.0,1.0,1.0,1,1,2.6390573296152584,1.0,3.9318256327243257,2.0,3.0,4.0,1.0,5
25310,3,0.0,0.0,1.0,1,1,1.6094379124341003,1.0,3.8501476017100584,8.0,3.0,4.0,1.0,3
25312,2,0.0,0.0,1.0,1,1,2.0794415416798357,1.0,3.6375861597263857,1.0,3.0,4.0,1.0,3
25316,3,0.0,0.0,1.0,1,1,2.1972245773362196,1.0,3.1354942159291497,8.0,3.0,4.0,1.0,6
25329,3,0.0,0.0,1.0,1,1,2.70805020110221,1.0,3.970291913552122,1.0,6.0,2.0,1.0,4
25334,3,0.0,0.0,1.0,1,1,0.6931471805599453,1.0,3.8918202981106265,8.0,3.0,4.0,2.0,7
25341,3,0.0,0.0,1.0,1,1,2.1972245773362196,2.0,3.970291913552122,8.0,1.0,4.0,1.0,5
25346,3,0.0,0.0,1.0,1,1,1.6094379124341003,1.0,4.007333185232471,8.0,3.0,4.0,1.0,3
25355,3,0.0,0.0,1.0,1,1,2.302585092994046,1.0,3.332204510175204,8.0,3.0,4.0,1.0,5
25356,3,0.0,0.0,1.0,1,1,2.5649493574615367,2.0,4.02535169073515,8.0,3.0,4.0,1.0,5
25358,3,0.0,0.0,1.0,1,1,2.8903717578961645,1.0,4.442651256490317,8.0,6.0,2.0,1.0,5
25362,3,0.0,0.0,1.0,1,1,2.4849066497880004,2.0,3.9512437185814275,8.0,8.0,4.0,1.0,3
25368,3,0.0,0.0,2.0,1,2,2.302585092994046,1.0,3.6375861597263857,1.0,1.0,4.0,2.0,3
25377,3,0.0,0.0,1.0,1,1,2.6390573296152584,1.0,3.1354942159291497,2.0,3.0,4.0,1.0,1
25382,2,0.0,3.0,1.0,1,1,2.0794415416798357,1.0,3.8918202981106265,2.0,3.0,4.0,1.0,7
25387,3,0.0,0.0,1.0,4,1,2.4849066497880004,1.0,3.8066624897703196,8.0,6.0,2.0,1.0,6
25391,3,0.0,0.0,1.0,1,1,1.6094379124341003,1.0,2.9444389791664403,8.0,3.0,4.0,1.0,1
25398,3,0.0,0.0,1.0,1,1,2.0794415416798357,2.0,3.4339872044851463,8.0,3.0,4.0,1.0,5
25407,3,0.0,0.0,1.0,4,1,2.70805020110221,1.0,3.1780538303479458,8.0,6.0,2.0,1.0,1
25410,3,0.0,0.0,1.0,1,1,2.302585092994046,1.0,3.332204510175204,2.0,3.0,4.0,2.0,5
25412,3,0.0,0.0,1.0,1,1,2.6390573296152584,1.0,3.6109179126442243,1.0,3.0,4.0,1.0,4
25414,3,0.0,0.0,1.0,1,1,0.6931471805599453,1.0,3.367295829986474,8.0,3.0,4.0,1.0,5
25416,3,0.0,0.0,1.0,4,1,0.6931471805599453,1.0,3.091042453358316,1.0,6.0,2.0,1.0,1
25420,3,0.0,0.0,1.0,1,1,2.833213344056216,2.0,3.295836866004329,2.0,3.0,4.0,2.0,6
25421,3,0.0,0.0,1.0,1,1,2.833213344056216,2.0,3.295836866004329,2.0,3.0,4.0,2.0,6
25424,3,0.0,0.0,1.0,1,1,2.3978952727983707,1.0,4.189654742026425,8.0,6.0,4.0,1.0,6
25426,3,0.0,0.0,1.0,1,1,1.9459101490553132,1.0,3.6375861597263857,8.0,3.0,4.0,1.0,5
25431,2,0.0,1.0,2.0,1,2,1.9459101490553132,1.0,3.9889840465642745,1.0,9.0,2.0,2.0,2
25432,3,0.0,0.0,1.0,1,1,2.5649493574615367,1.0,3.970291913552122,2.0,6.0,4.0,1.0,6
25436,3,0.0,0.0,2.0,4,2,1.9459101490553132,1.0,3.258096538021482,8.0,3.0,4.0,1.0,2
25440,3,0.0,0.0,1.0,1,1,2.1972245773362196,1.0,4.02535169073515,2.0,6.0,2.0,1.0,7
25443,3,0.0,0.0,1.0,1,1,1.0986122886681098,2.0,3.9318256327243257,1.0,1.0,4.0,1.0,2
25449,3,0.0,0.0,1.0,1,1,2.3978952727983707,1.0,2.995732273553991,1.0,3.0,4.0,1.0,4
25455,3,0.0,0.0,2.0,1,2,2.0794415416798357,2.0,3.970291913552122,2.0,3.0,4.0,1.0,1
25463,2,0.0,0.0,1.0,4,1,2.302585092994046,1.0,3.713572066704308,8.0,3.0,4.0,1.0,1
25470,3,0.0,0.0,2.0,1,1,1.0986122886681098,1.0,3.6635616461296463,8.0,3.0,4.0,1.0,4
25471,3,0.0,0.0,1.0,1,1,1.6094379124341003,1.0,3.295836866004329,1.0,3.0,4.0,1.0,5
25477,3,0.0,0.0,1.0,4,1,2.5649493574615367,2.0,3.5553480614894135,2.0,3.0,2.0,1.0,4
25478,3,0.0,0.0,1.0,4,1,2.5649493574615367,2.0,3.5553480614894135,2.0,3.0,2.0,1.0,4
25483,2,0.0,0.0,1.0,1,1,2.0794415416798357,1.0,3.828641396489095,8.0,3.0,4.0,1.0,6
25485,3,0.0,0.0,1.0,4,1,1.6094379124341003,2.0,3.332204510175204,8.0,6.0,2.0,1.0,1
25497,3,0.0,0.0,1.0,1,1,2.4849066497880004,2.0,3.367295829986474,8.0,3.0,4.0,1.0,2
25511,3,0.0,0.0,2.0,4,2,1.3862943611198906,2.0,3.367295829986474,1.0,3.0,2.0,2.0,7
25512,3,0.0,0.0,2.0,4,2,1.3862943611198906,2.0,3.367295829986474,1.0,3.0,2.0,2.0,7
25514,3,0.0,0.0,1.0,1,1,1.3862943611198906,2.0,3.912023005428146,8.0,3.0,4.0,1.0,5
25533,3,0.0,1.0,2.0,4,1,1.3862943611198906,2.0,4.127134385045092,2.0,6.0,2.0,1.0,4
25542,3,0.0,0.0,1.0,4,1,1.6094379124341003,1.0,3.258096538021482,8.0,3.0,4.0,1.0,3
25543,3,0.0,0.0,1.0,4,1,0.6931471805599453,1.0,3.6375861597263857,8.0,3.0,4.0,1.0,3
25545,3,0.0,0.0,2.0,1,2,2.4849066497880004,1.0,3.258096538021482,8.0,3.0,4.0,1.0,2
25553,2,0.0,1.0,1.0,1,1,1.3862943611198906,1.0,4.07753744390572,2.0,3.0,2.0,1.0,5
25555,3,0.0,0.0,1.0,1,1,2.1972245773362196,1.0,4.04305126783455,8.0,3.0,4.0,1.0,5
25568,3,0.0,0.0,2.0,1,2,3.367295829986474,1.0,3.8501476017100584,8.0,3.0,4.0,1.0,2
25569,3,0.0,1.0,2.0,1,1,2.0794415416798357,1.0,3.4011973816621555,1.0,3.0,2.0,1.0,3
25571,3,0.0,0.0,2.0,1,2,1.791759469228055,1.0,3.9889840465642745,2.0,3.0,4.0,1.0,5
25574,3,0.0,0.0,2.0,1,1,0.6931471805599453,1.0,3.6375861597263857,8.0,6.0,2.0,1.0,3
25580,3,0.0,1.0,1.0,4,1,1.9459101490553132,1.0,3.091042453358316,3.0,3.0,4.0,1.0,5
25581,3,0.0,3.0,1.0,4,1,2.4849066497880004,1.0,3.2188758248682006,1.0,3.0,4.0,1.0,4
25582,3,0.0,0.0,1.0,4,1,1.6094379124341003,1.0,4.007333185232471,1.0,6.0,2.0,1.0,4
25583,3,0.0,0.0,1.0,1,1,1.791759469228055,1.0,2.70805020110221,1.0,3.0,4.0,1.0,7
25585,2,0.0,2.0,1.0,1,1,2.302585092994046,1.0,2.833213344056216,1.0,3.0,4.0,1.0,5
25588,3,0.0,9.0,1.0,4,1,1.9459101490553132,1.0,3.871201010907891,8.0,1.0,2.0,1.0,5
25592,3,0.0,0.0,1.0,1,1,1.791759469228055,2.0,3.5263605246161616,1.0,1.0,4.0,2.0,6
25593,3,0.0,0.0,1.0,1,1,1.791759469228055,2.0,3.5263605246161616,1.0,1.0,4.0,2.0,6
25603,3,0.0,0.0,1.0,1,1,2.6390573296152584,1.0,3.9512437185814275,1.0,3.0,4.0,1.0,4
25608,3,0.0,0.0,1.0,1,1,2.4849066497880004,1.0,3.8066624897703196,8.0,3.0,4.0,1.0,6
25609,3,0.0,0.0,1.0,1,1,2.6390573296152584,2.0,3.8501476017100584,8.0,6.0,2.0,1.0,5
25613,3,0.0,0.0,2.0,1,1,2.6390573296152584,2.0,3.7376696182833684,8.0,3.0,2.0,1.0,2
25616,3,0.0,0.0,1.0,1,1,0.6931471805599453,1.0,3.912023005428146,8.0,3.0,4.0,1.0,6
25619,3,0.0,0.0,1.0,4,1,1.791759469228055,1.0,3.8066624897703196,2.0,1.0,4.0,1.0,2
25621,3,0.0,0.0,2.0,4,2,2.6390573296152584,2.0,3.6109179126442243,8.0,3.0,4.0,1.0,2
25622,3,0.0,0.0,2.0,4,2,2.1972245773362196,1.0,3.5553480614894135,8.0,3.0,4.0,1.0,2
25625,3,0.0,0.0,2.0,1,1,1.6094379124341003,1.0,3.7612001156935624,1.0,3.0,4.0,1.0,4
25647,3,0.0,1.0,1.0,1,1,2.5649493574615367,1.0,3.828641396489095,1.0,6.0,2.0,1.0,4
25658,3,0.0,1.0,1.0,4,1,1.6094379124341003,1.0,3.8066624897703196,2.0,3.0,4.0,1.0,4
25665,2,0.0,0.0,1.0,1,1,1.6094379124341003,1.0,3.332204510175204,1.0,3.0,4.0,1.0,6
25666,2,0.0,4.0,1.0,1,1,1.6094379124341003,1.0,3.332204510175204,1.0,3.0,4.0,1.0,6
25671,3,0.0,0.0,1.0,4,1,1.3862943611198906,1.0,3.784189633918261,2.0,6.0,4.0,1.0,7
25675,3,0.0,0.0,1.0,1,1,1.791759469228055,1.0,2.995732273553991,1.0,3.0,4.0,1.0,7
25692,3,0.0,0.0,1.0,1,1,2.1972245773362196,1.0,3.970291913552122,1.0,3.0,4.0,1.0,1
25695,2,0.0,0.0,2.0,1,2,2.3978952727983707,1.0,3.332204510175204,1.0,3.0,4.0,1.0,1
25696,2,0.0,0.0,2.0,1,2,2.0794415416798357,1.0,3.332204510175204,1.0,3.0,4.0,1.0,1
25706,3,0.0,0.0,1.0,1,1,1.0986122886681098,1.0,3.5263605246161616,8.0,6.0,2.0,1.0,6
25707,2,0.0,0.0,1.0,1,1,2.1972245773362196,1.0,3.258096538021482,2.0,3.0,4.0,1.0,3
25709,3,0.0,0.0,1.0,4,1,2.3978952727983707,2.0,3.5263605246161616,8.0,6.0,4.0,1.0,5
25710,3,0.0,0.0,1.0,4,1,2.3978952727983707,2.0,3.5263605246161616,8.0,6.0,4.0,1.0,5
25711,3,0.0,0.0,1.0,4,1,2.3978952727983707,2.0,3.5263605246161616,8.0,6.0,4.0,1.0,5
25712,3,0.0,0.0,1.0,4,1,2.1972245773362196,1.0,3.1354942159291497,8.0,6.0,4.0,1.0,5
25716,3,0.0,0.0,1.0,1,1,1.791759469228055,1.0,3.2188758248682006,8.0,6.0,2.0,1.0,3
25722,3,0.0,0.0,1.0,4,1,0.6931471805599453,1.0,3.6109179126442243,8.0,3.0,4.0,1.0,2
25724,3,0.0,0.0,1.0,4,1,1.9459101490553132,1.0,3.58351893845611,8.0,6.0,2.0,1.0,2
25728,3,0.0,0.0,1.0,1,1,1.0986122886681098,1.0,4.23410650459726,2.0,3.0,4.0,1.0,3
25731,3,0.0,0.0,1.0,1,1,2.1972245773362196,1.0,3.091042453358316,8.0,6.0,2.0,1.0,6
25732,3,0.0,0.0,1.0,1,1,2.70805020110221,1.0,4.04305126783455,8.0,6.0,2.0,1.0,6
25740,3,0.0,0.0,1.0,4,1,2.833213344056216,1.0,3.8501476017100584,1.0,6.0,2.0,1.0,2
25749,2,0.0,3.0,1.0,1,1,2.5649493574615367,1.0,3.8066624897703196,1.0,6.0,2.0,1.0,2
25754,3,0.0,0.0,1.0,4,1,1.9459101490553132,1.0,3.091042453358316,8.0,6.0,2.0,1.0,1
25758,3,0.0,0.0,1.0,4,1,1.6094379124341003,1.0,3.58351893845611,1.0,3.0,4.0,1.0,7
25768,3,0.0,0.0,2.0,1,2,2.302585092994046,1.0,3.8918202981106265,1.0,3.0,4.0,1.0,7
25772,3,0.0,0.0,1.0,4,1,2.70805020110221,1.0,4.060443010546419,8.0,3.0,4.0,1.0,2
25775,3,0.0,0.0,1.0,4,1,1.0986122886681098,1.0,3.295836866004329,1.0,3.0,4.0,1.0,2
25776,3,0.0,1.0,1.0,4,1,1.0986122886681098,1.0,3.295836866004329,1.0,3.0,4.0,1.0,2
25791,3,0.0,0.0,1.0,4,1,2.70805020110221,1.0,3.332204510175204,8.0,3.0,4.0,1.0,2
25811,3,0.0,0.0,2.0,4,2,1.791759469228055,1.0,3.784189633918261,8.0,6.0,2.0,1.0,6
25814,3,0.0,0.0,2.0,4,2,2.0794415416798357,2.0,3.367295829986474,1.0,3.0,4.0,1.0,2
25821,3,0.0,0.0,1.0,4,1,1.3862943611198906,1.0,3.6888794541139363,1.0,3.0,2.0,2.0,7
25825,2,0.0,1.0,1.0,1,1,2.0794415416798357,1.0,3.1780538303479458,1.0,3.0,2.0,1.0,3
25828,3,0.0,0.0,1.0,1,1,2.302585092994046,1.0,3.6635616461296463,8.0,3.0,4.0,1.0,4
25829,3,0.0,0.0,1.0,1,1,1.791759469228055,1.0,3.1354942159291497,8.0,3.0,4.0,1.0,4
25838,3,0.0,0.0,1.0,4,1,2.4849066497880004,1.0,3.9512437185814275,2.0,6.0,2.0,1.0,2
25847,3,0.0,0.0,1.0,1,1,1.6094379124341003,2.0,3.7376696182833684,1.0,3.0,4.0,1.0,1
25850,3,0.0,4.0,1.0,4,1,0.6931471805599453,1.0,3.6109179126442243,1.0,3.0,4.0,1.0,3
25854,3,0.0,0.0,1.0,4,1,1.9459101490553132,1.0,3.7612001156935624,8.0,3.0,4.0,1.0,7
25856,3,0.0,1.0,1.0,4,1,2.1972245773362196,1.0,3.6635616461296463,2.0,1.0,4.0,1.0,7
25861,3,0.0,0.0,1.0,4,1,1.3862943611198906,1.0,3.1354942159291497,8.0,6.0,2.0,1.0,6
25864,3,0.0,0.0,1.0,1,1,2.995732273553991,2.0,4.127134385045092,8.0,6.0,2.0,1.0,2
25866,3,0.0,0.0,2.0,4,1,2.4849066497880004,2.0,3.044522437723423,1.0,1.0,4.0,1.0,3
25874,3,0.0,0.0,1.0,4,1,1.0986122886681098,1.0,3.4657359027997265,8.0,3.0,2.0,1.0,1
25875,3,0.0,0.0,1.0,4,1,1.6094379124341003,1.0,3.4965075614664802,8.0,3.0,2.0,1.0,1
25893,3,0.0,0.0,1.0,1,1,2.302585092994046,1.0,4.07753744390572,1.0,3.0,4.0,1.0,3