accident_severity,special_conditions_at_site,pedestrian_movement,road_surface_conditions,light_conditions,weather_conditions,age_of_vehicle,sex_of_driver,age_of_driver,junction_location,junction_detail,junction_control,did_police_officer_attend_scene_of_accident,day_of_week
25895,3,0.0,0.0,1.0,4,1,1.3862943611198906,1.0,2.995732273553991,1.0,3.0,4.0,1.0,3
25900,3,0.0,0.0,1.0,4,1,2.302585092994046,1.0,3.912023005428146,8.0,3.0,4.0,1.0,6
25907,3,0.0,1.0,1.0,1,1,2.0794415416798357,1.0,3.828641396489095,2.0,3.0,4.0,1.0,5
25908,3,0.0,0.0,2.0,4,2,1.3862943611198906,1.0,3.6635616461296463,1.0,1.0,4.0,1.0,3
25910,3,0.0,0.0,1.0,1,1,0.6931471805599453,1.0,3.7612001156935624,8.0,8.0,4.0,1.0,4
25912,3,0.0,0.0,2.0,4,1,1.6094379124341003,1.0,3.091042453358316,1.0,6.0,2.0,1.0,7
25915,3,0.0,0.0,2.0,1,8,2.0794415416798357,1.0,3.1354942159291497,8.0,3.0,2.0,1.0,7
25916,3,0.0,0.0,1.0,4,1,1.791759469228055,1.0,3.1780538303479458,8.0,3.0,4.0,1.0,6
25929,3,0.0,0.0,1.0,1,1,1.6094379124341003,1.0,3.332204510175204,1.0,6.0,2.0,1.0,3
25930,3,0.0,0.0,1.0,1,1,1.6094379124341003,1.0,3.332204510175204,1.0,6.0,2.0,1.0,3
25932,3,0.0,0.0,2.0,1,5,0.6931471805599453,1.0,3.6109179126442243,8.0,8.0,4.0,1.0,3
25933,3,0.0,0.0,1.0,4,1,1.791759469228055,1.0,3.6375861597263857,1.0,6.0,4.0,1.0,4
25934,3,0.0,0.0,1.0,4,1,1.3862943611198906,1.0,2.833213344056216,8.0,1.0,4.0,1.0,4
25935,3,0.0,0.0,1.0,4,1,1.3862943611198906,1.0,2.833213344056216,8.0,1.0,4.0,1.0,4
25936,3,0.0,0.0,1.0,4,1,1.6094379124341003,2.0,3.367295829986474,8.0,3.0,4.0,1.0,4
25942,3,0.0,0.0,1.0,1,1,0.6931471805599453,1.0,4.007333185232471,8.0,6.0,2.0,1.0,5
25944,2,0.0,3.0,1.0,1,1,1.6094379124341003,1.0,4.02535169073515,8.0,3.0,4.0,1.0,2
25946,3,0.0,0.0,2.0,4,1,1.0986122886681098,1.0,3.4657359027997265,8.0,3.0,4.0,1.0,3
25947,3,0.0,0.0,1.0,1,1,1.0986122886681098,1.0,3.8501476017100584,8.0,6.0,2.0,2.0,6
25949,2,0.0,0.0,2.0,1,2,1.3862943611198906,2.0,3.6635616461296463,8.0,3.0,4.0,1.0,2
25951,3,0.0,0.0,1.0,1,1,1.0986122886681098,2.0,3.6109179126442243,1.0,3.0,4.0,1.0,7
25952,3,0.0,0.0,1.0,1,1,2.4849066497880004,2.0,3.7612001156935624,2.0,3.0,4.0,1.0,7
25963,3,0.0,0.0,1.0,4,1,2.4849066497880004,1.0,3.7612001156935624,1.0,3.0,4.0,1.0,7
25965,3,0.0,4.0,2.0,4,8,1.0986122886681098,1.0,4.007333185232471,1.0,3.0,4.0,1.0,4
25966,3,0.0,0.0,2.0,4,8,1.3862943611198906,1.0,3.295836866004329,1.0,6.0,2.0,1.0,7
25972,3,0.0,0.0,1.0,4,1,2.3978952727983707,2.0,3.5263605246161616,8.0,6.0,2.0,2.0,3
25975,2,0.0,0.0,1.0,4,1,1.791759469228055,1.0,3.258096538021482,8.0,3.0,4.0,1.0,7
25978,3,0.0,2.0,2.0,1,1,1.6094379124341003,1.0,3.4657359027997265,2.0,3.0,2.0,1.0,1
25979,3,0.0,2.0,2.0,1,1,1.6094379124341003,1.0,3.4657359027997265,2.0,3.0,2.0,1.0,1
25990,3,0.0,0.0,2.0,1,2,2.5649493574615367,2.0,4.174387269895637,8.0,6.0,2.0,1.0,5
25992,3,0.0,0.0,1.0,1,1,2.5649493574615367,1.0,3.9512437185814275,1.0,3.0,2.0,1.0,4
25994,3,0.0,0.0,1.0,1,1,2.302585092994046,1.0,3.367295829986474,8.0,3.0,4.0,1.0,5
25995,3,0.0,0.0,1.0,1,1,3.332204510175204,1.0,3.828641396489095,1.0,3.0,4.0,1.0,5
25998,3,0.0,0.0,1.0,4,1,1.6094379124341003,1.0,4.127134385045092,1.0,3.0,2.0,2.0,5
26006,3,0.0,1.0,1.0,1,1,1.6094379124341003,1.0,3.1354942159291497,8.0,3.0,2.0,1.0,6
26008,3,0.0,0.0,1.0,1,1,2.302585092994046,1.0,3.9512437185814275,1.0,3.0,4.0,1.0,2
26009,3,0.0,0.0,1.0,1,1,1.3862943611198906,1.0,3.58351893845611,8.0,6.0,2.0,1.0,3
26014,3,0.0,0.0,2.0,1,1,1.0986122886681098,2.0,3.6109179126442243,8.0,3.0,4.0,1.0,2
26017,3,0.0,0.0,1.0,1,1,2.1972245773362196,2.0,3.295836866004329,8.0,3.0,4.0,1.0,2
26018,3,0.0,0.0,1.0,1,1,2.302585092994046,1.0,3.5553480614894135,8.0,3.0,4.0,1.0,5
26021,3,4.0,0.0,1.0,1,1,2.6390573296152584,1.0,3.5263605246161616,8.0,3.0,4.0,1.0,5
26022,3,4.0,0.0,1.0,1,1,2.6390573296152584,1.0,3.5263605246161616,8.0,3.0,4.0,1.0,5
26023,3,4.0,0.0,1.0,1,1,2.6390573296152584,1.0,3.5263605246161616,8.0,3.0,4.0,1.0,5
26024,3,0.0,1.0,1.0,1,1,2.302585092994046,1.0,3.871201010907891,2.0,6.0,2.0,2.0,6
26034,3,0.0,0.0,1.0,4,1,0.6931471805599453,1.0,3.5263605246161616,8.0,1.0,4.0,2.0,1
26039,3,0.0,0.0,1.0,1,1,2.302585092994046,2.0,3.7376696182833684,2.0,3.0,2.0,1.0,3
26043,3,0.0,0.0,1.0,4,1,2.3978952727983707,1.0,3.091042453358316,8.0,3.0,4.0,1.0,5
26052,3,0.0,0.0,2.0,4,1,2.5649493574615367,1.0,3.367295829986474,8.0,3.0,4.0,1.0,1
26055,3,0.0,0.0,1.0,1,1,0.6931471805599453,2.0,4.0943445622221,8.0,6.0,4.0,1.0,6
26057,3,0.0,0.0,1.0,1,1,2.4849066497880004,2.0,3.9318256327243257,8.0,3.0,2.0,1.0,5
26077,3,0.0,0.0,1.0,1,1,2.4849066497880004,1.0,3.6375861597263857,8.0,3.0,4.0,2.0,7
26078,3,0.0,0.0,1.0,1,1,2.4849066497880004,1.0,3.6375861597263857,8.0,3.0,4.0,2.0,7
26100,3,0.0,0.0,1.0,4,1,1.6094379124341003,1.0,4.02535169073515,1.0,3.0,2.0,1.0,1
26106,3,0.0,0.0,1.0,4,1,0.6931471805599453,1.0,3.367295829986474,1.0,2.0,4.0,1.0,7
26109,3,0.0,0.0,2.0,1,1,3.2188758248682006,1.0,4.0943445622221,8.0,3.0,4.0,1.0,6
26110,3,0.0,0.0,2.0,1,1,3.2188758248682006,1.0,4.0943445622221,8.0,3.0,4.0,1.0,6
26123,3,0.0,0.0,2.0,4,2,1.791759469228055,1.0,3.6635616461296463,8.0,3.0,4.0,1.0,4
26127,3,0.0,0.0,2.0,1,8,0.6931471805599453,1.0,3.6888794541139363,8.0,3.0,4.0,1.0,3
26128,3,0.0,0.0,1.0,4,1,2.3978952727983707,1.0,3.784189633918261,8.0,3.0,4.0,1.0,7
26133,3,0.0,0.0,1.0,4,1,2.833213344056216,1.0,3.295836866004329,8.0,3.0,2.0,1.0,7
26135,3,0.0,0.0,1.0,1,1,2.0794415416798357,2.0,3.6635616461296463,1.0,3.0,4.0,1.0,6
26142,3,0.0,1.0,1.0,1,1,2.302585092994046,1.0,3.784189633918261,1.0,3.0,4.0,1.0,3
26146,3,0.0,3.0,2.0,1,8,2.8903717578961645,2.0,3.4339872044851463,1.0,3.0,4.0,1.0,7
26148,3,0.0,0.0,1.0,1,1,1.0986122886681098,2.0,3.871201010907891,1.0,3.0,2.0,1.0,6
26152,3,0.0,0.0,2.0,4,1,2.772588722239781,1.0,3.332204510175204,8.0,6.0,4.0,1.0,5
26154,3,0.0,0.0,2.0,4,2,1.3862943611198906,1.0,2.9444389791664403,1.0,3.0,4.0,1.0,6
26160,3,0.0,0.0,1.0,4,1,2.6390573296152584,2.0,3.871201010907891,1.0,3.0,2.0,2.0,3
26162,3,0.0,0.0,1.0,4,1,2.4849066497880004,1.0,3.091042453358316,8.0,3.0,4.0,1.0,2
26168,3,0.0,0.0,1.0,1,8,2.9444389791664403,1.0,4.248495242049359,1.0,3.0,4.0,2.0,4
26172,3,0.0,1.0,1.0,4,1,0.6931471805599453,1.0,3.784189633918261,8.0,3.0,4.0,1.0,6
26173,3,0.0,0.0,2.0,1,1,2.772588722239781,2.0,3.6375861597263857,1.0,3.0,4.0,2.0,5
26175,3,0.0,0.0,1.0,1,1,2.6390573296152584,1.0,3.332204510175204,2.0,3.0,4.0,1.0,2
26180,3,0.0,0.0,1.0,4,1,2.4849066497880004,1.0,3.5263605246161616,8.0,6.0,2.0,1.0,3
26181,3,0.0,3.0,2.0,1,2,1.0986122886681098,1.0,3.5553480614894135,2.0,3.0,2.0,1.0,5
26182,3,0.0,0.0,4.0,1,4,0.6931471805599453,2.0,4.174387269895637,8.0,3.0,4.0,1.0,6
26185,3,0.0,0.0,1.0,4,1,2.4849066497880004,1.0,4.343805421853684,8.0,6.0,4.0,2.0,6
26187,3,0.0,0.0,2.0,4,1,1.9459101490553132,1.0,3.6635616461296463,1.0,3.0,4.0,1.0,7
26190,3,0.0,0.0,1.0,4,1,2.3978952727983707,1.0,3.912023005428146,8.0,3.0,4.0,1.0,1
26192,3,0.0,1.0,1.0,4,1,1.6094379124341003,1.0,4.007333185232471,2.0,1.0,4.0,1.0,1
26195,3,0.0,0.0,2.0,4,2,2.3978952727983707,1.0,3.6888794541139363,1.0,3.0,4.0,1.0,4
26199,3,0.0,0.0,2.0,4,1,2.4849066497880004,1.0,3.258096538021482,2.0,3.0,4.0,1.0,5
26200,3,0.0,0.0,1.0,1,1,1.9459101490553132,1.0,3.970291913552122,8.0,3.0,4.0,1.0,5
26208,3,0.0,0.0,1.0,1,1,1.6094379124341003,1.0,3.7612001156935624,1.0,3.0,4.0,2.0,1
26210,3,0.0,1.0,1.0,1,1,2.0794415416798357,1.0,4.110873864173311,2.0,3.0,4.0,1.0,2
26221,3,0.0,0.0,1.0,4,1,2.5649493574615367,1.0,3.4011973816621555,1.0,3.0,4.0,2.0,7
26225,3,0.0,0.0,2.0,1,1,0.6931471805599453,1.0,3.6635616461296463,8.0,3.0,4.0,1.0,3
26228,3,0.0,0.0,1.0,1,1,1.6094379124341003,1.0,3.713572066704308,8.0,3.0,4.0,1.0,3
26229,3,0.0,1.0,1.0,4,1,2.1972245773362196,1.0,2.995732273553991,1.0,3.0,2.0,1.0,1
26232,3,0.0,0.0,2.0,4,4,1.3862943611198906,1.0,3.5553480614894135,8.0,3.0,4.0,1.0,5
26234,3,0.0,0.0,2.0,1,1,2.5649493574615367,1.0,3.8918202981106265,1.0,3.0,4.0,1.0,6
26238,3,0.0,0.0,2.0,4,2,2.6390573296152584,1.0,3.5553480614894135,1.0,3.0,2.0,2.0,2
26242,3,0.0,0.0,1.0,1,1,1.9459101490553132,1.0,3.2188758248682006,1.0,3.0,2.0,2.0,4
26256,3,0.0,1.0,2.0,1,1,0.6931471805599453,1.0,4.110873864173311,1.0,3.0,4.0,1.0,3
26257,3,0.0,0.0,1.0,4,1,2.3978952727983707,1.0,3.044522437723423,1.0,3.0,4.0,1.0,4
26259,2,0.0,1.0,1.0,1,1,0.6931471805599453,1.0,3.7612001156935624,1.0,3.0,4.0,1.0,5
26261,3,0.0,0.0,1.0,1,1,2.0794415416798357,2.0,3.091042453358316,8.0,3.0,4.0,1.0,1
26264,3,0.0,0.0,1.0,1,1,2.302585092994046,1.0,3.912023005428146,8.0,3.0,2.0,1.0,6
26265,3,0.0,0.0,2.0,1,1,2.1972245773362196,1.0,4.04305126783455,8.0,6.0,4.0,1.0,6
26266,3,0.0,0.0,1.0,1,1,2.302585092994046,1.0,3.58351893845611,2.0,3.0,4.0,1.0,7
26270,3,0.0,1.0,1.0,1,1,2.1972245773362196,1.0,3.8918202981106265,1.0,3.0,2.0,1.0,7
26277,3,0.0,0.0,1.0,4,1,1.6094379124341003,1.0,3.091042453358316,8.0,3.0,4.0,1.0,3
26278,3,0.0,0.0,1.0,1,1,2.5649493574615367,1.0,3.295836866004329,1.0,3.0,4.0,1.0,5
26281,3,0.0,0.0,1.0,1,1,0.6931471805599453,1.0,2.995732273553991,8.0,3.0,4.0,1.0,6
26282,3,0.0,1.0,1.0,1,1,0.6931471805599453,2.0,3.332204510175204,1.0,6.0,2.0,2.0,5
26289,3,0.0,1.0,1.0,1,1,0.6931471805599453,1.0,3.8501476017100584,1.0,6.0,4.0,1.0,7
26292,3,0.0,3.0,1.0,4,1,2.1972245773362196,1.0,3.7376696182833684,1.0,3.0,2.0,1.0,3
26293,3,0.0,0.0,2.0,1,1,2.833213344056216,2.0,3.332204510175204,8.0,6.0,4.0,1.0,1
26296,3,0.0,0.0,1.0,1,1,2.302585092994046,1.0,3.091042453358316,8.0,2.0,4.0,1.0,7
26298,3,0.0,0.0,1.0,7,1,2.3978952727983707,1.0,3.2188758248682006,8.0,3.0,4.0,1.0,4
26299,3,0.0,0.0,1.0,1,1,2.70805020110221,1.0,3.912023005428146,8.0,3.0,4.0,1.0,6
26306,3,0.0,0.0,1.0,4,1,3.044522437723423,1.0,3.4657359027997265,8.0,3.0,4.0,1.0,7
26310,3,0.0,0.0,2.0,4,1,2.302585092994046,2.0,3.784189633918261,8.0,6.0,4.0,1.0,1
26313,2,0.0,0.0,2.0,1,2,2.4849066497880004,1.0,3.970291913552122,8.0,3.0,4.0,1.0,2
26319,2,0.0,0.0,2.0,4,2,2.302585092994046,1.0,3.9318256327243257,1.0,3.0,4.0,1.0,2
26322,3,0.0,0.0,2.0,1,2,0.6931471805599453,1.0,3.6109179126442243,1.0,3.0,4.0,1.0,2
26326,3,0.0,0.0,1.0,4,1,1.791759469228055,1.0,3.4011973816621555,8.0,6.0,2.0,2.0,3
26336,3,0.0,1.0,2.0,1,1,3.295836866004329,2.0,4.143134726391533,1.0,3.0,4.0,1.0,5
26341,3,0.0,0.0,1.0,1,1,1.0986122886681098,2.0,3.258096538021482,2.0,3.0,4.0,2.0,6
26343,3,0.0,0.0,1.0,4,1,2.5649493574615367,2.0,3.912023005428146,1.0,3.0,4.0,2.0,7
26346,3,4.0,0.0,1.0,1,1,2.4849066497880004,1.0,3.4339872044851463,8.0,1.0,4.0,1.0,4
26347,2,0.0,1.0,1.0,4,1,0.6931471805599453,1.0,3.091042453358316,1.0,3.0,4.0,1.0,6
26351,3,0.0,0.0,1.0,1,1,1.6094379124341003,1.0,3.1780538303479458,8.0,3.0,4.0,1.0,6
26352,3,0.0,1.0,1.0,7,1,2.4849066497880004,2.0,3.6109179126442243,1.0,3.0,4.0,1.0,1
26357,3,0.0,0.0,1.0,1,1,2.4849066497880004,2.0,3.970291913552122,8.0,3.0,4.0,1.0,4
26360,3,0.0,0.0,1.0,1,4,2.5649493574615367,1.0,4.127134385045092,8.0,6.0,4.0,1.0,4
26362,3,0.0,0.0,1.0,1,1,1.3862943611198906,1.0,3.912023005428146,8.0,3.0,4.0,1.0,2
26365,3,0.0,1.0,1.0,1,1,2.772588722239781,1.0,3.9889840465642745,1.0,3.0,4.0,1.0,3
26367,3,0.0,0.0,1.0,7,1,0.6931471805599453,1.0,3.044522437723423,8.0,3.0,4.0,1.0,6
26369,3,0.0,0.0,1.0,1,1,1.9459101490553132,1.0,3.6375861597263857,1.0,3.0,4.0,1.0,5
26371,3,0.0,0.0,2.0,4,2,1.0986122886681098,1.0,3.258096538021482,8.0,3.0,4.0,1.0,3
26372,3,0.0,0.0,2.0,1,2,1.6094379124341003,2.0,3.6888794541139363,1.0,6.0,2.0,1.0,5
26376,3,0.0,1.0,1.0,1,1,2.3978952727983707,1.0,3.091042453358316,1.0,3.0,4.0,1.0,5
26383,3,0.0,0.0,1.0,1,1,1.9459101490553132,2.0,3.8501476017100584,1.0,3.0,4.0,1.0,7
26384,3,0.0,1.0,2.0,1,2,2.6390573296152584,1.0,3.912023005428146,1.0,3.0,4.0,1.0,1
26385,2,0.0,1.0,1.0,1,1,1.9459101490553132,1.0,4.007333185232471,1.0,3.0,4.0,1.0,4
26386,3,0.0,0.0,1.0,1,1,2.5649493574615367,1.0,3.713572066704308,8.0,1.0,4.0,1.0,2
26391,3,0.0,0.0,1.0,7,1,2.302585092994046,1.0,3.295836866004329,1.0,6.0,2.0,1.0,7
26393,3,0.0,0.0,1.0,1,1,2.302585092994046,1.0,3.4339872044851463,1.0,3.0,2.0,1.0,2
26398,3,0.0,0.0,1.0,1,1,1.3862943611198906,1.0,2.8903717578961645,8.0,3.0,4.0,1.0,5
26407,3,0.0,0.0,1.0,7,1,0.6931471805599453,1.0,4.204692619390966,1.0,6.0,2.0,1.0,5
26408,3,0.0,0.0,1.0,7,1,2.6390573296152584,2.0,3.332204510175204,1.0,3.0,4.0,2.0,4
26413,3,0.0,0.0,1.0,1,1,2.302585092994046,1.0,3.258096538021482,1.0,6.0,2.0,1.0,4
26414,3,0.0,0.0,1.0,4,1,2.3978952727983707,1.0,2.8903717578961645,1.0,3.0,4.0,1.0,4
26415,3,0.0,1.0,1.0,1,1,1.3862943611198906,1.0,4.1588830833596715,8.0,3.0,4.0,1.0,3
26418,3,0.0,0.0,1.0,1,1,1.3862943611198906,1.0,3.1780538303479458,8.0,3.0,4.0,1.0,6
26424,3,0.0,1.0,1.0,1,1,0.6931471805599453,1.0,3.4011973816621555,1.0,3.0,2.0,1.0,3
26427,3,0.0,0.0,1.0,7,1,0.6931471805599453,1.0,3.871201010907891,8.0,3.0,2.0,1.0,3
26429,3,0.0,0.0,1.0,1,1,2.1972245773362196,1.0,3.4965075614664802,8.0,7.0,2.0,2.0,3
26434,3,0.0,0.0,1.0,1,1,1.9459101490553132,1.0,3.4011973816621555,1.0,3.0,2.0,2.0,2
26438,3,0.0,0.0,1.0,1,1,2.1972245773362196,2.0,3.6375861597263857,1.0,3.0,4.0,1.0,6
26440,3,0.0,0.0,1.0,1,1,2.0794415416798357,1.0,2.995732273553991,8.0,3.0,4.0,2.0,1
26442,3,0.0,0.0,1.0,4,1,2.3978952727983707,1.0,3.4657359027997265,1.0,2.0,4.0,2.0,4
26444,3,0.0,1.0,1.0,1,1,2.3978952727983707,1.0,2.995732273553991,1.0,3.0,2.0,2.0,6
26446,3,0.0,1.0,1.0,1,1,2.4849066497880004,2.0,3.9318256327243257,1.0,6.0,4.0,1.0,3
26447,3,0.0,0.0,1.0,4,1,1.3862943611198906,1.0,3.295836866004329,1.0,3.0,4.0,1.0,1
26453,3,0.0,1.0,1.0,1,1,0.6931471805599453,1.0,3.970291913552122,1.0,3.0,4.0,1.0,4
26457,2,0.0,0.0,1.0,1,1,2.3978952727983707,1.0,3.258096538021482,8.0,3.0,4.0,2.0,5
26461,3,0.0,0.0,1.0,1,1,2.1972245773362196,2.0,3.4011973816621555,8.0,3.0,4.0,1.0,5
26463,3,0.0,0.0,2.0,4,2,2.5649493574615367,1.0,3.8501476017100584,8.0,3.0,4.0,1.0,6
26469,3,0.0,0.0,1.0,4,1,2.8903717578961645,1.0,3.258096538021482,8.0,6.0,4.0,1.0,2
26471,3,0.0,3.0,1.0,4,1,2.6390573296152584,1.0,3.9889840465642745,1.0,3.0,4.0,2.0,7
26481,3,0.0,0.0,1.0,1,1,2.302585092994046,1.0,3.1354942159291497,8.0,3.0,4.0,1.0,1
26483,3,0.0,0.0,1.0,1,1,1.0986122886681098,1.0,3.6109179126442243,8.0,3.0,4.0,1.0,2
26484,3,0.0,0.0,1.0,1,1,1.0986122886681098,1.0,3.6109179126442243,8.0,3.0,4.0,1.0,2
26486,3,0.0,0.0,1.0,1,1,2.5649493574615367,1.0,3.4657359027997265,1.0,3.0,4.0,2.0,3
26491,3,0.0,1.0,1.0,1,1,0.6931471805599453,1.0,3.713572066704308,8.0,3.0,4.0,1.0,3
26493,3,0.0,0.0,1.0,1,1,2.6390573296152584,2.0,3.58351893845611,8.0,6.0,2.0,1.0,7
26496,3,0.0,0.0,1.0,1,1,2.4849066497880004,1.0,2.9444389791664403,8.0,1.0,4.0,1.0,5
26497,3,0.0,0.0,1.0,4,1,2.3978952727983707,1.0,3.091042453358316,8.0,3.0,4.0,1.0,5
26498,3,0.0,1.0,1.0,1,1,2.0794415416798357,1.0,2.9444389791664403,1.0,3.0,4.0,1.0,7
26499,3,0.0,0.0,1.0,1,1,2.6390573296152584,2.0,3.9512437185814275,8.0,3.0,4.0,1.0,5
26500,3,0.0,0.0,1.0,1,1,2.1972245773362196,1.0,2.9444389791664403,8.0,3.0,4.0,1.0,5
26501,3,0.0,0.0,1.0,1,1,0.6931471805599453,1.0,3.1780538303479458,1.0,3.0,4.0,1.0,6
26503,2,0.0,1.0,1.0,1,1,1.0986122886681098,2.0,3.6888794541139363,2.0,3.0,4.0,1.0,4
26512,3,0.0,0.0,1.0,1,1,0.6931471805599453,1.0,3.332204510175204,1.0,3.0,4.0,1.0,6
26516,3,0.0,0.0,1.0,4,1,2.1972245773362196,1.0,3.332204510175204,1.0,6.0,4.0,1.0,1
26519,3,0.0,0.0,1.0,1,1,2.302585092994046,1.0,4.007333185232471,1.0,3.0,4.0,2.0,2
26522,3,0.0,0.0,1.0,1,1,2.4849066497880004,1.0,3.828641396489095,8.0,6.0,2.0,1.0,6
26530,3,0.0,0.0,1.0,1,1,2.302585092994046,1.0,3.4339872044851463,1.0,3.0,4.0,1.0,1
26534,3,0.0,0.0,1.0,4,1,2.3978952727983707,1.0,3.044522437723423,1.0,3.0,4.0,1.0,5
26536,3,4.0,0.0,1.0,1,1,2.302585092994046,2.0,2.995732273553991,1.0,1.0,4.0,1.0,2
26540,3,0.0,0.0,1.0,1,1,2.1972245773362196,1.0,3.828641396489095,8.0,3.0,4.0,1.0,7
26541,3,0.0,0.0,1.0,1,1,2.1972245773362196,1.0,3.828641396489095,8.0,3.0,4.0,1.0,7
26544,3,0.0,0.0,1.0,1,1,2.1972245773362196,1.0,4.330733340286331,1.0,3.0,4.0,1.0,2
26549,3,0.0,0.0,2.0,1,2,2.302585092994046,1.0,3.7612001156935624,8.0,3.0,4.0,1.0,6
26555,2,0.0,0.0,1.0,1,1,2.4849066497880004,2.0,4.477336814478207,1.0,3.0,4.0,1.0,6
26556,2,0.0,0.0,1.0,1,1,1.6094379124341003,2.0,3.258096538021482,1.0,3.0,4.0,1.0,6
26561,3,0.0,0.0,1.0,1,1,2.70805020110221,2.0,3.6375861597263857,2.0,3.0,4.0,1.0,4
26565,3,0.0,0.0,2.0,1,1,2.302585092994046,2.0,3.4965075614664802,8.0,3.0,4.0,1.0,5
26569,3,0.0,0.0,1.0,1,1,1.9459101490553132,2.0,3.295836866004329,8.0,6.0,4.0,2.0,7
26571,3,0.0,0.0,1.0,1,1,0.6931471805599453,1.0,4.127134385045092,1.0,3.0,4.0,1.0,5
26581,3,0.0,0.0,1.0,4,1,1.9459101490553132,2.0,3.713572066704308,1.0,3.0,4.0,1.0,7
26582,3,0.0,0.0,1.0,1,1,1.9459101490553132,1.0,3.713572066704308,8.0,3.0,4.0,1.0,4
26597,3,0.0,0.0,1.0,1,1,1.6094379124341003,1.0,3.9889840465642745,8.0,3.0,4.0,2.0,3
26599,3,0.0,1.0,1.0,1,1,2.5649493574615367,1.0,3.9889840465642745,1.0,6.0,4.0,1.0,4
26604,3,0.0,0.0,1.0,4,1,1.9459101490553132,1.0,3.258096538021482,8.0,3.0,4.0,1.0,6
26610,3,0.0,0.0,1.0,1,1,1.6094379124341003,1.0,3.2188758248682006,8.0,3.0,4.0,1.0,2
26613,3,0.0,0.0,1.0,1,1,2.0794415416798357,1.0,3.2188758248682006,2.0,3.0,4.0,1.0,2
26616,3,0.0,0.0,1.0,1,1,2.302585092994046,1.0,3.1354942159291497,1.0,3.0,2.0,1.0,2
26626,3,0.0,0.0,1.0,1,1,1.0986122886681098,2.0,3.7612001156935624,8.0,3.0,4.0,1.0,5
26630,3,0.0,0.0,2.0,4,1,2.8903717578961645,1.0,3.295836866004329,8.0,3.0,4.0,1.0,2
26636,3,0.0,0.0,1.0,1,1,2.1972245773362196,1.0,2.9444389791664403,1.0,6.0,2.0,2.0,5
26641,3,0.0,0.0,1.0,1,1,2.0794415416798357,1.0,4.07753744390572,8.0,3.0,4.0,1.0,5
26642,3,0.0,0.0,1.0,4,1,2.1972245773362196,2.0,3.912023005428146,1.0,6.0,4.0,1.0,1
26646,3,0.0,0.0,1.0,1,1,1.9459101490553132,1.0,3.970291913552122,1.0,3.0,4.0,1.0,5
26647,3,0.0,9.0,1.0,1,1,0.6931471805599453,1.0,3.4657359027997265,1.0,3.0,4.0,1.0,5
26648,3,0.0,0.0,1.0,1,4,0.6931471805599453,1.0,3.1354942159291497,1.0,6.0,2.0,1.0,6
26652,3,0.0,0.0,1.0,1,1,1.9459101490553132,2.0,3.8501476017100584,8.0,8.0,4.0,2.0,4
26654,3,0.0,0.0,1.0,1,1,1.3862943611198906,2.0,3.7376696182833684,1.0,3.0,4.0,1.0,4
26655,3,0.0,0.0,1.0,1,1,1.9459101490553132,1.0,3.091042453358316,1.0,3.0,4.0,1.0,5
26664,3,0.0,1.0,1.0,1,1,0.6931471805599453,2.0,3.58351893845611,2.0,3.0,4.0,1.0,5
26665,3,0.0,0.0,1.0,1,1,2.3978952727983707,1.0,3.258096538021482,8.0,3.0,4.0,1.0,3
26667,3,0.0,0.0,1.0,1,1,2.0794415416798357,2.0,3.295836866004329,1.0,3.0,4.0,1.0,4
26669,3,0.0,0.0,1.0,4,1,1.791759469228055,1.0,3.332204510175204,8.0,3.0,4.0,1.0,1
26672,3,0.0,0.0,1.0,1,1,2.5649493574615367,2.0,3.091042453358316,1.0,1.0,4.0,1.0,3
26673,3,0.0,0.0,1.0,4,1,1.6094379124341003,1.0,3.912023005428146,1.0,3.0,4.0,2.0,1
26675,2,0.0,1.0,1.0,1,1,2.302585092994046,1.0,3.8066624897703196,1.0,3.0,2.0,1.0,7
26678,3,0.0,1.0,1.0,1,4,2.302585092994046,1.0,4.110873864173311,1.0,3.0,2.0,1.0,3
26681,3,0.0,0.0,1.0,1,1,1.3862943611198906,1.0,3.332204510175204,8.0,2.0,4.0,1.0,5
26693,3,0.0,0.0,1.0,1,1,1.791759469228055,2.0,4.1588830833596715,8.0,6.0,2.0,1.0,3
26704,3,0.0,0.0,1.0,1,1,1.3862943611198906,1.0,3.2188758248682006,1.0,3.0,4.0,2.0,2
26713,3,0.0,0.0,1.0,1,1,2.5649493574615367,2.0,3.9512437185814275,8.0,8.0,4.0,1.0,3
26721,3,0.0,0.0,1.0,1,1,0.6931471805599453,1.0,3.6888794541139363,8.0,3.0,4.0,1.0,6
26724,3,0.0,0.0,1.0,1,1,1.9459101490553132,1.0,3.912023005428146,8.0,3.0,4.0,1.0,2
26726,3,0.0,0.0,1.0,1,1,2.70805020110221,2.0,3.58351893845611,8.0,3.0,4.0,1.0,2
26728,3,0.0,0.0,1.0,1,1,2.0794415416798357,2.0,3.332204510175204,1.0,3.0,4.0,2.0,7
26730,3,0.0,0.0,1.0,1,1,0.6931471805599453,1.0,3.295836866004329,2.0,3.0,4.0,1.0,2