accident_severity,special_conditions_at_site,pedestrian_movement,road_surface_conditions,light_conditions,weather_conditions,age_of_vehicle,sex_of_driver,age_of_driver,junction_location,junction_detail,junction_control,did_police_officer_attend_scene_of_accident,day_of_week
26742,3,0.0,0.0,1.0,1,1,0.6931471805599453,2.0,3.9512437185814275,8.0,3.0,4.0,1.0,3
26744,3,0.0,1.0,1.0,4,1,1.0986122886681098,1.0,3.5263605246161616,2.0,3.0,4.0,1.0,5
26748,3,0.0,0.0,1.0,1,1,2.3978952727983707,1.0,3.1354942159291497,8.0,8.0,4.0,1.0,6
26749,3,0.0,1.0,1.0,1,1,0.6931471805599453,1.0,3.8066624897703196,8.0,3.0,2.0,1.0,6
26753,3,0.0,0.0,2.0,1,1,2.5649493574615367,1.0,3.5263605246161616,1.0,3.0,4.0,1.0,7
26776,3,0.0,0.0,1.0,1,1,1.0986122886681098,2.0,3.2188758248682006,8.0,3.0,4.0,1.0,2
26783,2,0.0,4.0,1.0,1,1,2.1972245773362196,1.0,3.970291913552122,2.0,3.0,4.0,1.0,6
26788,3,0.0,0.0,1.0,1,1,2.5649493574615367,1.0,3.912023005428146,2.0,3.0,4.0,2.0,7
26789,3,0.0,0.0,1.0,1,1,2.3978952727983707,1.0,3.7612001156935624,1.0,3.0,4.0,2.0,7
26793,3,0.0,0.0,1.0,1,1,2.6390573296152584,2.0,3.9318256327243257,1.0,3.0,4.0,2.0,4
26797,3,0.0,0.0,1.0,1,1,2.5649493574615367,2.0,2.995732273553991,8.0,3.0,4.0,1.0,3
26800,3,0.0,0.0,2.0,1,2,2.3978952727983707,2.0,3.4965075614664802,8.0,6.0,4.0,1.0,2
26802,3,0.0,0.0,1.0,1,1,1.9459101490553132,1.0,3.258096538021482,1.0,3.0,4.0,2.0,2
26806,3,0.0,0.0,1.0,1,1,2.5649493574615367,1.0,3.8918202981106265,1.0,3.0,4.0,1.0,3
26809,3,0.0,0.0,1.0,1,1,1.9459101490553132,1.0,3.044522437723423,2.0,3.0,4.0,1.0,6
26817,3,0.0,0.0,1.0,1,1,1.6094379124341003,1.0,3.295836866004329,8.0,3.0,4.0,2.0,3
26818,3,0.0,0.0,1.0,1,1,1.6094379124341003,2.0,3.4657359027997265,1.0,3.0,4.0,2.0,6
26825,3,0.0,0.0,1.0,1,1,2.302585092994046,2.0,3.6375861597263857,1.0,3.0,4.0,1.0,2
26828,2,0.0,0.0,1.0,1,1,2.4849066497880004,1.0,3.091042453358316,1.0,3.0,4.0,1.0,6
26831,3,0.0,0.0,1.0,1,1,2.302585092994046,1.0,3.828641396489095,8.0,3.0,4.0,1.0,1
26832,3,0.0,0.0,1.0,1,1,2.302585092994046,1.0,3.828641396489095,8.0,3.0,4.0,1.0,1
26833,3,0.0,0.0,1.0,1,1,2.302585092994046,1.0,3.828641396489095,8.0,3.0,4.0,1.0,1
26837,3,0.0,1.0,1.0,1,1,0.6931471805599453,1.0,3.8918202981106265,1.0,3.0,2.0,1.0,5
26838,3,0.0,0.0,1.0,1,1,1.0986122886681098,2.0,3.332204510175204,2.0,3.0,4.0,1.0,2
26840,3,0.0,3.0,1.0,4,1,3.044522437723423,1.0,4.219507705176107,2.0,3.0,4.0,1.0,1
26841,3,0.0,0.0,1.0,1,1,2.5649493574615367,2.0,4.007333185232471,8.0,3.0,4.0,1.0,3
26842,3,0.0,0.0,1.0,1,1,1.3862943611198906,1.0,3.295836866004329,8.0,3.0,4.0,1.0,3
26843,3,0.0,3.0,1.0,1,1,2.6390573296152584,1.0,4.04305126783455,2.0,3.0,4.0,1.0,3
26849,3,0.0,0.0,1.0,1,1,0.6931471805599453,1.0,3.332204510175204,8.0,3.0,4.0,1.0,3
26853,3,0.0,0.0,1.0,1,1,1.6094379124341003,1.0,3.6635616461296463,2.0,3.0,4.0,1.0,2
26859,3,0.0,0.0,1.0,1,1,1.6094379124341003,1.0,3.044522437723423,8.0,3.0,4.0,1.0,2
26860,3,0.0,1.0,1.0,4,1,1.3862943611198906,1.0,3.7376696182833684,1.0,3.0,4.0,1.0,5
26864,3,0.0,0.0,1.0,1,1,1.3862943611198906,1.0,3.6109179126442243,1.0,3.0,4.0,1.0,6
26865,3,0.0,0.0,1.0,1,1,2.772588722239781,1.0,3.58351893845611,1.0,3.0,4.0,1.0,7
26866,3,0.0,0.0,1.0,1,1,1.791759469228055,2.0,3.1354942159291497,1.0,3.0,4.0,1.0,7
26868,3,0.0,0.0,1.0,1,1,1.9459101490553132,1.0,4.51085950651685,8.0,3.0,4.0,1.0,6
26869,3,0.0,0.0,1.0,1,1,2.302585092994046,1.0,3.4965075614664802,8.0,3.0,4.0,1.0,6
26877,3,0.0,0.0,2.0,1,2,1.3862943611198906,2.0,4.007333185232471,8.0,8.0,4.0,2.0,6
26881,3,0.0,0.0,1.0,1,1,1.6094379124341003,1.0,3.9318256327243257,2.0,1.0,4.0,1.0,7
26882,3,0.0,0.0,1.0,1,1,1.3862943611198906,1.0,4.127134385045092,2.0,1.0,4.0,1.0,7
26883,3,0.0,1.0,1.0,4,1,2.6390573296152584,1.0,4.060443010546419,1.0,3.0,4.0,1.0,3
26888,3,0.0,0.0,1.0,1,1,2.1972245773362196,1.0,3.5263605246161616,1.0,3.0,4.0,1.0,6
26889,3,0.0,1.0,1.0,1,1,2.1972245773362196,1.0,3.5263605246161616,1.0,3.0,4.0,1.0,6
26891,3,0.0,0.0,1.0,1,1,2.6390573296152584,1.0,2.8903717578961645,8.0,3.0,4.0,1.0,4
26893,3,0.0,0.0,1.0,1,1,3.044522437723423,1.0,3.58351893845611,8.0,3.0,4.0,1.0,4
26903,3,0.0,0.0,1.0,4,1,1.6094379124341003,2.0,3.295836866004329,2.0,3.0,4.0,1.0,2
26908,3,0.0,0.0,1.0,1,1,2.70805020110221,2.0,3.4657359027997265,8.0,6.0,4.0,1.0,4
26910,3,0.0,0.0,2.0,1,2,2.302585092994046,1.0,2.995732273553991,8.0,3.0,4.0,1.0,1
26913,3,0.0,0.0,1.0,4,1,1.3862943611198906,1.0,3.9318256327243257,8.0,3.0,4.0,2.0,6
26915,3,0.0,0.0,1.0,1,1,2.0794415416798357,1.0,3.1780538303479458,8.0,3.0,2.0,1.0,2
26916,3,0.0,0.0,1.0,1,1,2.70805020110221,1.0,3.58351893845611,1.0,6.0,4.0,2.0,7
26920,3,0.0,1.0,1.0,1,1,2.3978952727983707,1.0,2.995732273553991,1.0,3.0,4.0,1.0,3
26921,3,0.0,0.0,1.0,1,1,2.0794415416798357,1.0,3.6109179126442243,8.0,3.0,4.0,1.0,6
26923,2,0.0,9.0,2.0,1,1,2.772588722239781,1.0,4.382026634673881,1.0,3.0,4.0,1.0,4
26924,2,0.0,9.0,2.0,1,1,2.772588722239781,1.0,4.382026634673881,1.0,3.0,4.0,1.0,4
26925,2,0.0,9.0,2.0,1,1,2.772588722239781,1.0,4.382026634673881,1.0,3.0,4.0,1.0,4
26934,3,0.0,1.0,1.0,1,1,1.0986122886681098,1.0,3.2188758248682006,1.0,3.0,4.0,1.0,1
26940,3,0.0,0.0,2.0,1,1,1.3862943611198906,1.0,3.7612001156935624,1.0,3.0,2.0,1.0,4
26942,3,0.0,0.0,1.0,1,1,2.1972245773362196,1.0,4.060443010546419,1.0,3.0,4.0,1.0,2
26945,3,0.0,1.0,1.0,1,1,2.70805020110221,1.0,4.143134726391533,1.0,3.0,4.0,1.0,2
26948,3,0.0,1.0,1.0,1,1,1.6094379124341003,2.0,3.367295829986474,2.0,6.0,4.0,1.0,3
26949,3,0.0,0.0,1.0,1,1,1.3862943611198906,1.0,3.7376696182833684,1.0,6.0,4.0,1.0,3
26954,3,0.0,0.0,1.0,1,1,2.3978952727983707,1.0,3.8066624897703196,1.0,6.0,2.0,1.0,4
26955,3,0.0,0.0,2.0,4,1,1.6094379124341003,1.0,3.295836866004329,8.0,6.0,2.0,1.0,7
26957,3,0.0,0.0,1.0,4,1,2.1972245773362196,1.0,3.1354942159291497,8.0,3.0,4.0,1.0,5
26958,3,0.0,0.0,1.0,4,1,2.3978952727983707,1.0,3.5553480614894135,8.0,3.0,4.0,1.0,5
26963,3,0.0,0.0,2.0,1,2,2.9444389791664403,1.0,3.6375861597263857,1.0,3.0,4.0,1.0,1
26965,3,0.0,0.0,1.0,1,1,2.302585092994046,2.0,4.060443010546419,8.0,3.0,4.0,1.0,2
26966,3,0.0,0.0,1.0,1,1,2.302585092994046,2.0,4.060443010546419,8.0,3.0,4.0,1.0,2
26969,3,0.0,0.0,1.0,1,1,1.6094379124341003,1.0,4.007333185232471,2.0,1.0,2.0,1.0,4
26971,3,0.0,0.0,1.0,1,1,0.6931471805599453,1.0,3.970291913552122,8.0,3.0,4.0,1.0,6
26974,3,0.0,0.0,1.0,1,1,1.9459101490553132,1.0,3.713572066704308,1.0,3.0,4.0,1.0,5
26976,3,0.0,0.0,1.0,1,1,2.3978952727983707,2.0,4.1588830833596715,1.0,3.0,4.0,1.0,7
26978,3,0.0,0.0,1.0,1,1,1.0986122886681098,1.0,3.8918202981106265,8.0,3.0,4.0,1.0,7
26980,3,0.0,0.0,1.0,1,1,0.6931471805599453,1.0,4.204692619390966,8.0,3.0,4.0,2.0,5
26983,3,0.0,0.0,1.0,1,1,2.302585092994046,1.0,3.713572066704308,8.0,3.0,4.0,1.0,1
26985,3,0.0,0.0,1.0,7,1,2.1972245773362196,2.0,3.258096538021482,1.0,3.0,4.0,2.0,2
26987,3,0.0,6.0,1.0,1,1,2.4849066497880004,2.0,3.4339872044851463,2.0,3.0,4.0,2.0,5
26989,3,0.0,0.0,1.0,4,1,2.3978952727983707,1.0,3.7376696182833684,1.0,3.0,4.0,2.0,1
26997,3,0.0,0.0,1.0,1,1,0.6931471805599453,2.0,3.2188758248682006,1.0,3.0,4.0,1.0,3
27008,3,0.0,0.0,1.0,4,1,2.1972245773362196,2.0,4.276666119016055,8.0,6.0,2.0,1.0,7
27013,3,0.0,0.0,1.0,1,1,2.0794415416798357,1.0,3.8918202981106265,8.0,3.0,4.0,1.0,6
27014,3,0.0,1.0,1.0,1,1,1.6094379124341003,1.0,3.295836866004329,8.0,1.0,4.0,1.0,5
27017,3,0.0,1.0,1.0,1,1,2.302585092994046,1.0,3.8918202981106265,8.0,3.0,4.0,1.0,5
27020,3,0.0,1.0,1.0,1,1,0.6931471805599453,2.0,3.1780538303479458,8.0,3.0,2.0,1.0,5
27021,3,0.0,0.0,2.0,1,2,2.3978952727983707,1.0,3.4011973816621555,8.0,2.0,4.0,2.0,5
27027,3,0.0,0.0,1.0,1,1,1.0986122886681098,1.0,3.58351893845611,8.0,3.0,4.0,1.0,6
27030,3,0.0,0.0,1.0,1,1,1.791759469228055,1.0,3.1354942159291497,8.0,3.0,4.0,1.0,4
27032,3,0.0,0.0,1.0,1,1,1.9459101490553132,2.0,3.044522437723423,8.0,6.0,2.0,1.0,7
27033,3,0.0,0.0,1.0,1,1,2.3978952727983707,1.0,3.2188758248682006,8.0,6.0,2.0,1.0,7
27035,3,0.0,0.0,1.0,1,1,1.0986122886681098,2.0,3.258096538021482,8.0,3.0,4.0,1.0,5
27046,3,0.0,0.0,1.0,1,1,1.0986122886681098,1.0,3.58351893845611,8.0,3.0,4.0,1.0,3
27047,3,0.0,0.0,1.0,1,1,2.70805020110221,2.0,3.1354942159291497,1.0,7.0,2.0,1.0,5
27048,3,0.0,0.0,1.0,1,1,2.6390573296152584,2.0,3.1780538303479458,1.0,3.0,4.0,2.0,3
27052,3,0.0,0.0,1.0,4,1,2.3978952727983707,1.0,3.332204510175204,1.0,3.0,4.0,1.0,1
27053,3,0.0,0.0,1.0,1,1,2.70805020110221,1.0,4.143134726391533,1.0,3.0,2.0,1.0,7
27054,3,0.0,0.0,1.0,1,1,2.4849066497880004,1.0,3.7376696182833684,1.0,3.0,2.0,1.0,7
27055,3,0.0,0.0,1.0,1,1,2.302585092994046,2.0,3.258096538021482,8.0,3.0,2.0,1.0,3
27057,3,0.0,1.0,2.0,1,2,1.3862943611198906,1.0,3.091042453358316,1.0,3.0,4.0,1.0,2
27058,3,0.0,0.0,2.0,4,2,2.5649493574615367,1.0,3.8066624897703196,1.0,3.0,4.0,1.0,4
27059,3,0.0,0.0,1.0,7,1,2.0794415416798357,2.0,3.8918202981106265,8.0,3.0,4.0,1.0,6
27062,3,0.0,0.0,1.0,4,1,2.0794415416798357,1.0,4.02535169073515,8.0,6.0,2.0,1.0,6
27063,3,0.0,0.0,1.0,4,1,2.0794415416798357,1.0,4.02535169073515,8.0,6.0,2.0,1.0,6
27065,3,0.0,0.0,1.0,1,1,1.0986122886681098,1.0,3.332204510175204,1.0,6.0,2.0,1.0,6
27066,3,0.0,1.0,1.0,1,1,1.3862943611198906,1.0,2.995732273553991,8.0,6.0,2.0,1.0,2
27069,3,0.0,0.0,2.0,1,1,2.5649493574615367,1.0,3.9889840465642745,8.0,3.0,2.0,1.0,1
27070,3,0.0,0.0,1.0,1,1,1.3862943611198906,1.0,3.713572066704308,1.0,6.0,2.0,1.0,4
27071,3,0.0,0.0,1.0,1,1,2.302585092994046,1.0,3.4339872044851463,1.0,3.0,4.0,1.0,1
27073,3,0.0,0.0,1.0,1,1,2.3978952727983707,1.0,4.31748811353631,8.0,6.0,2.0,2.0,7
27075,3,0.0,0.0,1.0,4,1,2.4849066497880004,1.0,3.9512437185814275,1.0,3.0,4.0,1.0,6
27078,3,0.0,0.0,1.0,1,1,1.6094379124341003,1.0,3.8066624897703196,8.0,6.0,4.0,1.0,1
27080,3,0.0,0.0,2.0,1,2,3.044522437723423,1.0,4.454347296253507,2.0,3.0,4.0,1.0,4
27082,3,0.0,0.0,1.0,4,1,2.6390573296152584,1.0,3.828641396489095,1.0,3.0,2.0,1.0,7
27084,3,0.0,0.0,2.0,1,2,2.1972245773362196,2.0,3.784189633918261,8.0,3.0,2.0,2.0,7
27091,3,0.0,0.0,2.0,1,1,2.4849066497880004,1.0,4.189654742026425,8.0,3.0,4.0,1.0,5
27092,3,0.0,0.0,1.0,1,1,0.6931471805599453,1.0,3.7376696182833684,2.0,3.0,4.0,1.0,1
27093,3,0.0,0.0,2.0,1,2,2.5649493574615367,2.0,3.7612001156935624,1.0,3.0,4.0,2.0,5
27095,3,0.0,0.0,1.0,1,1,2.6390573296152584,2.0,4.060443010546419,8.0,3.0,4.0,1.0,4
27103,3,0.0,0.0,1.0,1,1,2.0794415416798357,1.0,3.7376696182833684,8.0,6.0,4.0,1.0,4
27104,3,0.0,1.0,1.0,1,1,2.70805020110221,1.0,3.4011973816621555,1.0,3.0,2.0,2.0,5
27109,3,0.0,0.0,1.0,1,1,1.6094379124341003,1.0,3.7612001156935624,1.0,3.0,2.0,2.0,6
27116,3,0.0,0.0,1.0,1,1,0.6931471805599453,1.0,3.58351893845611,8.0,3.0,4.0,1.0,5
27117,3,0.0,0.0,1.0,1,1,2.5649493574615367,1.0,3.5263605246161616,1.0,3.0,4.0,2.0,7
27120,3,0.0,0.0,1.0,1,1,0.6931471805599453,1.0,3.970291913552122,1.0,6.0,2.0,1.0,3
27127,3,0.0,0.0,1.0,1,1,2.0794415416798357,1.0,3.7376696182833684,8.0,3.0,4.0,1.0,6
27128,3,0.0,1.0,1.0,1,1,2.4849066497880004,1.0,3.7376696182833684,1.0,3.0,4.0,1.0,2
27130,3,0.0,0.0,1.0,1,1,0.6931471805599453,1.0,2.8903717578961645,8.0,3.0,4.0,1.0,2
27135,3,0.0,0.0,1.0,1,1,2.0794415416798357,2.0,3.091042453358316,8.0,3.0,4.0,1.0,6
27140,3,0.0,0.0,1.0,1,1,0.6931471805599453,1.0,3.091042453358316,8.0,3.0,4.0,1.0,4
27141,3,0.0,0.0,1.0,1,1,0.6931471805599453,1.0,3.091042453358316,8.0,3.0,4.0,1.0,4
27162,3,0.0,0.0,1.0,1,1,0.6931471805599453,2.0,3.367295829986474,8.0,3.0,4.0,1.0,5
27164,3,0.0,0.0,1.0,1,1,2.5649493574615367,2.0,3.7612001156935624,2.0,3.0,4.0,2.0,3
27172,3,0.0,0.0,1.0,1,1,2.1972245773362196,2.0,3.1354942159291497,8.0,6.0,2.0,1.0,2
27173,3,0.0,0.0,1.0,1,1,2.1972245773362196,2.0,3.1354942159291497,8.0,6.0,2.0,1.0,2
27179,3,0.0,0.0,1.0,4,1,2.70805020110221,1.0,3.6109179126442243,8.0,3.0,4.0,1.0,7
27180,3,0.0,0.0,1.0,1,1,1.6094379124341003,1.0,3.58351893845611,8.0,3.0,4.0,1.0,6
27181,3,0.0,0.0,1.0,1,1,1.6094379124341003,1.0,3.58351893845611,8.0,3.0,4.0,1.0,6
27188,3,0.0,0.0,1.0,1,1,0.6931471805599453,1.0,4.02535169073515,8.0,3.0,4.0,1.0,6
27190,3,0.0,0.0,1.0,1,1,2.0794415416798357,1.0,3.970291913552122,8.0,3.0,2.0,1.0,2
27192,3,0.0,0.0,1.0,1,1,2.4849066497880004,1.0,3.258096538021482,8.0,3.0,2.0,1.0,3
27196,3,0.0,0.0,1.0,1,1,2.70805020110221,1.0,4.23410650459726,8.0,3.0,4.0,1.0,3
27204,3,0.0,1.0,1.0,1,1,2.5649493574615367,1.0,4.330733340286331,8.0,3.0,2.0,1.0,5
27210,2,0.0,0.0,1.0,1,1,2.3978952727983707,1.0,4.465908118654584,8.0,3.0,4.0,1.0,2
27211,2,0.0,0.0,1.0,1,1,2.3978952727983707,1.0,4.465908118654584,8.0,3.0,4.0,1.0,2
27212,3,0.0,0.0,1.0,1,1,2.6390573296152584,1.0,3.4339872044851463,8.0,3.0,4.0,2.0,4
27213,3,0.0,0.0,1.0,1,1,2.6390573296152584,1.0,3.4339872044851463,8.0,3.0,4.0,2.0,4
27217,3,2.0,0.0,1.0,1,1,2.70805020110221,1.0,3.9512437185814275,8.0,3.0,2.0,1.0,1
27218,3,2.0,0.0,1.0,1,1,2.6390573296152584,1.0,3.6109179126442243,8.0,3.0,2.0,1.0,1
27222,3,0.0,0.0,1.0,1,1,1.3862943611198906,1.0,3.2188758248682006,8.0,3.0,4.0,1.0,2
27231,3,0.0,0.0,1.0,1,1,2.0794415416798357,1.0,3.6375861597263857,8.0,3.0,4.0,1.0,4
27232,3,0.0,0.0,1.0,1,1,2.0794415416798357,1.0,3.6375861597263857,8.0,3.0,4.0,1.0,4
27236,3,0.0,0.0,1.0,1,1,1.0986122886681098,1.0,3.4657359027997265,8.0,3.0,4.0,1.0,3
27238,3,0.0,0.0,1.0,1,1,1.3862943611198906,1.0,3.1780538303479458,8.0,3.0,4.0,1.0,4
27241,3,0.0,0.0,2.0,1,2,2.302585092994046,2.0,3.1780538303479458,8.0,3.0,4.0,1.0,3
27242,3,0.0,0.0,1.0,1,1,2.302585092994046,1.0,3.4339872044851463,8.0,3.0,4.0,1.0,1
27246,2,0.0,0.0,1.0,1,1,2.70805020110221,1.0,4.007333185232471,8.0,6.0,4.0,1.0,1
27247,2,0.0,0.0,1.0,1,1,0.6931471805599453,1.0,3.044522437723423,8.0,6.0,4.0,1.0,1
27248,3,0.0,0.0,1.0,1,1,1.6094379124341003,2.0,2.9444389791664403,8.0,6.0,4.0,2.0,5
27250,3,0.0,0.0,1.0,1,1,2.1972245773362196,1.0,3.4011973816621555,8.0,3.0,4.0,1.0,3
27251,3,0.0,0.0,1.0,1,1,0.6931471805599453,1.0,3.091042453358316,8.0,3.0,4.0,1.0,4
27255,3,0.0,0.0,1.0,1,1,2.302585092994046,1.0,3.367295829986474,8.0,3.0,4.0,2.0,3
27263,3,0.0,0.0,1.0,1,1,1.3862943611198906,1.0,3.6109179126442243,8.0,3.0,4.0,1.0,3
27272,3,0.0,0.0,1.0,4,1,1.3862943611198906,1.0,3.367295829986474,8.0,3.0,2.0,1.0,2
27273,3,0.0,0.0,1.0,4,1,1.3862943611198906,1.0,3.367295829986474,8.0,3.0,2.0,1.0,2
27274,3,0.0,0.0,1.0,4,1,1.791759469228055,1.0,3.7612001156935624,8.0,3.0,2.0,1.0,2
27275,3,0.0,1.0,1.0,1,1,1.9459101490553132,1.0,3.091042453358316,8.0,3.0,4.0,1.0,6
27276,3,0.0,0.0,1.0,1,1,1.9459101490553132,1.0,3.332204510175204,8.0,3.0,4.0,1.0,4
27281,3,0.0,0.0,1.0,1,1,1.791759469228055,1.0,3.044522437723423,8.0,3.0,4.0,1.0,3
27282,3,4.0,0.0,1.0,4,1,3.332204510175204,1.0,3.1780538303479458,1.0,1.0,4.0,2.0,4
27284,3,0.0,0.0,1.0,1,1,2.302585092994046,1.0,3.367295829986474,8.0,3.0,4.0,1.0,6
27287,3,0.0,0.0,1.0,1,1,2.0794415416798357,1.0,3.828641396489095,1.0,3.0,4.0,1.0,1
27296,3,0.0,9.0,1.0,1,1,1.3862943611198906,1.0,3.6109179126442243,8.0,6.0,4.0,1.0,4
27300,3,0.0,0.0,1.0,1,1,2.1972245773362196,1.0,2.8903717578961645,8.0,6.0,4.0,1.0,7
27312,3,0.0,0.0,1.0,1,1,1.791759469228055,1.0,3.295836866004329,8.0,3.0,4.0,1.0,6
27313,3,0.0,0.0,1.0,4,1,2.302585092994046,1.0,3.7376696182833684,8.0,6.0,2.0,1.0,1
27320,3,0.0,0.0,1.0,4,1,1.9459101490553132,1.0,4.0943445622221,8.0,3.0,2.0,1.0,1
27325,3,0.0,0.0,1.0,4,1,2.4849066497880004,2.0,4.23410650459726,2.0,3.0,4.0,2.0,2
27329,3,0.0,0.0,1.0,1,1,2.302585092994046,2.0,3.58351893845611,8.0,3.0,4.0,1.0,5
27332,3,0.0,0.0,2.0,4,1,1.3862943611198906,1.0,3.828641396489095,8.0,3.0,4.0,1.0,1
27333,3,0.0,0.0,1.0,1,1,1.3862943611198906,2.0,3.8918202981106265,2.0,3.0,4.0,2.0,2
27341,3,0.0,1.0,1.0,4,1,0.6931471805599453,1.0,4.356708826689592,2.0,3.0,2.0,1.0,2
27342,3,0.0,0.0,1.0,4,1,2.772588722239781,1.0,3.4339872044851463,1.0,6.0,2.0,1.0,5
27343,3,0.0,0.0,1.0,4,1,2.5649493574615367,2.0,3.4965075614664802,1.0,6.0,2.0,1.0,5
27346,3,0.0,0.0,1.0,4,1,2.1972245773362196,1.0,3.6375861597263857,8.0,6.0,4.0,1.0,2
27348,3,0.0,0.0,1.0,4,1,1.9459101490553132,1.0,2.9444389791664403,1.0,6.0,4.0,1.0,1
27353,3,0.0,0.0,1.0,4,1,2.3978952727983707,1.0,3.091042453358316,1.0,3.0,4.0,1.0,7
27357,3,0.0,0.0,1.0,1,1,1.9459101490553132,1.0,3.5263605246161616,1.0,3.0,4.0,1.0,7
27360,3,0.0,0.0,1.0,1,1,1.791759469228055,1.0,3.295836866004329,1.0,3.0,4.0,1.0,4
27365,3,0.0,0.0,1.0,1,1,1.0986122886681098,2.0,3.912023005428146,8.0,6.0,4.0,1.0,5
27366,3,0.0,0.0,1.0,1,1,1.0986122886681098,2.0,3.912023005428146,8.0,6.0,4.0,1.0,5
27371,3,0.0,0.0,2.0,4,2,2.302585092994046,1.0,3.4339872044851463,1.0,3.0,4.0,1.0,5
27374,3,0.0,0.0,1.0,1,1,2.9444389791664403,1.0,3.912023005428146,8.0,1.0,4.0,1.0,5
27376,3,0.0,0.0,2.0,4,2,1.791759469228055,1.0,3.58351893845611,1.0,3.0,2.0,1.0,6
27377,3,0.0,0.0,2.0,4,2,2.4849066497880004,2.0,3.6888794541139363,1.0,3.0,2.0,1.0,6
27388,3,0.0,0.0,2.0,1,2,1.9459101490553132,1.0,3.2188758248682006,1.0,3.0,4.0,1.0,4
27390,2,0.0,0.0,2.0,4,2,2.0794415416798357,1.0,3.5553480614894135,8.0,6.0,4.0,1.0,7
27394,3,0.0,0.0,1.0,1,1,1.0986122886681098,2.0,3.1354942159291497,1.0,3.0,4.0,1.0,6
27408,3,0.0,0.0,1.0,1,1,2.5649493574615367,2.0,3.8066624897703196,2.0,6.0,2.0,1.0,4
27417,3,0.0,0.0,1.0,4,1,0.6931471805599453,1.0,3.295836866004329,8.0,8.0,4.0,2.0,4
27419,3,0.0,0.0,1.0,1,1,2.772588722239781,2.0,3.8066624897703196,2.0,3.0,4.0,1.0,3
27421,3,0.0,0.0,1.0,1,1,2.1972245773362196,1.0,3.258096538021482,1.0,3.0,2.0,1.0,2
27424,3,0.0,0.0,2.0,1,1,2.0794415416798357,1.0,3.332204510175204,8.0,6.0,2.0,1.0,4
27433,3,0.0,0.0,1.0,1,1,2.6390573296152584,1.0,3.871201010907891,2.0,3.0,4.0,1.0,6
27434,3,0.0,0.0,1.0,4,1,2.5649493574615367,1.0,3.295836866004329,2.0,3.0,4.0,1.0,7
27436,3,0.0,2.0,1.0,4,1,1.0986122886681098,2.0,3.58351893845611,1.0,3.0,4.0,2.0,2
27437,3,0.0,0.0,1.0,4,1,1.3862943611198906,1.0,3.5263605246161616,1.0,3.0,4.0,1.0,2
27442,3,0.0,0.0,1.0,4,1,2.9444389791664403,2.0,3.1780538303479458,8.0,8.0,4.0,2.0,6
27443,3,0.0,0.0,1.0,4,1,2.9444389791664403,2.0,3.1780538303479458,8.0,8.0,4.0,2.0,6
27448,3,0.0,0.0,1.0,1,1,1.0986122886681098,1.0,3.9889840465642745,8.0,3.0,4.0,1.0,5
27460,3,0.0,0.0,1.0,1,1,2.302585092994046,1.0,4.1588830833596715,8.0,3.0,4.0,1.0,3
27465,3,0.0,0.0,1.0,4,1,2.8903717578961645,1.0,4.276666119016055,2.0,3.0,4.0,1.0,6
27466,3,0.0,0.0,1.0,4,1,1.9459101490553132,2.0,3.4011973816621555,2.0,3.0,4.0,1.0,6
27472,3,0.0,0.0,1.0,4,1,0.6931471805599453,1.0,4.07753744390572,8.0,3.0,4.0,1.0,3
27475,3,0.0,0.0,1.0,1,1,2.772588722239781,1.0,3.9318256327243257,8.0,3.0,4.0,1.0,3
27489,3,0.0,0.0,1.0,4,4,1.0986122886681098,1.0,3.4339872044851463,8.0,6.0,4.0,1.0,3
27494,3,0.0,0.0,2.0,4,2,1.9459101490553132,1.0,3.332204510175204,8.0,3.0,4.0,1.0,1
27495,3,0.0,1.0,1.0,4,1,2.70805020110221,1.0,3.6109179126442243,1.0,6.0,2.0,1.0,6
27500,3,0.0,0.0,1.0,1,1,2.0794415416798357,2.0,3.1780538303479458,1.0,1.0,4.0,1.0,1
27501,3,0.0,0.0,1.0,1,1,2.0794415416798357,2.0,3.1780538303479458,1.0,1.0,4.0,1.0,1
27503,3,0.0,2.0,1.0,1,1,2.8903717578961645,2.0,4.454347296253507,1.0,6.0,2.0,1.0,2
27506,3,0.0,3.0,1.0,1,1,2.0794415416798357,1.0,4.07753744390572,2.0,3.0,4.0,1.0,4
27512,3,0.0,0.0,1.0,1,1,2.772588722239781,2.0,3.091042453358316,1.0,6.0,2.0,1.0,1
27515,3,0.0,0.0,1.0,7,9,1.0986122886681098,1.0,4.127134385045092,8.0,6.0,2.0,1.0,6
27517,3,0.0,1.0,2.0,4,1,2.0794415416798357,1.0,3.4965075614664802,1.0,3.0,2.0,1.0,6
27523,3,0.0,3.0,1.0,1,1,1.9459101490553132,1.0,3.295836866004329,1.0,6.0,4.0,1.0,3
27525,3,0.0,0.0,2.0,1,2,1.9459101490553132,1.0,4.04305126783455,8.0,3.0,4.0,1.0,5
27531,3,0.0,0.0,1.0,4,1,1.0986122886681098,1.0,3.713572066704308,1.0,3.0,4.0,1.0,1