accident_severity,special_conditions_at_site,pedestrian_movement,road_surface_conditions,light_conditions,weather_conditions,age_of_vehicle,sex_of_driver,age_of_driver,junction_location,junction_detail,junction_control,did_police_officer_attend_scene_of_accident,day_of_week
27534,3,0.0,0.0,1.0,1,1,2.302585092994046,1.0,3.044522437723423,1.0,3.0,4.0,1.0,1
27536,3,0.0,0.0,2.0,1,2,2.302585092994046,1.0,3.332204510175204,1.0,3.0,4.0,1.0,4
27537,3,0.0,0.0,1.0,1,1,2.70805020110221,2.0,3.4339872044851463,2.0,3.0,4.0,1.0,6
27538,3,0.0,0.0,1.0,1,1,2.70805020110221,2.0,3.4339872044851463,2.0,3.0,4.0,1.0,6
27539,3,0.0,0.0,1.0,1,1,2.70805020110221,2.0,3.4339872044851463,2.0,3.0,4.0,1.0,6
27540,3,0.0,0.0,1.0,1,1,2.70805020110221,2.0,3.4339872044851463,2.0,3.0,4.0,1.0,6
27541,3,0.0,0.0,1.0,1,1,2.70805020110221,2.0,3.4339872044851463,2.0,3.0,4.0,1.0,6
27548,3,0.0,0.0,1.0,1,1,2.4849066497880004,1.0,3.9512437185814275,8.0,8.0,4.0,1.0,4
27550,3,0.0,2.0,2.0,1,1,1.791759469228055,1.0,3.4657359027997265,1.0,3.0,4.0,1.0,3
27553,3,0.0,0.0,2.0,1,8,1.9459101490553132,2.0,3.1354942159291497,8.0,6.0,4.0,1.0,6
27554,3,0.0,0.0,2.0,1,8,2.5649493574615367,2.0,3.9512437185814275,8.0,6.0,4.0,1.0,6
27562,3,0.0,0.0,2.0,1,2,1.791759469228055,2.0,3.4011973816621555,1.0,6.0,2.0,2.0,3
27563,3,0.0,0.0,2.0,1,2,1.791759469228055,2.0,3.4011973816621555,1.0,6.0,2.0,2.0,3
27568,3,0.0,0.0,2.0,1,2,1.791759469228055,1.0,3.1780538303479458,8.0,8.0,2.0,1.0,3
27570,3,0.0,0.0,1.0,1,1,2.302585092994046,1.0,3.4011973816621555,1.0,3.0,4.0,1.0,5
27571,3,0.0,0.0,1.0,1,1,2.4849066497880004,1.0,3.970291913552122,1.0,3.0,4.0,1.0,5
27577,3,0.0,0.0,2.0,1,1,2.0794415416798357,1.0,3.58351893845611,1.0,3.0,4.0,1.0,4
27584,3,0.0,0.0,2.0,4,1,0.6931471805599453,1.0,4.007333185232471,1.0,3.0,4.0,1.0,7
27588,3,0.0,0.0,1.0,4,1,2.302585092994046,2.0,3.295836866004329,1.0,3.0,4.0,1.0,6
27592,3,0.0,0.0,1.0,1,1,2.70805020110221,2.0,4.276666119016055,8.0,3.0,4.0,1.0,3
27594,3,0.0,3.0,1.0,1,1,1.3862943611198906,1.0,3.912023005428146,8.0,3.0,2.0,1.0,4
27597,3,0.0,0.0,1.0,1,1,1.0986122886681098,2.0,3.2188758248682006,1.0,3.0,4.0,1.0,6
27606,3,0.0,0.0,1.0,1,1,2.995732273553991,1.0,4.454347296253507,8.0,6.0,4.0,1.0,5
27617,3,0.0,0.0,2.0,1,8,2.302585092994046,2.0,3.9889840465642745,8.0,3.0,4.0,1.0,5
27621,3,0.0,0.0,2.0,4,1,1.3862943611198906,1.0,3.9512437185814275,8.0,3.0,4.0,1.0,2
27625,3,0.0,0.0,1.0,1,1,1.6094379124341003,2.0,3.6375861597263857,2.0,3.0,4.0,1.0,5
27630,3,0.0,0.0,2.0,4,8,1.9459101490553132,2.0,3.332204510175204,8.0,6.0,4.0,1.0,2
27633,3,0.0,0.0,1.0,4,1,2.3978952727983707,1.0,3.1354942159291497,8.0,3.0,4.0,1.0,1
27634,3,0.0,0.0,1.0,4,1,2.3978952727983707,1.0,3.1354942159291497,8.0,3.0,4.0,1.0,1
27641,3,0.0,0.0,1.0,1,1,1.6094379124341003,1.0,3.713572066704308,8.0,3.0,4.0,1.0,1
27643,3,0.0,1.0,1.0,1,1,1.0986122886681098,1.0,3.8066624897703196,2.0,2.0,4.0,1.0,3
27645,3,0.0,0.0,2.0,4,4,1.3862943611198906,1.0,2.9444389791664403,1.0,6.0,4.0,1.0,3
27648,3,0.0,0.0,1.0,1,1,1.0986122886681098,1.0,3.871201010907891,8.0,1.0,2.0,1.0,2
27652,3,0.0,0.0,1.0,1,1,2.4849066497880004,2.0,3.4657359027997265,1.0,6.0,2.0,1.0,4
27657,3,0.0,0.0,2.0,4,2,2.5649493574615367,2.0,3.58351893845611,8.0,3.0,4.0,2.0,6
27660,3,0.0,0.0,2.0,4,1,1.791759469228055,1.0,3.784189633918261,8.0,3.0,2.0,1.0,5
27663,3,0.0,0.0,2.0,1,1,2.6390573296152584,1.0,3.4339872044851463,8.0,3.0,4.0,2.0,2
27664,3,0.0,0.0,2.0,1,1,2.6390573296152584,1.0,3.4339872044851463,8.0,3.0,4.0,2.0,2
27669,3,0.0,0.0,1.0,4,1,1.9459101490553132,1.0,3.295836866004329,8.0,6.0,2.0,1.0,1
27670,3,0.0,0.0,1.0,4,1,1.9459101490553132,1.0,3.295836866004329,8.0,6.0,2.0,1.0,1
27678,3,0.0,0.0,1.0,4,1,1.9459101490553132,1.0,3.8066624897703196,8.0,6.0,4.0,1.0,1
27681,3,0.0,0.0,1.0,4,1,1.3862943611198906,1.0,3.58351893845611,8.0,6.0,2.0,1.0,1
27682,3,0.0,0.0,1.0,1,1,1.791759469228055,2.0,3.9512437185814275,8.0,3.0,4.0,1.0,5
27686,3,0.0,0.0,1.0,1,1,1.0986122886681098,1.0,3.6375861597263857,8.0,3.0,2.0,1.0,5
27697,3,0.0,0.0,2.0,4,1,2.6390573296152584,1.0,3.7612001156935624,8.0,3.0,4.0,1.0,7
27698,3,0.0,0.0,2.0,4,1,2.6390573296152584,1.0,3.7612001156935624,8.0,3.0,4.0,1.0,7
27706,3,0.0,0.0,2.0,4,1,1.6094379124341003,1.0,3.295836866004329,8.0,6.0,4.0,1.0,6
27707,3,0.0,0.0,2.0,4,1,2.0794415416798357,2.0,3.091042453358316,8.0,6.0,4.0,1.0,6
27708,3,0.0,3.0,1.0,1,1,0.6931471805599453,1.0,3.7612001156935624,1.0,3.0,4.0,1.0,4
27713,3,0.0,0.0,1.0,1,1,1.3862943611198906,1.0,3.7376696182833684,8.0,3.0,4.0,1.0,7
27723,3,0.0,0.0,1.0,1,1,2.5649493574615367,2.0,3.8918202981106265,8.0,3.0,4.0,1.0,5
27724,2,0.0,0.0,2.0,1,2,3.1354942159291497,1.0,4.442651256490317,1.0,3.0,4.0,1.0,1
27731,3,0.0,2.0,1.0,1,1,2.4849066497880004,1.0,4.276666119016055,8.0,3.0,4.0,1.0,5
27734,3,0.0,1.0,2.0,1,2,0.6931471805599453,1.0,3.9512437185814275,2.0,6.0,2.0,2.0,2
27740,3,0.0,0.0,1.0,1,1,1.791759469228055,1.0,3.9512437185814275,8.0,8.0,4.0,1.0,6
27756,3,0.0,3.0,1.0,1,1,1.0986122886681098,2.0,4.1588830833596715,2.0,3.0,4.0,1.0,5
27757,3,0.0,0.0,1.0,1,1,2.6390573296152584,1.0,4.343805421853684,8.0,3.0,4.0,1.0,4
27762,3,0.0,0.0,1.0,1,1,1.0986122886681098,1.0,3.044522437723423,8.0,3.0,4.0,1.0,2
27764,3,0.0,0.0,2.0,4,2,1.9459101490553132,2.0,4.382026634673881,8.0,3.0,4.0,1.0,2
27765,3,0.0,0.0,1.0,1,1,2.3978952727983707,1.0,3.6888794541139363,8.0,2.0,4.0,1.0,7
27767,3,0.0,0.0,1.0,1,1,2.5649493574615367,2.0,3.970291913552122,8.0,6.0,4.0,2.0,6
27770,3,0.0,0.0,2.0,1,1,1.0986122886681098,2.0,3.295836866004329,2.0,3.0,4.0,1.0,5
27774,3,0.0,0.0,2.0,4,1,2.0794415416798357,1.0,2.8903717578961645,8.0,6.0,4.0,1.0,3
27778,2,0.0,0.0,2.0,4,1,1.0986122886681098,1.0,3.1354942159291497,8.0,8.0,4.0,1.0,5
27779,3,0.0,0.0,1.0,1,1,2.5649493574615367,2.0,4.0943445622221,1.0,3.0,4.0,2.0,1
27781,2,0.0,0.0,4.0,4,8,1.0986122886681098,1.0,3.044522437723423,1.0,3.0,4.0,1.0,1
27782,2,0.0,0.0,4.0,4,8,1.0986122886681098,1.0,3.044522437723423,1.0,3.0,4.0,1.0,1
27783,2,0.0,0.0,4.0,4,8,1.0986122886681098,1.0,3.044522437723423,1.0,3.0,4.0,1.0,1
27788,3,0.0,0.0,1.0,1,1,1.791759469228055,2.0,4.1588830833596715,8.0,3.0,4.0,1.0,6
27790,3,0.0,0.0,2.0,4,8,1.9459101490553132,2.0,3.871201010907891,8.0,2.0,4.0,1.0,7
27792,3,0.0,0.0,1.0,1,1,2.4849066497880004,1.0,4.477336814478207,2.0,3.0,4.0,1.0,7
27795,3,0.0,0.0,1.0,4,1,2.4849066497880004,1.0,4.356708826689592,8.0,3.0,4.0,1.0,3
27796,3,0.0,0.0,1.0,4,1,2.4849066497880004,1.0,4.356708826689592,8.0,3.0,4.0,1.0,3
27814,3,0.0,1.0,1.0,1,1,2.3978952727983707,2.0,3.6375861597263857,1.0,3.0,4.0,1.0,4
27819,3,0.0,0.0,1.0,1,1,1.3862943611198906,2.0,3.258096538021482,8.0,3.0,4.0,1.0,1
27824,3,0.0,0.0,1.0,1,1,3.1780538303479458,1.0,3.970291913552122,8.0,3.0,4.0,1.0,3
27827,3,0.0,0.0,2.0,1,2,1.0986122886681098,2.0,4.04305126783455,8.0,3.0,4.0,1.0,5
27830,3,0.0,0.0,2.0,1,1,2.0794415416798357,1.0,4.553876891600541,8.0,3.0,4.0,1.0,5
27836,2,0.0,0.0,2.0,1,2,1.6094379124341003,1.0,3.6635616461296463,8.0,6.0,4.0,1.0,7
27837,2,0.0,0.0,2.0,1,2,1.6094379124341003,1.0,3.6635616461296463,8.0,6.0,4.0,1.0,7
27840,3,0.0,0.0,2.0,1,3,1.9459101490553132,2.0,3.4339872044851463,8.0,3.0,4.0,2.0,3
27843,3,0.0,0.0,1.0,1,1,1.0986122886681098,1.0,3.9318256327243257,8.0,6.0,4.0,1.0,5
27846,3,0.0,0.0,1.0,1,1,2.5649493574615367,2.0,3.828641396489095,8.0,3.0,4.0,1.0,1
27855,3,0.0,0.0,1.0,1,1,2.833213344056216,1.0,3.9318256327243257,8.0,2.0,4.0,1.0,4
27856,3,0.0,0.0,1.0,4,1,1.9459101490553132,2.0,3.258096538021482,8.0,6.0,2.0,1.0,6
27858,3,0.0,0.0,1.0,1,1,2.4849066497880004,2.0,3.367295829986474,8.0,3.0,4.0,2.0,7
27863,3,0.0,0.0,1.0,1,1,2.5649493574615367,1.0,3.6635616461296463,8.0,3.0,4.0,1.0,5
27869,3,0.0,0.0,1.0,4,1,1.9459101490553132,2.0,4.02535169073515,8.0,6.0,4.0,1.0,5
27876,3,0.0,0.0,1.0,1,1,2.4849066497880004,2.0,4.189654742026425,8.0,2.0,4.0,1.0,4
27877,3,0.0,0.0,1.0,1,1,0.6931471805599453,1.0,3.7376696182833684,8.0,2.0,4.0,1.0,4
27884,3,0.0,0.0,1.0,4,1,2.0794415416798357,2.0,3.5263605246161616,1.0,3.0,4.0,1.0,6
27885,3,0.0,0.0,1.0,4,1,2.0794415416798357,2.0,3.5263605246161616,1.0,3.0,4.0,1.0,6
27887,2,0.0,0.0,1.0,4,1,1.791759469228055,1.0,3.091042453358316,8.0,6.0,4.0,1.0,3
27891,3,0.0,0.0,1.0,1,1,1.6094379124341003,1.0,3.295836866004329,8.0,3.0,4.0,1.0,5
27893,3,0.0,0.0,1.0,1,1,1.3862943611198906,1.0,3.7612001156935624,8.0,1.0,4.0,1.0,3
27895,3,0.0,0.0,1.0,4,1,2.5649493574615367,1.0,4.418840607796598,8.0,3.0,4.0,1.0,3
27897,3,0.0,0.0,1.0,1,1,1.791759469228055,1.0,4.174387269895637,8.0,3.0,4.0,1.0,4
27902,3,0.0,0.0,1.0,1,1,2.0794415416798357,2.0,4.248495242049359,8.0,6.0,4.0,1.0,2
27903,3,0.0,0.0,1.0,4,1,2.5649493574615367,1.0,3.7612001156935624,8.0,3.0,4.0,1.0,6
27905,3,0.0,0.0,1.0,4,1,0.6931471805599453,1.0,3.6109179126442243,8.0,3.0,4.0,1.0,7
27906,3,0.0,0.0,1.0,1,1,2.4849066497880004,2.0,3.258096538021482,8.0,3.0,4.0,1.0,2
27924,3,0.0,0.0,1.0,1,1,1.3862943611198906,1.0,3.7612001156935624,8.0,3.0,4.0,1.0,3
27927,3,0.0,0.0,1.0,1,1,1.6094379124341003,1.0,4.174387269895637,8.0,1.0,4.0,1.0,2
27933,3,0.0,0.0,2.0,1,2,1.791759469228055,1.0,3.9512437185814275,1.0,8.0,4.0,1.0,7
27935,3,0.0,0.0,1.0,1,1,2.3978952727983707,2.0,3.713572066704308,2.0,3.0,4.0,1.0,3
27939,3,0.0,3.0,1.0,4,1,2.70805020110221,2.0,3.6888794541139363,8.0,1.0,4.0,1.0,3
27940,3,0.0,1.0,2.0,4,2,2.833213344056216,1.0,3.970291913552122,1.0,3.0,4.0,1.0,1
27943,3,0.0,0.0,1.0,1,1,1.0986122886681098,1.0,3.7612001156935624,8.0,6.0,2.0,1.0,3
27948,3,0.0,0.0,1.0,1,1,1.791759469228055,2.0,4.127134385045092,8.0,3.0,4.0,1.0,2
27952,3,0.0,0.0,1.0,1,1,0.6931471805599453,1.0,4.060443010546419,2.0,3.0,4.0,1.0,4
27954,3,0.0,0.0,1.0,4,1,0.6931471805599453,1.0,3.091042453358316,8.0,3.0,4.0,1.0,3
27961,3,0.0,0.0,1.0,1,1,1.6094379124341003,2.0,2.995732273553991,8.0,3.0,4.0,1.0,2
27962,3,0.0,1.0,1.0,1,1,1.0986122886681098,1.0,4.204692619390966,2.0,3.0,4.0,1.0,5
27970,3,0.0,0.0,1.0,1,1,2.302585092994046,1.0,2.995732273553991,1.0,1.0,4.0,2.0,6
27971,3,0.0,0.0,1.0,1,1,2.302585092994046,1.0,2.995732273553991,1.0,1.0,4.0,2.0,6
27975,3,0.0,0.0,1.0,1,1,2.70805020110221,1.0,3.7612001156935624,1.0,3.0,4.0,1.0,7
27977,3,0.0,0.0,1.0,1,1,2.4849066497880004,1.0,3.912023005428146,8.0,6.0,4.0,1.0,5
27979,3,0.0,0.0,1.0,1,1,2.302585092994046,2.0,3.295836866004329,8.0,8.0,4.0,1.0,5
27983,3,0.0,0.0,1.0,1,1,1.791759469228055,1.0,3.7376696182833684,8.0,3.0,4.0,1.0,6
27989,3,0.0,0.0,1.0,4,1,1.3862943611198906,1.0,3.6888794541139363,2.0,3.0,4.0,1.0,4
28003,3,0.0,0.0,1.0,4,1,1.3862943611198906,1.0,2.995732273553991,8.0,6.0,4.0,1.0,6
28004,3,0.0,2.0,1.0,1,1,1.6094379124341003,1.0,3.784189633918261,1.0,3.0,4.0,1.0,4
28018,3,0.0,0.0,1.0,1,1,1.9459101490553132,1.0,3.871201010907891,8.0,8.0,4.0,2.0,4
28020,3,0.0,0.0,2.0,4,1,2.5649493574615367,1.0,3.091042453358316,1.0,3.0,4.0,1.0,3
28032,3,0.0,0.0,1.0,1,1,2.5649493574615367,2.0,3.295836866004329,8.0,3.0,4.0,1.0,4
28033,3,0.0,0.0,1.0,1,1,2.5649493574615367,2.0,3.295836866004329,8.0,3.0,4.0,1.0,4
28038,3,0.0,0.0,1.0,1,1,0.6931471805599453,1.0,3.332204510175204,8.0,3.0,4.0,1.0,6
28039,3,0.0,0.0,1.0,1,1,1.791759469228055,1.0,3.828641396489095,8.0,2.0,4.0,1.0,6
28042,3,0.0,0.0,1.0,1,1,1.9459101490553132,1.0,3.970291913552122,8.0,3.0,4.0,1.0,7
28048,3,0.0,0.0,1.0,4,1,2.4849066497880004,2.0,3.713572066704308,2.0,2.0,4.0,1.0,2
28053,3,0.0,0.0,1.0,1,1,1.9459101490553132,1.0,3.4657359027997265,8.0,6.0,4.0,1.0,5
28054,3,0.0,0.0,1.0,1,1,1.9459101490553132,1.0,3.4657359027997265,8.0,6.0,4.0,1.0,5
28058,3,0.0,0.0,1.0,1,1,1.9459101490553132,1.0,3.6109179126442243,8.0,3.0,4.0,1.0,7
28063,2,0.0,0.0,1.0,1,1,0.6931471805599453,1.0,3.258096538021482,8.0,3.0,4.0,1.0,5
28064,2,0.0,0.0,1.0,1,1,2.302585092994046,1.0,3.1354942159291497,8.0,3.0,4.0,1.0,5
28066,3,0.0,0.0,1.0,1,1,2.302585092994046,2.0,3.6888794541139363,1.0,1.0,4.0,1.0,6
28067,3,0.0,0.0,1.0,1,1,0.6931471805599453,1.0,3.295836866004329,1.0,3.0,4.0,1.0,6
28074,3,0.0,0.0,1.0,1,1,2.6390573296152584,1.0,4.30406509320417,8.0,3.0,4.0,1.0,6
28075,3,0.0,0.0,1.0,1,1,2.6390573296152584,1.0,4.30406509320417,8.0,3.0,4.0,1.0,6
28079,2,0.0,0.0,1.0,1,1,1.6094379124341003,2.0,3.2188758248682006,8.0,2.0,4.0,1.0,2
28083,3,0.0,0.0,1.0,1,1,2.1972245773362196,1.0,3.258096538021482,8.0,3.0,4.0,1.0,2
28090,3,0.0,0.0,1.0,1,1,1.791759469228055,1.0,4.07753744390572,8.0,3.0,4.0,1.0,3
28092,3,0.0,0.0,1.0,4,1,0.6931471805599453,2.0,3.367295829986474,8.0,3.0,4.0,1.0,5
28095,3,0.0,0.0,1.0,4,1,2.4849066497880004,1.0,2.9444389791664403,8.0,2.0,4.0,1.0,5
28096,3,0.0,0.0,1.0,4,1,2.4849066497880004,1.0,2.9444389791664403,8.0,2.0,4.0,1.0,5
28097,3,0.0,0.0,1.0,4,1,2.4849066497880004,1.0,3.9512437185814275,8.0,2.0,4.0,1.0,5
28104,3,0.0,0.0,1.0,1,1,2.3978952727983707,2.0,3.6635616461296463,8.0,3.0,4.0,1.0,4
28107,3,0.0,0.0,1.0,1,1,2.995732273553991,1.0,3.258096538021482,8.0,6.0,4.0,1.0,7
28110,3,0.0,0.0,1.0,4,1,1.3862943611198906,1.0,2.8903717578961645,8.0,3.0,4.0,1.0,4
28111,3,0.0,0.0,1.0,1,1,1.9459101490553132,2.0,4.007333185232471,8.0,3.0,4.0,1.0,7
28125,3,0.0,1.0,1.0,1,1,1.3862943611198906,1.0,3.8501476017100584,8.0,3.0,4.0,1.0,5
28126,3,0.0,0.0,1.0,1,1,2.302585092994046,1.0,3.6635616461296463,8.0,3.0,4.0,1.0,7
28128,3,0.0,0.0,1.0,1,1,2.3978952727983707,2.0,3.044522437723423,8.0,3.0,4.0,1.0,2
28129,3,0.0,0.0,1.0,1,1,1.791759469228055,1.0,3.4339872044851463,8.0,3.0,4.0,1.0,2
28131,3,0.0,0.0,1.0,4,1,2.833213344056216,1.0,3.091042453358316,8.0,3.0,4.0,1.0,6
28135,3,0.0,0.0,1.0,1,1,2.772588722239781,2.0,4.31748811353631,8.0,3.0,4.0,1.0,7
28146,3,0.0,0.0,1.0,1,1,1.6094379124341003,2.0,3.9889840465642745,8.0,2.0,4.0,1.0,2
28150,3,0.0,0.0,1.0,1,1,3.044522437723423,2.0,4.204692619390966,8.0,3.0,4.0,1.0,5
28152,3,0.0,0.0,1.0,1,1,0.6931471805599453,2.0,2.995732273553991,8.0,3.0,4.0,1.0,6
28157,3,0.0,0.0,1.0,1,1,2.0794415416798357,1.0,3.7612001156935624,8.0,3.0,4.0,1.0,3
28160,3,0.0,3.0,1.0,4,1,1.791759469228055,1.0,3.044522437723423,2.0,3.0,4.0,1.0,2
28166,2,0.0,0.0,1.0,1,1,2.772588722239781,1.0,3.4657359027997265,8.0,3.0,4.0,1.0,3
28178,3,0.0,0.0,1.0,1,1,2.6390573296152584,2.0,3.8501476017100584,8.0,6.0,4.0,1.0,5
28180,3,0.0,0.0,1.0,1,1,2.4849066497880004,2.0,3.8066624897703196,8.0,3.0,2.0,2.0,3
28192,3,0.0,0.0,1.0,1,1,2.0794415416798357,1.0,3.5263605246161616,8.0,3.0,4.0,1.0,3
28195,3,0.0,0.0,1.0,1,1,2.0794415416798357,1.0,4.04305126783455,1.0,3.0,2.0,2.0,2
28198,3,0.0,0.0,1.0,1,1,0.6931471805599453,1.0,3.828641396489095,8.0,3.0,4.0,1.0,3
28200,3,0.0,0.0,1.0,1,1,2.1972245773362196,2.0,3.9318256327243257,8.0,3.0,4.0,1.0,3
28202,3,0.0,0.0,1.0,1,1,2.4849066497880004,1.0,3.5263605246161616,2.0,3.0,4.0,1.0,5
28204,3,0.0,0.0,2.0,1,2,1.791759469228055,1.0,3.6888794541139363,8.0,6.0,4.0,1.0,5
28205,3,0.0,0.0,1.0,1,1,1.9459101490553132,2.0,3.9318256327243257,8.0,2.0,4.0,2.0,4
28207,3,0.0,0.0,1.0,1,1,2.1972245773362196,1.0,4.3694478524670215,1.0,3.0,2.0,1.0,5
28208,3,0.0,0.0,1.0,1,1,1.791759469228055,1.0,3.58351893845611,1.0,3.0,2.0,1.0,5
28209,3,0.0,0.0,1.0,1,1,1.6094379124341003,2.0,3.295836866004329,8.0,3.0,4.0,1.0,5
28214,3,0.0,0.0,2.0,1,1,2.1972245773362196,1.0,3.713572066704308,8.0,3.0,2.0,1.0,6
28215,3,0.0,0.0,1.0,1,1,0.6931471805599453,1.0,3.091042453358316,8.0,2.0,4.0,1.0,6
28221,3,0.0,0.0,2.0,4,8,2.833213344056216,2.0,3.4657359027997265,8.0,3.0,4.0,1.0,7
28225,3,0.0,0.0,1.0,1,1,1.791759469228055,1.0,4.127134385045092,1.0,3.0,4.0,1.0,5
28226,3,0.0,0.0,1.0,1,1,1.791759469228055,1.0,4.127134385045092,1.0,3.0,4.0,1.0,5
28232,3,0.0,0.0,1.0,1,1,1.6094379124341003,1.0,3.6635616461296463,8.0,3.0,4.0,1.0,5
28237,3,0.0,0.0,1.0,1,1,1.9459101490553132,1.0,3.2188758248682006,8.0,6.0,4.0,1.0,2
28242,3,0.0,0.0,1.0,1,1,2.1972245773362196,1.0,3.5263605246161616,8.0,3.0,4.0,1.0,6
28245,3,0.0,0.0,1.0,1,1,1.6094379124341003,1.0,3.713572066704308,8.0,6.0,4.0,1.0,6
28248,3,0.0,0.0,1.0,1,1,1.3862943611198906,1.0,3.332204510175204,1.0,3.0,4.0,1.0,7
28249,3,0.0,0.0,1.0,1,1,1.3862943611198906,1.0,3.332204510175204,1.0,3.0,4.0,1.0,7
28250,3,0.0,9.0,1.0,1,1,2.5649493574615367,2.0,3.6888794541139363,1.0,3.0,4.0,1.0,5
28259,3,0.0,0.0,1.0,1,1,2.1972245773362196,1.0,4.31748811353631,8.0,3.0,4.0,1.0,4
28265,3,0.0,1.0,2.0,1,2,2.1972245773362196,2.0,3.2188758248682006,1.0,3.0,4.0,1.0,5
28267,3,0.0,0.0,1.0,1,1,2.3978952727983707,2.0,3.295836866004329,8.0,3.0,4.0,1.0,7
28273,3,0.0,0.0,1.0,1,1,2.302585092994046,2.0,4.204692619390966,8.0,6.0,4.0,1.0,4
28275,3,0.0,0.0,1.0,1,1,0.6931471805599453,1.0,3.1354942159291497,8.0,3.0,2.0,1.0,6
28276,3,0.0,0.0,1.0,1,1,0.6931471805599453,1.0,3.1354942159291497,8.0,3.0,2.0,1.0,6
28281,3,0.0,1.0,1.0,1,1,0.6931471805599453,2.0,3.367295829986474,8.0,3.0,4.0,1.0,6
28282,3,0.0,0.0,1.0,4,1,0.6931471805599453,1.0,2.995732273553991,8.0,3.0,4.0,1.0,3
28285,3,0.0,0.0,1.0,1,1,2.3978952727983707,2.0,3.8501476017100584,8.0,3.0,4.0,1.0,3
28286,3,0.0,0.0,1.0,1,1,2.6390573296152584,1.0,3.8501476017100584,8.0,2.0,4.0,1.0,1
28290,3,0.0,0.0,1.0,1,1,2.0794415416798357,1.0,3.7376696182833684,8.0,3.0,4.0,1.0,5
28292,3,0.0,0.0,1.0,1,1,4.02535169073515,1.0,4.1588830833596715,8.0,3.0,4.0,1.0,6
28293,3,0.0,0.0,1.0,1,1,2.0794415416798357,2.0,3.1354942159291497,8.0,3.0,4.0,1.0,3
28295,3,0.0,0.0,1.0,1,1,2.302585092994046,2.0,3.1780538303479458,8.0,3.0,4.0,1.0,7
28297,3,0.0,0.0,1.0,1,1,2.1972245773362196,1.0,3.2188758248682006,8.0,6.0,2.0,1.0,1
28302,3,0.0,0.0,1.0,1,1,2.9444389791664403,2.0,3.295836866004329,8.0,3.0,4.0,1.0,7
28303,3,0.0,0.0,1.0,1,1,2.5649493574615367,1.0,3.091042453358316,8.0,3.0,4.0,1.0,7
28304,3,0.0,0.0,1.0,1,1,1.3862943611198906,2.0,3.713572066704308,8.0,3.0,4.0,1.0,6
28307,3,0.0,0.0,1.0,1,1,2.1972245773362196,1.0,2.833213344056216,8.0,3.0,4.0,1.0,1
28308,3,0.0,1.0,1.0,1,1,1.6094379124341003,2.0,3.7612001156935624,8.0,6.0,4.0,1.0,2
28310,3,0.0,0.0,1.0,1,1,2.70805020110221,1.0,3.7612001156935624,8.0,2.0,4.0,1.0,6
28312,3,0.0,0.0,1.0,1,1,2.6390573296152584,1.0,3.5263605246161616,8.0,3.0,4.0,1.0,2
28317,3,0.0,0.0,1.0,4,1,1.791759469228055,1.0,2.9444389791664403,2.0,6.0,4.0,1.0,7
28321,3,0.0,0.0,1.0,1,1,1.0986122886681098,1.0,4.2626798770413155,8.0,3.0,4.0,2.0,3
28326,2,0.0,0.0,1.0,1,1,2.5649493574615367,1.0,3.970291913552122,8.0,3.0,4.0,1.0,4
28327,2,0.0,0.0,1.0,1,1,2.3978952727983707,1.0,3.9318256327243257,8.0,3.0,4.0,1.0,4
28335,3,0.0,0.0,1.0,1,1,2.0794415416798357,2.0,3.4011973816621555,8.0,3.0,4.0,1.0,2
28339,2,0.0,0.0,1.0,1,1,2.4849066497880004,1.0,4.143134726391533,8.0,3.0,4.0,1.0,7
28340,2,0.0,0.0,1.0,1,1,2.4849066497880004,1.0,4.143134726391533,8.0,3.0,4.0,1.0,7
28341,2,0.0,0.0,1.0,1,1,2.6390573296152584,2.0,3.7612001156935624,8.0,3.0,4.0,1.0,7
28342,3,0.0,0.0,1.0,1,1,1.3862943611198906,2.0,3.4339872044851463,8.0,3.0,2.0,1.0,2
28343,3,0.0,0.0,1.0,1,1,2.302585092994046,1.0,3.367295829986474,8.0,3.0,2.0,1.0,2
28346,3,0.0,0.0,1.0,1,1,1.9459101490553132,2.0,3.6109179126442243,8.0,1.0,4.0,1.0,3
28357,3,0.0,0.0,1.0,1,1,2.0794415416798357,1.0,3.6109179126442243,8.0,6.0,4.0,1.0,5
28360,3,0.0,0.0,1.0,1,1,2.833213344056216,1.0,3.8501476017100584,8.0,3.0,4.0,1.0,4
28361,3,0.0,0.0,1.0,4,1,2.1972245773362196,1.0,3.6635616461296463,8.0,3.0,4.0,1.0,4
28366,3,0.0,0.0,1.0,1,1,1.0986122886681098,2.0,3.7376696182833684,8.0,3.0,4.0,1.0,2
28367,3,0.0,0.0,1.0,1,1,1.0986122886681098,2.0,3.7376696182833684,8.0,3.0,4.0,1.0,2
28372,3,0.0,0.0,1.0,1,1,2.5649493574615367,2.0,3.58351893845611,8.0,3.0,4.0,1.0,2
28379,3,0.0,0.0,1.0,1,1,2.4849066497880004,1.0,4.02535169073515,8.0,6.0,4.0,1.0,3
28397,3,0.0,0.0,1.0,1,1,2.4849066497880004,2.0,3.9318256327243257,8.0,3.0,4.0,1.0,3