accident_severity,special_conditions_at_site,pedestrian_movement,road_surface_conditions,light_conditions,weather_conditions,age_of_vehicle,sex_of_driver,age_of_driver,junction_location,junction_detail,junction_control,did_police_officer_attend_scene_of_accident,day_of_week
28400,3,0.0,0.0,1.0,1,1,1.6094379124341003,1.0,3.4965075614664802,8.0,3.0,4.0,1.0,6
28403,3,0.0,0.0,1.0,1,1,1.9459101490553132,1.0,3.091042453358316,8.0,3.0,4.0,1.0,5
28409,3,0.0,0.0,1.0,1,1,1.6094379124341003,1.0,3.9512437185814275,8.0,1.0,4.0,1.0,2
28413,3,0.0,0.0,1.0,1,1,2.5649493574615367,1.0,3.4657359027997265,8.0,3.0,2.0,2.0,2
28418,2,0.0,0.0,1.0,1,1,2.0794415416798357,1.0,2.833213344056216,8.0,6.0,4.0,1.0,6
28423,3,0.0,0.0,1.0,1,1,0.6931471805599453,2.0,3.7376696182833684,8.0,3.0,4.0,1.0,6
28426,3,0.0,0.0,1.0,1,1,2.3978952727983707,1.0,3.044522437723423,8.0,3.0,2.0,1.0,5
28433,3,0.0,2.0,1.0,1,1,2.0794415416798357,1.0,4.3694478524670215,8.0,3.0,4.0,1.0,3
28448,3,0.0,0.0,1.0,1,1,0.6931471805599453,1.0,2.995732273553991,8.0,3.0,4.0,1.0,1
28450,3,0.0,0.0,1.0,1,1,2.3978952727983707,1.0,4.465908118654584,8.0,2.0,4.0,1.0,4
28451,3,0.0,0.0,1.0,1,1,2.6390573296152584,2.0,3.367295829986474,8.0,2.0,4.0,1.0,4
28452,3,0.0,0.0,1.0,1,1,2.70805020110221,1.0,3.4339872044851463,8.0,3.0,4.0,1.0,4
28460,3,0.0,0.0,1.0,1,1,1.791759469228055,2.0,4.189654742026425,8.0,6.0,2.0,1.0,2
28464,3,0.0,0.0,1.0,1,1,1.6094379124341003,2.0,3.5263605246161616,8.0,3.0,4.0,1.0,2
28478,3,0.0,0.0,1.0,1,1,1.6094379124341003,1.0,4.02535169073515,8.0,3.0,2.0,2.0,2
28481,3,0.0,0.0,1.0,1,1,2.8903717578961645,1.0,3.044522437723423,8.0,2.0,4.0,2.0,6
28486,3,0.0,0.0,1.0,1,1,1.3862943611198906,1.0,4.007333185232471,8.0,3.0,4.0,1.0,5
28488,2,0.0,0.0,1.0,1,1,3.5263605246161616,1.0,3.8918202981106265,8.0,3.0,4.0,1.0,6
28490,3,0.0,0.0,1.0,1,1,1.9459101490553132,1.0,3.9318256327243257,8.0,3.0,4.0,1.0,5
28491,3,0.0,0.0,1.0,1,1,1.9459101490553132,1.0,3.9318256327243257,8.0,3.0,4.0,1.0,5
28492,3,0.0,0.0,1.0,1,1,1.9459101490553132,1.0,3.9318256327243257,8.0,3.0,4.0,1.0,5
28495,3,0.0,0.0,1.0,1,1,0.6931471805599453,1.0,3.8918202981106265,8.0,3.0,4.0,1.0,7
28500,3,0.0,0.0,1.0,1,1,2.302585092994046,1.0,3.295836866004329,8.0,3.0,4.0,1.0,5
28502,3,0.0,0.0,1.0,1,1,2.772588722239781,1.0,4.465908118654584,8.0,3.0,4.0,1.0,2
28506,3,0.0,0.0,1.0,4,1,1.3862943611198906,1.0,3.1354942159291497,8.0,6.0,4.0,1.0,2
28509,3,0.0,0.0,1.0,1,1,2.0794415416798357,2.0,2.995732273553991,8.0,3.0,4.0,1.0,5
28510,3,0.0,0.0,1.0,1,1,2.6390573296152584,2.0,3.7612001156935624,8.0,3.0,4.0,1.0,5
28511,3,0.0,0.0,1.0,1,1,2.6390573296152584,2.0,3.7612001156935624,8.0,3.0,4.0,1.0,5
28527,3,0.0,0.0,1.0,4,1,0.6931471805599453,1.0,3.8066624897703196,1.0,3.0,4.0,1.0,2
28529,3,0.0,0.0,1.0,1,1,1.0986122886681098,1.0,3.258096538021482,8.0,3.0,4.0,1.0,4
28533,3,0.0,0.0,1.0,1,1,2.5649493574615367,2.0,3.9318256327243257,8.0,3.0,4.0,1.0,6
28537,3,0.0,0.0,1.0,1,1,1.3862943611198906,2.0,4.1588830833596715,8.0,3.0,4.0,1.0,1
28538,3,0.0,0.0,1.0,1,1,2.772588722239781,1.0,3.295836866004329,8.0,3.0,4.0,1.0,1
28541,3,0.0,1.0,1.0,1,1,1.0986122886681098,1.0,3.713572066704308,8.0,3.0,4.0,1.0,1
28546,3,0.0,0.0,1.0,1,1,1.6094379124341003,1.0,3.2188758248682006,8.0,1.0,4.0,1.0,4
28553,3,0.0,0.0,1.0,1,1,1.3862943611198906,1.0,3.091042453358316,8.0,3.0,4.0,1.0,3
28558,3,0.0,0.0,1.0,1,1,2.1972245773362196,1.0,3.2188758248682006,8.0,6.0,4.0,1.0,1
28560,3,0.0,0.0,1.0,1,1,1.9459101490553132,1.0,4.127134385045092,8.0,3.0,4.0,1.0,5
28576,3,0.0,0.0,1.0,1,1,1.9459101490553132,2.0,3.6635616461296463,8.0,2.0,4.0,1.0,3
28578,3,0.0,0.0,1.0,1,1,2.302585092994046,1.0,3.4339872044851463,8.0,3.0,4.0,1.0,7
28579,3,0.0,0.0,1.0,1,1,2.6390573296152584,2.0,3.8918202981106265,8.0,3.0,4.0,1.0,7
28580,3,0.0,0.0,1.0,1,1,2.6390573296152584,2.0,3.8918202981106265,8.0,3.0,4.0,1.0,7
28585,3,0.0,0.0,1.0,1,1,1.6094379124341003,1.0,3.6109179126442243,8.0,3.0,4.0,1.0,2
28597,3,0.0,0.0,1.0,1,1,0.6931471805599453,2.0,4.02535169073515,8.0,3.0,4.0,1.0,2
28598,3,0.0,0.0,1.0,1,1,1.9459101490553132,1.0,3.7376696182833684,8.0,3.0,4.0,2.0,4
28600,2,0.0,0.0,1.0,1,1,2.5649493574615367,1.0,3.044522437723423,8.0,3.0,4.0,1.0,5
28602,3,0.0,0.0,1.0,1,1,2.5649493574615367,1.0,3.332204510175204,8.0,6.0,4.0,1.0,2
28603,3,0.0,0.0,1.0,1,1,2.5649493574615367,1.0,3.1354942159291497,8.0,3.0,4.0,1.0,3
28608,3,0.0,0.0,1.0,1,1,2.70805020110221,1.0,2.995732273553991,8.0,3.0,2.0,1.0,7
28617,3,0.0,0.0,1.0,1,1,2.0794415416798357,2.0,3.713572066704308,8.0,3.0,4.0,1.0,7
28619,3,0.0,0.0,1.0,1,1,1.3862943611198906,1.0,4.3694478524670215,8.0,3.0,4.0,1.0,4
28620,3,0.0,0.0,1.0,1,1,2.5649493574615367,1.0,3.367295829986474,8.0,3.0,4.0,1.0,6
28625,3,0.0,0.0,1.0,1,1,2.3978952727983707,1.0,3.044522437723423,8.0,3.0,4.0,1.0,3
28633,3,0.0,0.0,1.0,1,1,2.3978952727983707,2.0,3.6109179126442243,8.0,1.0,4.0,1.0,5
28636,3,0.0,0.0,1.0,1,1,2.302585092994046,2.0,3.044522437723423,8.0,3.0,4.0,1.0,6
28639,3,0.0,0.0,1.0,1,1,1.3862943611198906,2.0,3.295836866004329,8.0,3.0,2.0,1.0,3
28640,3,0.0,0.0,1.0,1,1,0.6931471805599453,1.0,3.5553480614894135,8.0,3.0,2.0,1.0,3
28643,3,0.0,0.0,1.0,1,1,1.3862943611198906,1.0,3.258096538021482,8.0,2.0,4.0,1.0,5
28646,3,0.0,0.0,1.0,1,1,0.6931471805599453,2.0,3.091042453358316,8.0,6.0,4.0,1.0,2
28649,3,0.0,0.0,1.0,1,1,2.302585092994046,2.0,3.8501476017100584,8.0,3.0,4.0,1.0,6
28651,3,0.0,0.0,1.0,1,1,0.6931471805599453,1.0,3.258096538021482,8.0,3.0,4.0,1.0,2
28653,3,0.0,0.0,1.0,1,1,0.6931471805599453,1.0,3.091042453358316,8.0,3.0,4.0,1.0,3
28666,3,0.0,0.0,1.0,1,1,0.6931471805599453,2.0,3.044522437723423,8.0,3.0,4.0,1.0,4
28670,3,0.0,0.0,1.0,1,1,2.3978952727983707,1.0,3.4339872044851463,8.0,3.0,4.0,1.0,3
28671,3,0.0,0.0,1.0,1,1,2.6390573296152584,2.0,3.6635616461296463,8.0,3.0,4.0,1.0,3
28673,2,0.0,0.0,1.0,1,1,1.9459101490553132,1.0,3.2188758248682006,8.0,3.0,4.0,1.0,7
28680,3,0.0,0.0,1.0,1,1,1.0986122886681098,1.0,4.204692619390966,8.0,3.0,4.0,1.0,5
28683,3,0.0,0.0,1.0,1,1,2.4849066497880004,1.0,3.9889840465642745,8.0,3.0,4.0,1.0,5
28685,3,0.0,0.0,1.0,4,1,2.302585092994046,1.0,3.295836866004329,8.0,3.0,4.0,1.0,2
28691,3,0.0,0.0,1.0,1,1,2.1972245773362196,2.0,3.9889840465642745,8.0,3.0,4.0,1.0,4
28697,3,0.0,0.0,1.0,1,1,2.0794415416798357,2.0,3.8066624897703196,8.0,3.0,4.0,1.0,3
28700,3,0.0,0.0,1.0,1,1,1.791759469228055,1.0,3.091042453358316,8.0,3.0,4.0,1.0,3
28711,3,0.0,0.0,1.0,1,1,3.713572066704308,1.0,3.8501476017100584,8.0,3.0,4.0,1.0,5
28713,3,0.0,2.0,1.0,1,1,1.6094379124341003,1.0,3.7612001156935624,8.0,3.0,4.0,1.0,4
28727,3,0.0,0.0,1.0,1,1,2.302585092994046,1.0,2.9444389791664403,8.0,3.0,4.0,1.0,7
28728,3,0.0,0.0,1.0,1,1,2.833213344056216,2.0,4.343805421853684,8.0,1.0,4.0,1.0,2
28733,3,0.0,0.0,1.0,1,1,2.302585092994046,2.0,2.9444389791664403,8.0,3.0,4.0,1.0,3
28734,3,0.0,0.0,1.0,1,1,1.6094379124341003,2.0,3.6375861597263857,8.0,3.0,4.0,1.0,3
28735,3,0.0,0.0,1.0,1,1,2.4849066497880004,1.0,3.4339872044851463,8.0,3.0,4.0,1.0,5
28745,3,0.0,1.0,1.0,1,1,1.6094379124341003,1.0,3.4657359027997265,8.0,3.0,4.0,1.0,1
28753,3,0.0,0.0,1.0,1,1,2.772588722239781,1.0,3.7612001156935624,8.0,3.0,4.0,1.0,4
28757,3,0.0,0.0,1.0,1,1,1.0986122886681098,2.0,3.8501476017100584,8.0,3.0,4.0,1.0,2
28758,3,0.0,0.0,1.0,1,1,2.0794415416798357,1.0,3.9318256327243257,8.0,3.0,4.0,1.0,2
28759,3,0.0,0.0,1.0,5,1,2.1972245773362196,1.0,4.07753744390572,8.0,3.0,4.0,1.0,1
28760,3,0.0,0.0,1.0,5,1,1.6094379124341003,1.0,3.7376696182833684,8.0,3.0,4.0,1.0,1
28762,3,0.0,0.0,1.0,1,1,2.6390573296152584,2.0,3.9512437185814275,8.0,3.0,4.0,1.0,7
28763,3,0.0,0.0,1.0,1,1,2.6390573296152584,2.0,3.9512437185814275,8.0,3.0,4.0,1.0,7
28765,3,0.0,0.0,2.0,1,2,1.6094379124341003,2.0,3.044522437723423,2.0,3.0,4.0,1.0,5
28766,3,0.0,0.0,1.0,1,1,2.6390573296152584,2.0,3.7612001156935624,8.0,3.0,4.0,1.0,7
28768,3,0.0,0.0,1.0,1,1,0.6931471805599453,2.0,3.7612001156935624,8.0,3.0,4.0,1.0,4
28778,3,0.0,0.0,1.0,1,1,2.1972245773362196,2.0,4.007333185232471,8.0,6.0,4.0,1.0,7
28782,3,0.0,0.0,1.0,1,1,2.6390573296152584,2.0,3.4657359027997265,8.0,3.0,4.0,1.0,3
28783,3,0.0,0.0,1.0,1,1,0.6931471805599453,2.0,3.2188758248682006,8.0,3.0,4.0,1.0,3
28784,3,0.0,0.0,1.0,1,1,0.6931471805599453,2.0,3.2188758248682006,8.0,3.0,4.0,1.0,3
28787,3,0.0,0.0,1.0,1,1,1.791759469228055,2.0,3.5553480614894135,8.0,3.0,4.0,1.0,4
28789,3,0.0,0.0,1.0,4,1,2.1972245773362196,1.0,2.8903717578961645,8.0,3.0,4.0,1.0,7
28792,3,0.0,0.0,1.0,1,1,1.0986122886681098,1.0,3.2188758248682006,8.0,1.0,4.0,1.0,1
28795,3,0.0,0.0,1.0,1,1,3.1354942159291497,1.0,3.7612001156935624,8.0,6.0,2.0,1.0,5
28797,3,0.0,0.0,1.0,1,1,1.9459101490553132,2.0,3.091042453358316,8.0,3.0,4.0,1.0,2
28799,3,0.0,0.0,1.0,1,1,2.3978952727983707,1.0,3.332204510175204,8.0,6.0,2.0,1.0,7
28800,3,0.0,0.0,1.0,1,1,2.3978952727983707,1.0,3.332204510175204,8.0,6.0,2.0,1.0,7
28803,3,0.0,0.0,1.0,1,1,2.1972245773362196,1.0,4.343805421853684,8.0,3.0,4.0,1.0,6
28804,3,0.0,3.0,1.0,1,1,0.6931471805599453,2.0,3.5263605246161616,8.0,3.0,4.0,1.0,3
28809,3,0.0,0.0,1.0,1,1,0.6931471805599453,2.0,3.6635616461296463,8.0,3.0,4.0,1.0,2
28810,3,0.0,0.0,1.0,1,1,0.6931471805599453,2.0,3.6635616461296463,8.0,3.0,4.0,1.0,2
28818,2,0.0,0.0,1.0,1,1,2.0794415416798357,2.0,3.7376696182833684,8.0,3.0,4.0,1.0,7
28824,3,0.0,0.0,1.0,4,1,2.4849066497880004,1.0,3.4657359027997265,8.0,3.0,4.0,1.0,2
28825,3,0.0,0.0,1.0,4,1,2.4849066497880004,1.0,3.4657359027997265,8.0,3.0,4.0,1.0,2
28831,3,0.0,1.0,1.0,1,1,1.9459101490553132,1.0,4.330733340286331,8.0,3.0,4.0,1.0,2
28835,3,0.0,0.0,1.0,1,1,2.833213344056216,2.0,3.367295829986474,8.0,3.0,4.0,1.0,4
28838,3,0.0,0.0,1.0,1,1,2.8903717578961645,1.0,3.5553480614894135,8.0,3.0,4.0,1.0,7
28844,3,0.0,0.0,1.0,1,1,1.9459101490553132,1.0,4.02535169073515,8.0,1.0,4.0,1.0,6
28850,3,0.0,1.0,1.0,1,1,1.791759469228055,2.0,2.8903717578961645,8.0,3.0,4.0,1.0,5
28856,3,0.0,0.0,1.0,1,1,2.5649493574615367,2.0,3.7612001156935624,8.0,6.0,2.0,1.0,4
28857,3,0.0,0.0,1.0,1,1,2.3978952727983707,2.0,3.9512437185814275,8.0,3.0,4.0,1.0,6
28859,3,0.0,0.0,1.0,1,1,0.6931471805599453,2.0,3.091042453358316,8.0,3.0,2.0,1.0,5
28860,3,0.0,0.0,1.0,1,1,0.6931471805599453,2.0,3.091042453358316,8.0,3.0,2.0,1.0,5
28868,3,0.0,0.0,1.0,1,1,1.0986122886681098,1.0,3.5263605246161616,8.0,2.0,4.0,1.0,5
28870,3,0.0,0.0,1.0,1,1,1.0986122886681098,1.0,3.044522437723423,8.0,3.0,4.0,1.0,7
28873,3,0.0,0.0,1.0,1,1,2.5649493574615367,2.0,3.4657359027997265,8.0,3.0,4.0,1.0,3
28875,3,0.0,1.0,1.0,1,1,1.3862943611198906,1.0,3.58351893845611,8.0,3.0,4.0,1.0,3
28878,3,0.0,0.0,1.0,1,1,1.0986122886681098,1.0,4.110873864173311,8.0,6.0,2.0,1.0,1
28879,3,0.0,0.0,1.0,1,1,1.0986122886681098,1.0,4.110873864173311,8.0,6.0,2.0,1.0,1
28880,3,0.0,0.0,1.0,1,1,0.6931471805599453,2.0,4.02535169073515,8.0,6.0,2.0,1.0,1
28881,3,0.0,0.0,1.0,4,1,1.3862943611198906,1.0,3.8918202981106265,8.0,2.0,4.0,1.0,6
28882,3,0.0,0.0,1.0,4,1,0.6931471805599453,1.0,3.7612001156935624,8.0,3.0,4.0,1.0,6
28884,3,0.0,0.0,1.0,1,1,1.9459101490553132,1.0,4.07753744390572,8.0,3.0,4.0,1.0,6
28886,3,0.0,0.0,2.0,1,2,1.9459101490553132,1.0,3.7376696182833684,8.0,3.0,4.0,1.0,3
28887,3,0.0,0.0,2.0,1,2,1.3862943611198906,2.0,3.6635616461296463,8.0,3.0,4.0,1.0,3
28892,3,0.0,0.0,1.0,1,1,0.6931471805599453,2.0,3.5553480614894135,8.0,6.0,4.0,1.0,5
28893,3,0.0,0.0,1.0,1,1,1.3862943611198906,1.0,3.5263605246161616,8.0,6.0,4.0,1.0,5
28894,3,0.0,1.0,1.0,1,1,1.791759469228055,1.0,3.7376696182833684,8.0,3.0,4.0,1.0,5
28895,3,0.0,0.0,1.0,4,1,0.6931471805599453,1.0,2.8903717578961645,8.0,3.0,4.0,1.0,4
28897,3,0.0,0.0,1.0,1,1,2.6390573296152584,2.0,3.8918202981106265,8.0,2.0,4.0,1.0,2
28905,3,0.0,0.0,1.0,1,1,1.9459101490553132,2.0,4.23410650459726,8.0,3.0,4.0,1.0,4
28908,3,0.0,9.0,1.0,1,1,1.791759469228055,2.0,4.1588830833596715,8.0,3.0,4.0,1.0,3
28910,3,0.0,0.0,1.0,1,1,2.70805020110221,2.0,3.091042453358316,8.0,6.0,4.0,1.0,4
28911,3,0.0,0.0,1.0,1,1,1.3862943611198906,2.0,3.4339872044851463,8.0,3.0,4.0,1.0,4
28913,3,0.0,3.0,1.0,4,1,2.6390573296152584,2.0,3.8918202981106265,8.0,3.0,4.0,1.0,5
28914,3,0.0,1.0,1.0,1,1,1.6094379124341003,1.0,3.091042453358316,8.0,3.0,2.0,1.0,6
28916,3,0.0,0.0,1.0,1,1,2.6390573296152584,2.0,3.9318256327243257,8.0,6.0,4.0,1.0,3
28917,3,0.0,2.0,1.0,1,1,1.3862943611198906,2.0,3.8066624897703196,8.0,3.0,4.0,1.0,2
28918,3,0.0,0.0,1.0,1,1,1.3862943611198906,1.0,2.8903717578961645,8.0,6.0,2.0,1.0,6
28919,3,0.0,0.0,1.0,1,1,1.3862943611198906,1.0,2.8903717578961645,8.0,6.0,2.0,1.0,6
28920,3,0.0,0.0,1.0,1,1,1.3862943611198906,1.0,2.8903717578961645,8.0,6.0,2.0,1.0,6
28930,3,0.0,0.0,1.0,1,1,2.0794415416798357,2.0,3.258096538021482,8.0,3.0,4.0,1.0,4
28933,3,0.0,0.0,1.0,1,1,2.0794415416798357,2.0,3.8066624897703196,8.0,6.0,4.0,1.0,6
28934,3,0.0,0.0,1.0,1,1,1.6094379124341003,2.0,3.713572066704308,8.0,6.0,4.0,1.0,6
28937,3,0.0,1.0,2.0,1,2,2.4849066497880004,1.0,4.007333185232471,1.0,3.0,4.0,1.0,2
28941,3,0.0,0.0,1.0,1,1,1.3862943611198906,1.0,4.02535169073515,8.0,3.0,4.0,1.0,1
28942,3,0.0,0.0,1.0,1,1,3.1354942159291497,1.0,3.9512437185814275,8.0,3.0,4.0,1.0,5
28946,3,0.0,0.0,1.0,1,1,1.9459101490553132,1.0,3.6109179126442243,8.0,1.0,4.0,1.0,1
28954,3,0.0,0.0,1.0,1,1,1.9459101490553132,1.0,3.295836866004329,8.0,3.0,4.0,1.0,1
28955,3,0.0,0.0,1.0,1,1,1.9459101490553132,1.0,3.295836866004329,8.0,3.0,4.0,1.0,1
28965,3,0.0,0.0,1.0,1,1,2.5649493574615367,1.0,4.007333185232471,8.0,6.0,4.0,1.0,4
28966,3,0.0,0.0,1.0,1,1,2.5649493574615367,1.0,4.007333185232471,8.0,6.0,4.0,1.0,4
28970,3,0.0,0.0,1.0,1,1,2.3978952727983707,1.0,2.8903717578961645,8.0,3.0,4.0,1.0,5
28973,3,0.0,3.0,1.0,1,1,2.302585092994046,1.0,3.2188758248682006,8.0,3.0,4.0,1.0,7
28976,3,0.0,0.0,1.0,1,1,2.1972245773362196,2.0,3.6109179126442243,8.0,3.0,4.0,1.0,5
28977,3,0.0,2.0,1.0,1,1,2.3978952727983707,2.0,3.4965075614664802,8.0,3.0,4.0,1.0,6
28978,3,0.0,0.0,1.0,1,1,2.302585092994046,1.0,4.02535169073515,8.0,3.0,4.0,1.0,3
28981,3,0.0,0.0,1.0,4,1,2.833213344056216,1.0,4.02535169073515,8.0,3.0,4.0,1.0,6
28982,3,0.0,0.0,1.0,4,1,1.0986122886681098,1.0,4.02535169073515,8.0,3.0,4.0,1.0,6
28997,3,0.0,0.0,1.0,1,1,2.1972245773362196,2.0,3.58351893845611,8.0,3.0,4.0,1.0,4
28999,3,0.0,0.0,1.0,1,1,2.1972245773362196,2.0,3.58351893845611,8.0,3.0,4.0,1.0,6
29001,3,0.0,0.0,1.0,1,1,1.3862943611198906,1.0,4.276666119016055,8.0,3.0,4.0,1.0,1
29007,3,0.0,0.0,1.0,1,1,2.3978952727983707,1.0,4.189654742026425,8.0,3.0,4.0,1.0,3
29008,3,0.0,3.0,1.0,1,1,0.6931471805599453,1.0,3.713572066704308,8.0,1.0,4.0,1.0,3
29019,3,0.0,0.0,1.0,1,1,3.2188758248682006,1.0,3.4657359027997265,8.0,3.0,4.0,1.0,6
29022,2,0.0,0.0,1.0,1,1,0.6931471805599453,1.0,2.9444389791664403,8.0,3.0,4.0,1.0,7
29024,2,0.0,0.0,1.0,1,1,2.5649493574615367,2.0,4.007333185232471,8.0,3.0,4.0,1.0,4
29025,3,0.0,0.0,1.0,1,1,0.6931471805599453,2.0,3.044522437723423,8.0,1.0,4.0,1.0,5
29032,3,0.0,0.0,1.0,1,1,2.3978952727983707,1.0,4.110873864173311,8.0,3.0,4.0,1.0,4
29035,3,0.0,0.0,1.0,4,1,1.9459101490553132,1.0,3.6375861597263857,8.0,3.0,4.0,1.0,2
29045,3,0.0,0.0,1.0,1,1,1.3862943611198906,1.0,3.58351893845611,8.0,3.0,4.0,1.0,5
29048,3,0.0,0.0,1.0,1,1,0.6931471805599453,1.0,3.828641396489095,8.0,3.0,4.0,1.0,3
29049,3,0.0,0.0,1.0,1,1,1.6094379124341003,1.0,3.4965075614664802,8.0,3.0,4.0,1.0,3
29058,3,0.0,0.0,1.0,4,1,2.3978952727983707,1.0,3.8066624897703196,8.0,6.0,2.0,1.0,1
29063,2,0.0,0.0,2.0,1,2,2.302585092994046,2.0,3.332204510175204,8.0,3.0,4.0,1.0,3
29067,3,0.0,0.0,1.0,1,1,0.6931471805599453,1.0,3.9889840465642745,8.0,3.0,4.0,1.0,3
29068,3,0.0,0.0,1.0,4,1,1.0986122886681098,1.0,3.8501476017100584,8.0,3.0,4.0,1.0,5
29069,3,0.0,0.0,1.0,4,1,2.4849066497880004,2.0,3.258096538021482,8.0,3.0,4.0,1.0,5
29077,3,0.0,0.0,1.0,1,1,2.4849066497880004,2.0,3.4657359027997265,8.0,3.0,2.0,1.0,7
29078,3,0.0,0.0,1.0,1,1,2.4849066497880004,2.0,3.4657359027997265,8.0,3.0,2.0,1.0,7
29082,3,0.0,0.0,1.0,1,1,2.3978952727983707,1.0,2.9444389791664403,8.0,3.0,4.0,1.0,4
29086,3,0.0,0.0,1.0,1,1,1.0986122886681098,1.0,4.143134726391533,8.0,6.0,4.0,1.0,5
29088,3,0.0,0.0,1.0,1,1,1.3862943611198906,1.0,3.044522437723423,8.0,3.0,4.0,1.0,5
29091,3,0.0,0.0,1.0,1,1,0.6931471805599453,1.0,3.6635616461296463,8.0,3.0,4.0,1.0,5
29092,3,0.0,1.0,1.0,4,1,2.833213344056216,2.0,3.367295829986474,8.0,3.0,4.0,1.0,3
29093,3,0.0,0.0,1.0,1,1,2.3978952727983707,2.0,3.4011973816621555,8.0,3.0,4.0,1.0,3
29096,3,0.0,0.0,1.0,1,1,2.0794415416798357,1.0,3.7612001156935624,8.0,6.0,4.0,1.0,7
29100,3,0.0,0.0,1.0,1,1,2.4849066497880004,2.0,3.7612001156935624,8.0,3.0,4.0,1.0,3
29102,3,0.0,0.0,1.0,1,1,1.0986122886681098,1.0,3.970291913552122,8.0,3.0,4.0,1.0,6
29106,3,0.0,0.0,1.0,1,1,1.6094379124341003,1.0,3.091042453358316,8.0,3.0,4.0,1.0,3
29112,3,0.0,0.0,1.0,1,1,0.6931471805599453,1.0,3.713572066704308,8.0,3.0,4.0,1.0,7
29114,3,0.0,0.0,1.0,1,1,1.3862943611198906,1.0,3.5553480614894135,8.0,6.0,2.0,1.0,4
29133,3,0.0,0.0,1.0,1,1,1.3862943611198906,1.0,3.044522437723423,8.0,2.0,4.0,1.0,1
29135,3,0.0,4.0,1.0,1,1,2.0794415416798357,1.0,3.7612001156935624,8.0,3.0,4.0,1.0,3
29136,3,0.0,4.0,1.0,1,1,2.302585092994046,1.0,4.02535169073515,8.0,3.0,4.0,1.0,5
29137,3,0.0,0.0,1.0,1,1,2.833213344056216,1.0,3.8918202981106265,8.0,7.0,2.0,1.0,3
29154,3,0.0,0.0,1.0,1,1,2.0794415416798357,1.0,3.295836866004329,8.0,1.0,4.0,1.0,2
29156,3,0.0,0.0,1.0,1,1,2.8903717578961645,1.0,3.6109179126442243,8.0,2.0,4.0,1.0,7
29157,3,0.0,0.0,1.0,1,1,1.0986122886681098,2.0,3.367295829986474,8.0,3.0,4.0,1.0,2
29162,3,0.0,1.0,1.0,1,1,2.3978952727983707,1.0,3.7612001156935624,8.0,3.0,4.0,1.0,4
29166,3,0.0,9.0,1.0,1,1,2.6390573296152584,1.0,3.970291913552122,8.0,3.0,4.0,1.0,6
29177,3,0.0,0.0,1.0,1,1,2.4849066497880004,2.0,3.4657359027997265,8.0,1.0,4.0,1.0,4
29188,3,0.0,0.0,1.0,1,1,1.6094379124341003,1.0,3.332204510175204,8.0,3.0,4.0,1.0,4
29189,3,0.0,0.0,1.0,1,1,1.6094379124341003,1.0,3.332204510175204,8.0,3.0,4.0,1.0,4
29195,3,0.0,0.0,1.0,1,1,1.0986122886681098,1.0,4.127134385045092,8.0,3.0,4.0,1.0,7
29196,2,0.0,1.0,1.0,1,1,2.0794415416798357,1.0,3.1354942159291497,8.0,3.0,4.0,1.0,1
29197,2,0.0,0.0,1.0,1,1,2.4849066497880004,1.0,4.406719247264253,8.0,3.0,4.0,1.0,5
29198,3,0.0,0.0,1.0,1,1,2.6390573296152584,1.0,3.9512437185814275,8.0,3.0,4.0,1.0,6
29199,3,0.0,0.0,1.0,1,1,1.0986122886681098,1.0,3.367295829986474,8.0,3.0,4.0,1.0,6
29201,3,0.0,0.0,1.0,1,1,1.0986122886681098,1.0,3.2188758248682006,8.0,6.0,2.0,1.0,5
29202,3,0.0,0.0,1.0,1,1,0.6931471805599453,1.0,3.091042453358316,8.0,3.0,4.0,1.0,1
29205,3,0.0,0.0,1.0,1,1,0.6931471805599453,1.0,3.2188758248682006,8.0,3.0,4.0,1.0,3
29216,3,0.0,0.0,1.0,1,1,1.9459101490553132,1.0,3.332204510175204,8.0,3.0,4.0,1.0,3
29217,3,0.0,0.0,1.0,1,1,2.1972245773362196,2.0,2.8903717578961645,8.0,6.0,4.0,1.0,5
29223,3,0.0,0.0,1.0,1,1,1.6094379124341003,2.0,3.5553480614894135,8.0,3.0,4.0,1.0,1
29229,3,0.0,0.0,1.0,1,1,1.791759469228055,2.0,3.713572066704308,8.0,6.0,2.0,1.0,5
29230,3,0.0,1.0,1.0,4,1,2.5649493574615367,2.0,3.6635616461296463,8.0,6.0,4.0,1.0,5
29232,3,0.0,0.0,1.0,1,1,2.772588722239781,1.0,3.4339872044851463,8.0,3.0,4.0,1.0,5
29235,3,0.0,0.0,1.0,1,1,2.3978952727983707,2.0,3.044522437723423,8.0,6.0,4.0,1.0,3
29238,3,0.0,3.0,1.0,1,1,2.1972245773362196,2.0,3.4011973816621555,8.0,6.0,2.0,1.0,4
29263,3,0.0,0.0,1.0,4,1,2.5649493574615367,1.0,3.258096538021482,8.0,3.0,4.0,2.0,5
29265,3,0.0,0.0,2.0,1,2,2.1972245773362196,2.0,3.295836866004329,1.0,3.0,4.0,2.0,6