accident_severity,special_conditions_at_site,pedestrian_movement,road_surface_conditions,light_conditions,weather_conditions,age_of_vehicle,sex_of_driver,age_of_driver,junction_location,junction_detail,junction_control,did_police_officer_attend_scene_of_accident,day_of_week
29268,3,0.0,0.0,2.0,4,2,2.1972245773362196,1.0,3.4657359027997265,8.0,3.0,4.0,1.0,6
29269,3,0.0,0.0,2.0,4,2,1.9459101490553132,2.0,3.6375861597263857,1.0,1.0,4.0,1.0,5
29273,3,0.0,0.0,2.0,4,1,1.791759469228055,1.0,3.367295829986474,1.0,3.0,4.0,1.0,1
29274,3,0.0,1.0,2.0,1,1,1.0986122886681098,2.0,3.4339872044851463,1.0,3.0,4.0,1.0,6
29275,3,0.0,0.0,4.0,1,1,2.0794415416798357,1.0,4.1588830833596715,2.0,3.0,4.0,1.0,5
29278,3,0.0,0.0,2.0,4,1,2.5649493574615367,1.0,3.4657359027997265,1.0,3.0,4.0,1.0,7
29281,3,0.0,0.0,2.0,4,2,2.1972245773362196,2.0,3.784189633918261,1.0,3.0,4.0,1.0,2
29282,3,0.0,0.0,2.0,4,2,2.1972245773362196,2.0,3.784189633918261,1.0,3.0,4.0,1.0,2
29286,3,0.0,0.0,1.0,1,9,1.0986122886681098,2.0,4.204692619390966,2.0,1.0,4.0,2.0,7
29291,2,0.0,1.0,1.0,1,1,2.5649493574615367,2.0,3.4339872044851463,1.0,3.0,4.0,1.0,2
29292,2,0.0,1.0,1.0,1,1,2.5649493574615367,2.0,3.4339872044851463,1.0,3.0,4.0,1.0,2
29293,3,0.0,0.0,1.0,4,1,2.3978952727983707,1.0,3.4657359027997265,8.0,3.0,4.0,1.0,2
29295,3,0.0,0.0,1.0,1,1,2.3978952727983707,2.0,4.465908118654584,2.0,6.0,4.0,1.0,4
29298,3,0.0,0.0,1.0,4,1,2.6390573296152584,1.0,3.258096538021482,2.0,3.0,4.0,2.0,2
29302,3,0.0,0.0,1.0,4,1,2.70805020110221,1.0,3.1354942159291497,1.0,3.0,4.0,1.0,3
29304,3,0.0,0.0,2.0,1,1,2.833213344056216,2.0,3.9889840465642745,8.0,3.0,4.0,1.0,5
29305,3,0.0,0.0,2.0,1,1,2.833213344056216,2.0,3.9889840465642745,8.0,3.0,4.0,1.0,5
29307,3,0.0,2.0,2.0,4,1,1.6094379124341003,1.0,4.1588830833596715,2.0,3.0,4.0,1.0,2
29308,2,0.0,0.0,2.0,1,2,2.5649493574615367,1.0,3.258096538021482,8.0,3.0,4.0,1.0,7
29313,3,0.0,1.0,1.0,1,1,0.6931471805599453,1.0,4.1588830833596715,2.0,6.0,4.0,1.0,4
29317,3,0.0,0.0,2.0,1,2,2.302585092994046,2.0,3.7612001156935624,1.0,5.0,4.0,1.0,6
29318,3,0.0,0.0,2.0,1,2,1.9459101490553132,2.0,3.6109179126442243,1.0,5.0,4.0,1.0,6
29320,3,0.0,0.0,2.0,1,2,2.3978952727983707,2.0,4.0943445622221,8.0,3.0,4.0,1.0,2
29324,3,0.0,1.0,1.0,1,1,2.1972245773362196,1.0,3.2188758248682006,2.0,9.0,4.0,1.0,7
29326,3,0.0,0.0,1.0,1,1,1.791759469228055,1.0,4.0943445622221,1.0,3.0,4.0,1.0,3
29339,3,0.0,0.0,2.0,1,2,2.5649493574615367,1.0,2.9444389791664403,1.0,8.0,4.0,1.0,7
29340,3,0.0,9.0,2.0,4,1,1.9459101490553132,1.0,3.713572066704308,2.0,3.0,4.0,1.0,2
29341,3,0.0,0.0,1.0,4,1,1.791759469228055,1.0,3.6109179126442243,8.0,3.0,2.0,1.0,7
29342,3,0.0,0.0,1.0,4,1,2.772588722239781,1.0,4.02535169073515,8.0,3.0,2.0,1.0,7
29343,3,0.0,1.0,2.0,4,5,2.4849066497880004,2.0,4.330733340286331,1.0,3.0,4.0,2.0,7
29345,3,0.0,0.0,1.0,1,1,2.5649493574615367,1.0,3.58351893845611,1.0,3.0,4.0,1.0,6
29346,2,0.0,0.0,2.0,1,1,2.4849066497880004,2.0,4.394449154672439,1.0,3.0,4.0,1.0,4
29347,3,0.0,0.0,1.0,1,9,1.9459101490553132,1.0,3.4965075614664802,2.0,3.0,4.0,2.0,2
29350,3,0.0,0.0,1.0,1,1,1.6094379124341003,1.0,3.7376696182833684,8.0,3.0,2.0,1.0,4
29351,3,0.0,0.0,1.0,1,1,1.6094379124341003,1.0,3.7376696182833684,8.0,3.0,2.0,1.0,4
29354,3,0.0,0.0,1.0,1,1,1.3862943611198906,1.0,3.367295829986474,1.0,3.0,4.0,1.0,4
29356,3,0.0,0.0,1.0,1,1,2.0794415416798357,2.0,3.4965075614664802,1.0,8.0,4.0,1.0,3
29359,3,0.0,0.0,1.0,1,1,2.0794415416798357,2.0,4.30406509320417,1.0,3.0,4.0,1.0,7
29360,3,0.0,0.0,1.0,1,1,0.6931471805599453,1.0,3.367295829986474,1.0,1.0,4.0,1.0,1
29368,3,0.0,0.0,1.0,4,1,2.5649493574615367,1.0,3.044522437723423,1.0,8.0,4.0,1.0,1
29370,3,0.0,0.0,1.0,4,1,2.0794415416798357,2.0,3.2188758248682006,2.0,3.0,4.0,1.0,6
29371,3,0.0,0.0,1.0,4,1,0.6931471805599453,2.0,3.1780538303479458,8.0,1.0,4.0,1.0,7
29373,3,0.0,0.0,1.0,1,1,2.1972245773362196,2.0,3.784189633918261,2.0,3.0,2.0,1.0,7
29374,3,0.0,0.0,1.0,1,1,2.6390573296152584,1.0,4.07753744390572,2.0,3.0,2.0,1.0,7
29375,3,0.0,0.0,1.0,1,1,2.6390573296152584,1.0,4.07753744390572,2.0,3.0,2.0,1.0,7
29381,3,0.0,0.0,2.0,4,2,2.6390573296152584,2.0,3.258096538021482,1.0,6.0,2.0,1.0,5
29382,3,0.0,0.0,2.0,4,2,1.3862943611198906,1.0,4.007333185232471,1.0,6.0,2.0,1.0,5
29384,3,0.0,0.0,1.0,1,1,2.5649493574615367,2.0,3.2188758248682006,2.0,3.0,4.0,1.0,7
29385,3,0.0,0.0,1.0,1,1,2.70805020110221,1.0,3.6888794541139363,2.0,3.0,4.0,1.0,7
29386,3,0.0,0.0,2.0,4,2,2.70805020110221,1.0,3.044522437723423,1.0,3.0,4.0,1.0,7
29387,3,0.0,0.0,1.0,1,1,2.70805020110221,2.0,3.091042453358316,2.0,3.0,4.0,1.0,3
29388,3,0.0,0.0,2.0,1,1,0.6931471805599453,1.0,3.912023005428146,8.0,6.0,4.0,1.0,6
29389,3,0.0,0.0,2.0,1,1,2.4849066497880004,1.0,3.5263605246161616,8.0,6.0,4.0,1.0,6
29390,3,0.0,0.0,1.0,1,1,1.6094379124341003,1.0,3.295836866004329,1.0,3.0,2.0,1.0,3
29392,3,0.0,0.0,1.0,1,1,1.3862943611198906,1.0,3.1780538303479458,2.0,9.0,4.0,1.0,2
29396,3,0.0,0.0,1.0,5,1,1.9459101490553132,1.0,2.9444389791664403,1.0,3.0,4.0,1.0,6
29400,3,0.0,1.0,1.0,1,1,2.8903717578961645,1.0,4.110873864173311,1.0,3.0,4.0,1.0,7
29404,3,0.0,1.0,1.0,1,1,2.833213344056216,2.0,3.044522437723423,2.0,3.0,2.0,1.0,7
29407,2,0.0,0.0,1.0,1,1,2.833213344056216,1.0,3.4965075614664802,1.0,9.0,2.0,1.0,4
29416,3,0.0,0.0,1.0,1,1,2.3978952727983707,1.0,3.828641396489095,2.0,3.0,4.0,1.0,5
29419,3,0.0,0.0,1.0,1,9,2.6390573296152584,1.0,3.091042453358316,1.0,6.0,4.0,1.0,1
29420,3,0.0,0.0,1.0,1,9,2.1972245773362196,1.0,3.912023005428146,1.0,6.0,4.0,1.0,1
29422,3,0.0,0.0,1.0,1,1,2.1972245773362196,1.0,4.007333185232471,1.0,8.0,4.0,1.0,1
29426,3,0.0,0.0,2.0,4,2,2.4849066497880004,2.0,3.1780538303479458,1.0,3.0,4.0,1.0,6
29427,3,0.0,0.0,2.0,4,2,2.4849066497880004,2.0,3.1780538303479458,1.0,3.0,4.0,1.0,6
29428,3,0.0,0.0,2.0,4,2,2.772588722239781,1.0,3.5263605246161616,1.0,3.0,4.0,1.0,6
29429,3,0.0,0.0,2.0,4,2,2.772588722239781,1.0,3.5263605246161616,1.0,3.0,4.0,1.0,6
29433,3,0.0,0.0,1.0,4,1,2.70805020110221,1.0,3.58351893845611,1.0,3.0,4.0,2.0,7
29442,3,0.0,0.0,1.0,4,1,2.70805020110221,1.0,3.258096538021482,2.0,3.0,4.0,1.0,3
29450,3,0.0,0.0,1.0,4,1,1.6094379124341003,1.0,3.8501476017100584,8.0,1.0,4.0,2.0,2
29455,3,0.0,0.0,1.0,1,9,2.6390573296152584,1.0,3.9318256327243257,1.0,9.0,4.0,1.0,2
29458,3,0.0,0.0,1.0,1,1,2.6390573296152584,1.0,4.02535169073515,1.0,9.0,4.0,1.0,7
29460,3,0.0,0.0,1.0,1,9,2.3978952727983707,2.0,3.367295829986474,1.0,6.0,4.0,1.0,4
29462,3,0.0,0.0,1.0,4,1,1.9459101490553132,1.0,3.1354942159291497,8.0,9.0,4.0,1.0,3
29463,3,0.0,0.0,1.0,4,1,1.9459101490553132,1.0,3.1354942159291497,8.0,9.0,4.0,1.0,3
29466,2,0.0,0.0,1.0,1,1,1.3862943611198906,1.0,2.8903717578961645,8.0,3.0,4.0,1.0,6
29471,2,0.0,1.0,1.0,1,1,1.3862943611198906,1.0,3.912023005428146,2.0,3.0,4.0,1.0,5
29472,3,3.0,0.0,2.0,5,1,1.6094379124341003,2.0,3.091042453358316,8.0,1.0,4.0,1.0,6
29473,3,0.0,3.0,1.0,1,1,1.791759469228055,1.0,4.060443010546419,1.0,3.0,4.0,1.0,6
29474,3,0.0,3.0,1.0,1,4,0.6931471805599453,2.0,4.1588830833596715,2.0,6.0,4.0,1.0,3
29477,3,0.0,0.0,1.0,1,1,1.791759469228055,2.0,3.4965075614664802,8.0,3.0,4.0,2.0,2
29479,3,0.0,0.0,1.0,1,9,1.3862943611198906,1.0,3.784189633918261,8.0,2.0,4.0,1.0,5
29480,3,0.0,0.0,1.0,1,9,2.4849066497880004,2.0,3.8501476017100584,8.0,2.0,4.0,1.0,5
29481,3,0.0,0.0,1.0,1,9,2.4849066497880004,2.0,3.8501476017100584,8.0,2.0,4.0,1.0,5
29488,3,0.0,0.0,1.0,1,1,2.1972245773362196,2.0,3.6375861597263857,1.0,3.0,4.0,1.0,2
29490,3,0.0,1.0,1.0,1,1,2.3978952727983707,2.0,3.8918202981106265,2.0,3.0,4.0,2.0,6
29493,3,0.0,0.0,1.0,1,1,1.9459101490553132,1.0,3.4011973816621555,1.0,9.0,4.0,1.0,1
29496,3,0.0,0.0,1.0,1,1,0.6931471805599453,2.0,3.912023005428146,1.0,8.0,4.0,1.0,2
29501,3,0.0,0.0,1.0,1,1,2.70805020110221,1.0,4.0943445622221,1.0,3.0,4.0,1.0,4
29503,3,0.0,0.0,1.0,1,1,2.5649493574615367,1.0,3.7612001156935624,1.0,3.0,2.0,1.0,6
29504,3,0.0,2.0,1.0,1,1,1.3862943611198906,1.0,3.6635616461296463,2.0,3.0,4.0,1.0,2
29509,3,0.0,3.0,2.0,1,2,2.302585092994046,1.0,3.58351893845611,1.0,1.0,4.0,2.0,5
29514,3,0.0,0.0,1.0,1,1,1.9459101490553132,2.0,3.9318256327243257,1.0,3.0,4.0,1.0,2
29516,3,0.0,0.0,1.0,1,1,1.791759469228055,1.0,3.4657359027997265,1.0,3.0,2.0,2.0,5
29518,3,0.0,0.0,1.0,1,1,2.302585092994046,2.0,4.143134726391533,1.0,1.0,4.0,1.0,3
29519,3,0.0,0.0,2.0,4,2,2.302585092994046,1.0,3.8918202981106265,1.0,1.0,4.0,2.0,7
29524,3,0.0,0.0,1.0,1,1,1.791759469228055,1.0,4.02535169073515,1.0,3.0,4.0,1.0,6
29526,3,0.0,1.0,1.0,1,1,1.0986122886681098,1.0,3.332204510175204,1.0,3.0,4.0,1.0,7
29528,3,0.0,0.0,1.0,1,1,2.772588722239781,2.0,3.9512437185814275,1.0,5.0,4.0,1.0,4
29529,3,0.0,0.0,1.0,1,1,2.772588722239781,2.0,3.9512437185814275,1.0,5.0,4.0,1.0,4
29532,3,0.0,0.0,1.0,1,1,2.6390573296152584,1.0,2.995732273553991,8.0,9.0,4.0,1.0,7
29533,3,0.0,0.0,1.0,1,1,2.772588722239781,1.0,3.58351893845611,5.0,9.0,4.0,1.0,7
29534,3,0.0,0.0,1.0,4,1,0.6931471805599453,1.0,4.02535169073515,8.0,6.0,2.0,1.0,3
29537,3,0.0,0.0,1.0,1,1,2.4849066497880004,1.0,2.9444389791664403,1.0,3.0,4.0,1.0,1
29538,3,0.0,0.0,1.0,4,1,2.5649493574615367,2.0,4.127134385045092,6.0,3.0,4.0,2.0,6
29539,3,0.0,0.0,1.0,4,1,2.5649493574615367,2.0,4.127134385045092,6.0,3.0,4.0,2.0,6
29544,3,0.0,0.0,1.0,1,1,2.302585092994046,1.0,3.970291913552122,6.0,9.0,4.0,1.0,5
29547,3,0.0,0.0,1.0,4,1,1.791759469228055,1.0,3.258096538021482,1.0,8.0,4.0,1.0,6
29558,3,0.0,0.0,1.0,1,1,1.6094379124341003,1.0,3.4965075614664802,1.0,9.0,2.0,1.0,4
29560,3,0.0,0.0,1.0,1,1,2.1972245773362196,1.0,3.9318256327243257,8.0,2.0,4.0,1.0,7
29570,3,0.0,0.0,1.0,1,1,2.3978952727983707,1.0,4.418840607796598,8.0,6.0,2.0,1.0,4
29575,3,0.0,2.0,1.0,1,1,2.0794415416798357,2.0,3.295836866004329,1.0,3.0,4.0,1.0,6
29576,3,0.0,0.0,1.0,1,1,1.9459101490553132,2.0,4.04305126783455,8.0,6.0,2.0,1.0,1
29577,3,0.0,0.0,1.0,1,1,2.6390573296152584,1.0,3.258096538021482,8.0,6.0,2.0,1.0,1
29581,3,0.0,0.0,1.0,1,1,2.70805020110221,2.0,4.189654742026425,1.0,1.0,4.0,2.0,2
29583,3,0.0,0.0,1.0,1,1,2.5649493574615367,1.0,3.1780538303479458,8.0,8.0,4.0,1.0,2
29584,3,0.0,0.0,1.0,1,1,1.6094379124341003,1.0,3.6109179126442243,8.0,8.0,4.0,1.0,2
29585,3,0.0,0.0,1.0,1,1,1.6094379124341003,1.0,3.6109179126442243,8.0,8.0,4.0,1.0,2
29589,3,0.0,0.0,1.0,1,1,2.6390573296152584,1.0,4.3694478524670215,1.0,3.0,4.0,1.0,3
29590,3,0.0,0.0,1.0,1,1,0.6931471805599453,2.0,3.871201010907891,1.0,3.0,4.0,1.0,3
29598,3,0.0,0.0,1.0,1,1,2.3978952727983707,1.0,3.5263605246161616,8.0,3.0,4.0,1.0,4
29600,3,0.0,0.0,1.0,1,1,2.0794415416798357,2.0,3.367295829986474,8.0,1.0,4.0,1.0,7
29602,3,0.0,0.0,1.0,1,1,2.772588722239781,2.0,3.6375861597263857,8.0,3.0,4.0,1.0,3
29604,3,4.0,0.0,1.0,1,1,0.6931471805599453,1.0,3.9318256327243257,8.0,6.0,2.0,1.0,6
29606,3,0.0,0.0,1.0,1,1,2.5649493574615367,1.0,3.2188758248682006,2.0,1.0,4.0,2.0,2
29609,3,0.0,0.0,1.0,1,1,2.833213344056216,1.0,3.7376696182833684,8.0,3.0,4.0,1.0,5
29610,3,0.0,0.0,2.0,1,4,1.3862943611198906,1.0,3.1780538303479458,8.0,9.0,4.0,1.0,4
29611,3,0.0,0.0,2.0,1,4,2.5649493574615367,2.0,3.6888794541139363,8.0,9.0,4.0,1.0,4
29614,3,0.0,0.0,1.0,1,1,1.9459101490553132,1.0,3.7376696182833684,1.0,3.0,4.0,1.0,3
29619,3,0.0,0.0,1.0,1,1,1.9459101490553132,2.0,4.31748811353631,1.0,6.0,4.0,1.0,5
29621,3,0.0,0.0,1.0,1,1,1.791759469228055,1.0,3.295836866004329,1.0,3.0,4.0,1.0,5
29633,3,0.0,0.0,1.0,1,9,1.6094379124341003,1.0,3.091042453358316,1.0,3.0,4.0,1.0,1
29638,3,0.0,0.0,1.0,1,1,1.3862943611198906,1.0,3.4011973816621555,2.0,3.0,4.0,1.0,3
29642,3,0.0,0.0,1.0,1,1,2.4849066497880004,2.0,3.6109179126442243,8.0,6.0,2.0,1.0,7
29643,3,0.0,0.0,1.0,1,1,2.4849066497880004,2.0,3.6109179126442243,8.0,6.0,2.0,1.0,7
29644,3,0.0,0.0,1.0,1,1,1.791759469228055,1.0,3.332204510175204,8.0,6.0,2.0,1.0,7
29651,3,0.0,0.0,2.0,1,1,2.70805020110221,2.0,3.871201010907891,1.0,3.0,4.0,1.0,7
29666,3,0.0,0.0,1.0,4,1,2.0794415416798357,1.0,3.9889840465642745,2.0,3.0,4.0,1.0,7
29669,3,0.0,0.0,1.0,1,1,2.4849066497880004,2.0,3.9512437185814275,8.0,5.0,4.0,1.0,5
29670,3,0.0,0.0,1.0,1,1,2.4849066497880004,2.0,3.9512437185814275,8.0,5.0,4.0,1.0,5
29681,3,0.0,0.0,1.0,1,1,1.791759469228055,1.0,4.02535169073515,8.0,9.0,4.0,2.0,5
29683,3,0.0,0.0,1.0,1,1,2.6390573296152584,1.0,3.871201010907891,1.0,3.0,4.0,1.0,6
29684,3,0.0,0.0,1.0,1,1,2.6390573296152584,1.0,3.871201010907891,1.0,3.0,4.0,1.0,6
29685,3,0.0,0.0,1.0,1,1,2.6390573296152584,1.0,3.871201010907891,1.0,3.0,4.0,1.0,6
29686,3,0.0,0.0,1.0,1,1,2.6390573296152584,1.0,3.784189633918261,2.0,3.0,4.0,1.0,6
29688,3,0.0,0.0,1.0,1,1,0.6931471805599453,2.0,3.1780538303479458,1.0,3.0,4.0,1.0,3
29691,3,0.0,0.0,1.0,1,1,1.9459101490553132,1.0,3.828641396489095,6.0,3.0,4.0,1.0,5
29696,3,0.0,0.0,2.0,1,2,0.6931471805599453,1.0,3.58351893845611,1.0,3.0,4.0,1.0,4
29700,3,0.0,0.0,1.0,4,1,1.791759469228055,1.0,3.58351893845611,1.0,3.0,4.0,1.0,1
29705,3,0.0,0.0,2.0,1,2,0.6931471805599453,1.0,3.091042453358316,8.0,3.0,4.0,1.0,6
29707,3,0.0,0.0,2.0,1,1,2.3978952727983707,2.0,3.784189633918261,8.0,3.0,4.0,1.0,2
29712,3,0.0,0.0,1.0,1,1,2.8903717578961645,1.0,3.1780538303479458,8.0,3.0,4.0,1.0,2
29716,3,0.0,0.0,1.0,1,1,1.6094379124341003,2.0,4.248495242049359,2.0,3.0,4.0,2.0,6
29723,3,0.0,0.0,1.0,1,1,2.1972245773362196,1.0,4.2626798770413155,2.0,3.0,4.0,1.0,3
29734,3,0.0,0.0,1.0,1,1,2.302585092994046,1.0,3.8066624897703196,8.0,9.0,2.0,1.0,1
29735,3,0.0,0.0,1.0,1,1,3.044522437723423,1.0,2.995732273553991,8.0,9.0,2.0,1.0,1
29736,3,0.0,0.0,1.0,1,1,3.044522437723423,1.0,2.995732273553991,8.0,9.0,2.0,1.0,1
29737,3,0.0,0.0,1.0,1,1,2.70805020110221,1.0,3.5553480614894135,5.0,3.0,2.0,1.0,4
29744,3,0.0,9.0,1.0,1,1,2.4849066497880004,2.0,3.2188758248682006,1.0,3.0,4.0,1.0,2
29747,3,0.0,0.0,2.0,1,2,1.3862943611198906,1.0,3.9889840465642745,1.0,3.0,4.0,1.0,6
29748,3,0.0,0.0,1.0,1,1,2.4849066497880004,1.0,4.02535169073515,8.0,7.0,2.0,2.0,1
29751,3,0.0,9.0,1.0,1,1,1.9459101490553132,1.0,3.6375861597263857,6.0,8.0,4.0,1.0,4
29755,3,0.0,0.0,1.0,4,1,1.3862943611198906,1.0,2.995732273553991,8.0,6.0,4.0,1.0,5
29757,3,0.0,0.0,1.0,1,1,2.772588722239781,1.0,3.1354942159291497,8.0,8.0,4.0,1.0,3
29760,3,2.0,0.0,2.0,4,2,2.0794415416798357,1.0,3.6375861597263857,8.0,6.0,2.0,1.0,1
29761,3,2.0,0.0,2.0,4,2,2.0794415416798357,1.0,3.6375861597263857,8.0,6.0,2.0,1.0,1
29764,3,0.0,0.0,1.0,1,1,2.1972245773362196,2.0,4.174387269895637,2.0,8.0,4.0,1.0,4
29765,3,0.0,0.0,1.0,1,1,2.1972245773362196,2.0,4.174387269895637,2.0,8.0,4.0,1.0,4
29766,3,0.0,0.0,1.0,1,1,2.0794415416798357,2.0,4.02535169073515,8.0,3.0,4.0,1.0,3
29769,3,0.0,0.0,1.0,4,1,2.4849066497880004,1.0,3.1780538303479458,1.0,3.0,4.0,1.0,5
29772,3,0.0,0.0,1.0,1,1,0.6931471805599453,1.0,3.4011973816621555,8.0,1.0,4.0,1.0,6
29777,3,0.0,9.0,1.0,1,1,2.5649493574615367,2.0,3.6375861597263857,2.0,3.0,4.0,2.0,3
29779,3,0.0,0.0,1.0,1,1,2.5649493574615367,2.0,3.713572066704308,1.0,1.0,4.0,1.0,1
29782,3,0.0,0.0,2.0,1,1,1.3862943611198906,2.0,3.044522437723423,1.0,6.0,4.0,1.0,4
29786,3,0.0,0.0,1.0,4,1,1.3862943611198906,1.0,3.1354942159291497,2.0,3.0,4.0,1.0,2
29787,3,0.0,0.0,1.0,1,1,2.0794415416798357,2.0,3.713572066704308,1.0,3.0,4.0,1.0,6
29799,3,0.0,0.0,1.0,1,1,2.1972245773362196,1.0,4.02535169073515,1.0,8.0,4.0,1.0,7
29801,3,0.0,0.0,1.0,1,1,2.0794415416798357,2.0,3.8066624897703196,8.0,9.0,4.0,1.0,2
29805,3,0.0,0.0,1.0,1,1,2.4849066497880004,2.0,3.58351893845611,1.0,9.0,4.0,1.0,4
29822,3,0.0,0.0,2.0,1,1,2.0794415416798357,1.0,3.1354942159291497,8.0,3.0,2.0,1.0,3
29827,3,0.0,0.0,1.0,4,1,1.6094379124341003,2.0,3.6888794541139363,8.0,6.0,4.0,1.0,3
29833,3,0.0,0.0,2.0,1,2,2.70805020110221,1.0,3.5553480614894135,1.0,3.0,4.0,1.0,3
29835,3,0.0,0.0,1.0,4,1,2.302585092994046,1.0,3.2188758248682006,8.0,3.0,4.0,1.0,5
29840,3,0.0,0.0,1.0,1,1,2.0794415416798357,2.0,3.784189633918261,8.0,1.0,4.0,1.0,2
29843,3,3.0,0.0,1.0,1,1,1.3862943611198906,1.0,3.713572066704308,8.0,9.0,2.0,1.0,4
29846,3,0.0,0.0,2.0,4,1,2.3978952727983707,1.0,3.258096538021482,5.0,1.0,4.0,1.0,2
29847,3,0.0,0.0,1.0,1,1,0.6931471805599453,1.0,3.5263605246161616,8.0,9.0,4.0,1.0,4
29849,3,0.0,0.0,2.0,1,2,2.833213344056216,1.0,3.8501476017100584,8.0,1.0,4.0,1.0,7
29851,3,0.0,0.0,1.0,1,1,2.302585092994046,2.0,4.0943445622221,1.0,3.0,4.0,2.0,7
29854,2,0.0,9.0,2.0,1,2,1.791759469228055,1.0,3.7376696182833684,1.0,9.0,4.0,1.0,2
29862,3,4.0,0.0,2.0,1,1,2.302585092994046,1.0,3.295836866004329,2.0,1.0,4.0,1.0,4
29868,3,0.0,2.0,1.0,1,1,1.791759469228055,2.0,3.871201010907891,1.0,3.0,4.0,1.0,3
29870,3,0.0,0.0,1.0,4,1,2.302585092994046,1.0,4.07753744390572,8.0,3.0,4.0,1.0,6
29871,3,0.0,0.0,1.0,4,1,2.3978952727983707,2.0,3.5263605246161616,6.0,2.0,4.0,1.0,2
29877,3,0.0,0.0,1.0,1,1,2.6390573296152584,2.0,3.6109179126442243,8.0,5.0,4.0,1.0,5
29878,3,0.0,0.0,1.0,1,1,2.6390573296152584,2.0,3.6109179126442243,8.0,5.0,4.0,1.0,5
29879,3,0.0,0.0,1.0,1,1,2.6390573296152584,2.0,3.6109179126442243,8.0,5.0,4.0,1.0,5
29880,3,0.0,0.0,1.0,1,1,2.6390573296152584,2.0,3.6109179126442243,8.0,5.0,4.0,1.0,5
29882,3,0.0,0.0,1.0,1,1,2.5649493574615367,1.0,3.8501476017100584,6.0,3.0,4.0,1.0,7
29886,3,0.0,0.0,2.0,4,2,2.772588722239781,1.0,3.1780538303479458,8.0,8.0,4.0,1.0,3
29887,3,0.0,0.0,2.0,4,2,2.772588722239781,1.0,3.1780538303479458,8.0,8.0,4.0,1.0,3
29901,3,0.0,0.0,1.0,1,1,2.70805020110221,1.0,4.174387269895637,8.0,6.0,4.0,2.0,6
29904,3,0.0,0.0,1.0,1,1,1.3862943611198906,1.0,3.5263605246161616,8.0,3.0,4.0,1.0,2
29907,2,0.0,3.0,1.0,4,1,1.791759469228055,1.0,3.6635616461296463,8.0,3.0,4.0,1.0,6
29908,2,0.0,0.0,1.0,4,1,1.791759469228055,1.0,3.6635616461296463,8.0,3.0,4.0,1.0,6
29909,3,0.0,0.0,2.0,1,2,2.6390573296152584,1.0,3.9318256327243257,1.0,6.0,4.0,1.0,2
29914,3,0.0,0.0,1.0,1,1,1.9459101490553132,2.0,3.5553480614894135,1.0,6.0,4.0,1.0,1
29917,3,0.0,0.0,2.0,1,7,2.0794415416798357,2.0,3.1354942159291497,8.0,9.0,2.0,1.0,1
29919,3,0.0,0.0,1.0,1,1,2.0794415416798357,1.0,3.4965075614664802,1.0,6.0,2.0,1.0,1
29928,3,0.0,0.0,1.0,1,1,2.302585092994046,1.0,3.9512437185814275,8.0,9.0,4.0,1.0,5
29930,3,0.0,0.0,1.0,1,1,2.70805020110221,1.0,3.1780538303479458,8.0,3.0,4.0,1.0,7
29931,3,0.0,0.0,1.0,1,1,2.70805020110221,1.0,3.1780538303479458,8.0,3.0,4.0,1.0,7
29934,3,4.0,0.0,1.0,1,1,1.3862943611198906,2.0,3.4011973816621555,1.0,3.0,4.0,1.0,6
29936,3,0.0,0.0,1.0,1,1,2.302585092994046,2.0,3.1354942159291497,8.0,3.0,4.0,1.0,7
29940,2,0.0,0.0,2.0,1,1,2.995732273553991,1.0,3.912023005428146,5.0,3.0,4.0,1.0,2
29941,2,0.0,0.0,2.0,1,1,1.3862943611198906,2.0,4.454347296253507,6.0,3.0,4.0,1.0,2
29943,3,0.0,0.0,1.0,1,1,2.70805020110221,2.0,3.8918202981106265,8.0,6.0,4.0,1.0,5
29944,3,0.0,0.0,1.0,1,1,1.791759469228055,2.0,3.1780538303479458,8.0,6.0,4.0,1.0,5
29945,3,0.0,0.0,1.0,1,1,1.6094379124341003,1.0,3.4011973816621555,1.0,3.0,4.0,1.0,4
29946,3,0.0,0.0,1.0,1,1,1.6094379124341003,1.0,3.4011973816621555,1.0,3.0,4.0,1.0,4
29947,3,0.0,0.0,1.0,1,1,1.6094379124341003,1.0,3.4011973816621555,1.0,3.0,4.0,1.0,4
29948,3,0.0,0.0,1.0,1,1,1.6094379124341003,1.0,3.4011973816621555,1.0,3.0,4.0,1.0,4
29949,3,0.0,0.0,1.0,1,1,1.6094379124341003,1.0,3.4011973816621555,1.0,3.0,4.0,1.0,4
29951,3,0.0,0.0,1.0,1,1,1.0986122886681098,1.0,2.995732273553991,1.0,3.0,4.0,1.0,1
29954,3,0.0,0.0,1.0,1,8,2.5649493574615367,2.0,3.2188758248682006,1.0,3.0,4.0,2.0,2
29956,3,0.0,0.0,1.0,1,1,2.302585092994046,2.0,3.2188758248682006,8.0,2.0,4.0,1.0,5
29959,3,0.0,0.0,1.0,1,1,2.1972245773362196,1.0,2.8903717578961645,8.0,3.0,4.0,1.0,7