accident_severity,special_conditions_at_site,pedestrian_movement,road_surface_conditions,light_conditions,weather_conditions,age_of_vehicle,sex_of_driver,age_of_driver,junction_location,junction_detail,junction_control,did_police_officer_attend_scene_of_accident,day_of_week
30644,3,0.0,0.0,1.0,1,1,1.6094379124341003,1.0,3.58351893845611,8.0,1.0,4.0,1.0,7
30645,3,0.0,0.0,1.0,1,1,1.6094379124341003,1.0,3.58351893845611,8.0,1.0,4.0,1.0,7
30648,3,0.0,0.0,1.0,4,1,1.0986122886681098,1.0,3.4657359027997265,8.0,6.0,4.0,1.0,4
30649,3,0.0,0.0,1.0,4,1,1.0986122886681098,1.0,3.4657359027997265,8.0,6.0,4.0,1.0,4
30650,3,0.0,0.0,1.0,4,1,1.0986122886681098,1.0,3.4657359027997265,8.0,6.0,4.0,1.0,4
30651,3,0.0,0.0,1.0,4,1,1.0986122886681098,1.0,3.4657359027997265,8.0,6.0,4.0,1.0,4
30654,3,0.0,0.0,1.0,1,1,2.0794415416798357,2.0,4.110873864173311,1.0,8.0,2.0,1.0,5
30656,3,0.0,0.0,1.0,1,1,1.3862943611198906,1.0,3.2188758248682006,8.0,3.0,4.0,1.0,3
30658,3,0.0,3.0,1.0,1,1,1.791759469228055,1.0,4.174387269895637,2.0,3.0,2.0,1.0,1
30661,3,0.0,0.0,1.0,1,1,2.5649493574615367,2.0,3.2188758248682006,1.0,2.0,4.0,2.0,2
30668,3,0.0,0.0,1.0,4,1,1.3862943611198906,1.0,4.07753744390572,1.0,3.0,4.0,1.0,5
30669,3,0.0,0.0,1.0,4,1,1.3862943611198906,1.0,4.07753744390572,1.0,3.0,4.0,1.0,5
30676,3,0.0,0.0,1.0,1,1,2.5649493574615367,2.0,3.332204510175204,8.0,2.0,4.0,1.0,5
30677,3,0.0,0.0,1.0,1,1,2.5649493574615367,2.0,3.332204510175204,8.0,2.0,4.0,1.0,5
30680,3,0.0,0.0,1.0,1,1,2.1972245773362196,2.0,3.332204510175204,2.0,3.0,4.0,1.0,4
30682,3,0.0,0.0,1.0,1,1,2.0794415416798357,1.0,3.1354942159291497,8.0,3.0,4.0,1.0,6
30683,3,0.0,0.0,1.0,4,1,2.5649493574615367,1.0,3.044522437723423,8.0,5.0,4.0,1.0,5
30684,3,0.0,0.0,1.0,4,1,2.5649493574615367,1.0,3.044522437723423,8.0,5.0,4.0,1.0,5
30686,3,3.0,0.0,1.0,1,1,2.3978952727983707,2.0,4.23410650459726,8.0,3.0,3.0,1.0,3
30689,3,0.0,0.0,1.0,1,1,1.791759469228055,1.0,4.007333185232471,1.0,5.0,4.0,1.0,7
30695,3,0.0,0.0,1.0,1,1,2.302585092994046,2.0,3.258096538021482,1.0,2.0,4.0,1.0,7
30697,3,0.0,0.0,1.0,7,1,1.6094379124341003,1.0,3.1780538303479458,8.0,3.0,4.0,1.0,1
30698,3,0.0,0.0,2.0,4,2,1.791759469228055,1.0,2.8903717578961645,8.0,3.0,4.0,1.0,6
30705,3,0.0,0.0,2.0,1,1,2.70805020110221,2.0,3.9512437185814275,1.0,3.0,4.0,1.0,3
30706,3,0.0,3.0,1.0,1,1,1.9459101490553132,1.0,3.8918202981106265,1.0,5.0,4.0,1.0,6
30708,3,0.0,0.0,1.0,1,1,1.0986122886681098,1.0,3.5553480614894135,8.0,3.0,4.0,1.0,3
30709,3,0.0,0.0,1.0,4,1,1.3862943611198906,1.0,3.332204510175204,1.0,5.0,4.0,1.0,3
30713,3,0.0,0.0,1.0,7,1,0.6931471805599453,1.0,2.9444389791664403,5.0,3.0,4.0,1.0,7
30720,3,0.0,0.0,2.0,1,2,2.772588722239781,1.0,3.258096538021482,8.0,3.0,4.0,2.0,6
30726,3,0.0,9.0,1.0,1,1,2.0794415416798357,1.0,2.8903717578961645,2.0,3.0,4.0,1.0,7
30730,3,0.0,0.0,1.0,4,1,2.4849066497880004,1.0,3.1780538303479458,8.0,3.0,4.0,1.0,2
30731,3,0.0,0.0,1.0,1,1,1.3862943611198906,1.0,3.4965075614664802,8.0,1.0,4.0,2.0,5
30735,3,0.0,0.0,2.0,4,2,1.9459101490553132,1.0,3.2188758248682006,8.0,3.0,4.0,1.0,7
30739,3,0.0,0.0,2.0,1,2,1.3862943611198906,2.0,2.9444389791664403,8.0,6.0,4.0,1.0,6
30745,3,0.0,0.0,1.0,1,1,2.6390573296152584,2.0,3.713572066704308,1.0,3.0,4.0,1.0,2
30747,2,0.0,0.0,1.0,1,1,1.791759469228055,1.0,4.0943445622221,8.0,3.0,4.0,1.0,7
30749,3,0.0,0.0,1.0,1,1,2.0794415416798357,2.0,3.295836866004329,8.0,3.0,4.0,1.0,2
30751,3,0.0,0.0,1.0,4,1,0.6931471805599453,1.0,2.995732273553991,8.0,8.0,4.0,1.0,2
30753,3,0.0,0.0,1.0,4,1,1.791759469228055,1.0,3.5263605246161616,8.0,3.0,2.0,1.0,1
30758,3,0.0,0.0,1.0,1,1,2.6390573296152584,2.0,3.6635616461296463,5.0,3.0,4.0,1.0,6
30760,3,0.0,0.0,1.0,1,1,0.6931471805599453,1.0,3.828641396489095,8.0,3.0,4.0,1.0,3
30761,3,0.0,0.0,1.0,1,1,1.3862943611198906,1.0,4.110873864173311,8.0,8.0,4.0,1.0,2
30762,3,0.0,0.0,1.0,1,1,1.3862943611198906,1.0,4.110873864173311,8.0,8.0,4.0,1.0,2
30765,3,0.0,0.0,2.0,4,2,1.6094379124341003,1.0,3.7612001156935624,8.0,6.0,2.0,1.0,1
30766,3,0.0,0.0,2.0,4,2,2.70805020110221,2.0,3.5553480614894135,8.0,6.0,2.0,1.0,1
30768,2,0.0,0.0,1.0,1,1,1.0986122886681098,2.0,3.4339872044851463,8.0,3.0,4.0,1.0,6
30772,3,0.0,0.0,1.0,1,1,2.302585092994046,1.0,3.713572066704308,8.0,1.0,4.0,1.0,6
30774,3,0.0,0.0,1.0,1,1,2.302585092994046,2.0,4.060443010546419,2.0,3.0,4.0,1.0,4
30776,3,0.0,1.0,1.0,1,1,1.9459101490553132,1.0,3.912023005428146,1.0,3.0,4.0,1.0,5
30777,3,0.0,0.0,1.0,1,1,0.6931471805599453,1.0,3.58351893845611,8.0,3.0,2.0,1.0,1
30778,3,0.0,0.0,1.0,1,1,0.6931471805599453,1.0,3.5263605246161616,8.0,1.0,4.0,1.0,2
30784,3,0.0,0.0,1.0,1,1,2.772588722239781,1.0,3.713572066704308,8.0,8.0,4.0,2.0,2
30786,3,0.0,0.0,1.0,1,1,1.6094379124341003,1.0,3.8066624897703196,8.0,6.0,2.0,2.0,3
30792,3,0.0,0.0,1.0,1,1,2.4849066497880004,2.0,3.9512437185814275,1.0,1.0,4.0,2.0,4
30794,3,0.0,3.0,1.0,1,1,2.0794415416798357,1.0,3.8066624897703196,8.0,8.0,4.0,1.0,2
30798,3,0.0,0.0,1.0,1,1,2.4849066497880004,2.0,3.713572066704308,1.0,3.0,4.0,2.0,6
30800,3,0.0,0.0,1.0,1,1,2.3978952727983707,1.0,3.091042453358316,2.0,3.0,4.0,1.0,6
30801,3,0.0,0.0,1.0,1,1,2.3978952727983707,1.0,3.091042453358316,2.0,3.0,4.0,1.0,6
30802,3,0.0,0.0,1.0,1,1,1.9459101490553132,1.0,3.1354942159291497,2.0,3.0,4.0,1.0,6
30806,3,0.0,0.0,1.0,1,1,0.6931471805599453,1.0,3.091042453358316,1.0,3.0,4.0,1.0,7
30811,3,0.0,0.0,1.0,4,1,1.0986122886681098,1.0,3.5553480614894135,6.0,3.0,4.0,1.0,3
30816,2,0.0,0.0,2.0,4,2,1.3862943611198906,1.0,3.7376696182833684,8.0,3.0,4.0,1.0,7
30817,3,0.0,0.0,1.0,1,1,1.6094379124341003,2.0,3.4011973816621555,8.0,3.0,4.0,1.0,4
30821,3,0.0,3.0,1.0,1,1,1.9459101490553132,1.0,3.9318256327243257,2.0,6.0,2.0,1.0,2
30827,3,0.0,0.0,1.0,1,1,2.9444389791664403,1.0,3.332204510175204,1.0,3.0,4.0,1.0,7
30829,3,0.0,0.0,1.0,1,1,2.833213344056216,1.0,3.5263605246161616,8.0,8.0,4.0,1.0,1
30830,3,0.0,2.0,1.0,1,1,0.6931471805599453,1.0,2.9444389791664403,2.0,3.0,4.0,1.0,4
30836,3,0.0,0.0,2.0,1,1,2.302585092994046,1.0,3.7376696182833684,2.0,3.0,4.0,1.0,3
30837,3,0.0,2.0,2.0,1,1,2.302585092994046,1.0,3.7376696182833684,2.0,3.0,4.0,1.0,3
30839,3,0.0,0.0,1.0,1,1,1.791759469228055,1.0,3.4657359027997265,1.0,7.0,2.0,1.0,5
30840,3,0.0,0.0,1.0,1,1,1.791759469228055,1.0,3.4657359027997265,1.0,7.0,2.0,1.0,5
30842,3,0.0,0.0,1.0,4,1,2.0794415416798357,1.0,3.4965075614664802,8.0,8.0,4.0,1.0,3
30843,3,0.0,0.0,1.0,1,1,2.3978952727983707,2.0,3.4657359027997265,6.0,8.0,3.0,1.0,5
30845,3,0.0,1.0,1.0,1,1,1.0986122886681098,2.0,3.6109179126442243,1.0,6.0,2.0,1.0,3
30846,3,0.0,1.0,1.0,1,1,1.0986122886681098,2.0,3.6109179126442243,1.0,6.0,2.0,1.0,3
30847,3,0.0,0.0,2.0,1,2,0.6931471805599453,1.0,3.367295829986474,8.0,2.0,4.0,1.0,7
30850,3,0.0,0.0,1.0,1,1,2.4849066497880004,1.0,3.044522437723423,8.0,8.0,4.0,1.0,1
30852,3,0.0,1.0,1.0,1,1,2.3978952727983707,1.0,3.091042453358316,2.0,3.0,4.0,1.0,5
30854,3,0.0,0.0,1.0,1,1,2.833213344056216,1.0,4.1588830833596715,8.0,3.0,4.0,1.0,1
30856,3,0.0,0.0,1.0,1,1,2.4849066497880004,1.0,3.091042453358316,8.0,3.0,4.0,1.0,4
30857,3,0.0,0.0,1.0,1,1,1.6094379124341003,1.0,3.091042453358316,8.0,3.0,4.0,1.0,4
30858,3,0.0,0.0,1.0,1,1,2.70805020110221,1.0,3.8066624897703196,6.0,7.0,2.0,1.0,5
30859,3,0.0,0.0,1.0,1,1,2.70805020110221,1.0,3.8066624897703196,6.0,7.0,2.0,1.0,5
30862,3,0.0,0.0,1.0,1,1,2.3978952727983707,1.0,3.295836866004329,8.0,8.0,4.0,1.0,4
30864,3,0.0,0.0,1.0,1,1,1.791759469228055,1.0,3.8066624897703196,8.0,6.0,2.0,1.0,6
30865,3,0.0,0.0,1.0,1,1,2.8903717578961645,1.0,4.23410650459726,8.0,3.0,4.0,1.0,6
30870,3,0.0,0.0,1.0,4,1,1.0986122886681098,1.0,3.1354942159291497,2.0,3.0,4.0,1.0,1
30874,3,0.0,0.0,1.0,1,1,2.1972245773362196,1.0,2.995732273553991,8.0,2.0,4.0,1.0,3
30875,3,0.0,0.0,1.0,1,1,0.6931471805599453,1.0,3.8066624897703196,8.0,3.0,4.0,2.0,4
30877,3,0.0,0.0,1.0,1,1,0.6931471805599453,1.0,4.02535169073515,8.0,6.0,4.0,1.0,7
30879,3,0.0,0.0,1.0,1,1,1.0986122886681098,1.0,3.6635616461296463,8.0,3.0,4.0,2.0,7
30880,3,0.0,0.0,1.0,1,1,1.0986122886681098,1.0,3.6635616461296463,8.0,3.0,4.0,2.0,7
30883,3,0.0,3.0,1.0,1,1,1.791759469228055,1.0,3.2188758248682006,2.0,3.0,4.0,1.0,1
30884,3,0.0,0.0,1.0,1,1,2.1972245773362196,1.0,3.6635616461296463,8.0,8.0,4.0,1.0,3
30889,3,0.0,0.0,1.0,1,1,2.995732273553991,1.0,3.871201010907891,8.0,3.0,4.0,1.0,3
30896,3,0.0,1.0,1.0,1,1,1.0986122886681098,1.0,3.4011973816621555,1.0,3.0,2.0,1.0,4
30898,3,0.0,0.0,1.0,1,1,1.0986122886681098,1.0,3.4657359027997265,8.0,3.0,4.0,1.0,7
30899,3,0.0,0.0,1.0,1,1,1.791759469228055,1.0,3.6635616461296463,1.0,9.0,2.0,1.0,3
30900,3,0.0,0.0,1.0,1,1,1.791759469228055,1.0,3.6635616461296463,1.0,9.0,2.0,1.0,3
30902,2,0.0,0.0,1.0,1,1,2.4849066497880004,1.0,3.5553480614894135,8.0,3.0,4.0,1.0,5
30909,3,0.0,0.0,1.0,1,1,2.4849066497880004,1.0,4.007333185232471,8.0,1.0,4.0,1.0,3
30920,3,0.0,0.0,1.0,1,1,1.0986122886681098,1.0,3.1780538303479458,8.0,6.0,2.0,1.0,6
30924,3,0.0,0.0,1.0,1,1,1.791759469228055,1.0,3.367295829986474,2.0,6.0,2.0,1.0,3
30925,3,0.0,0.0,1.0,1,1,1.791759469228055,1.0,3.367295829986474,2.0,6.0,2.0,1.0,3
30926,3,0.0,0.0,1.0,1,1,1.791759469228055,1.0,3.367295829986474,2.0,6.0,2.0,1.0,3
30927,3,0.0,3.0,1.0,1,1,2.3978952727983707,1.0,4.04305126783455,1.0,9.0,4.0,1.0,3
30928,3,0.0,0.0,1.0,1,1,1.791759469228055,1.0,3.8066624897703196,1.0,9.0,2.0,1.0,5
30931,3,0.0,0.0,1.0,1,1,1.3862943611198906,2.0,4.060443010546419,8.0,3.0,4.0,1.0,1
30933,3,0.0,1.0,1.0,1,1,1.791759469228055,2.0,3.091042453358316,1.0,3.0,4.0,1.0,7
30934,3,0.0,0.0,1.0,1,1,1.6094379124341003,2.0,3.044522437723423,2.0,3.0,4.0,1.0,6
30935,3,0.0,0.0,1.0,1,1,1.6094379124341003,2.0,3.044522437723423,2.0,3.0,4.0,1.0,6
30938,3,0.0,0.0,2.0,1,2,1.3862943611198906,2.0,3.8918202981106265,1.0,6.0,2.0,1.0,2
30942,3,0.0,1.0,1.0,1,1,2.5649493574615367,1.0,3.6375861597263857,8.0,3.0,2.0,1.0,5
30944,3,0.0,0.0,1.0,1,1,2.3978952727983707,1.0,3.7612001156935624,2.0,3.0,4.0,1.0,5
30945,3,0.0,0.0,1.0,1,1,2.3978952727983707,1.0,3.7612001156935624,2.0,3.0,4.0,1.0,5
30948,3,0.0,0.0,1.0,1,1,2.5649493574615367,1.0,3.8918202981106265,8.0,3.0,4.0,1.0,6
30962,3,0.0,3.0,1.0,1,1,1.9459101490553132,2.0,4.007333185232471,1.0,3.0,4.0,1.0,5
30968,3,0.0,0.0,1.0,4,1,1.0986122886681098,1.0,2.995732273553991,8.0,3.0,4.0,1.0,5
30972,3,0.0,0.0,1.0,1,1,0.6931471805599453,1.0,3.091042453358316,8.0,9.0,4.0,1.0,6
30973,3,0.0,0.0,1.0,1,1,2.70805020110221,1.0,3.8501476017100584,1.0,3.0,4.0,1.0,7
30974,3,0.0,0.0,1.0,1,1,2.70805020110221,1.0,3.8501476017100584,1.0,3.0,4.0,1.0,7
30978,3,0.0,0.0,1.0,4,1,2.5649493574615367,1.0,3.1780538303479458,8.0,3.0,2.0,1.0,1
30979,3,0.0,0.0,1.0,4,1,2.5649493574615367,1.0,3.1780538303479458,8.0,3.0,2.0,1.0,1
30984,3,0.0,0.0,1.0,4,1,2.70805020110221,1.0,3.258096538021482,8.0,3.0,2.0,1.0,3
30992,3,0.0,0.0,1.0,1,1,1.791759469228055,1.0,3.8066624897703196,8.0,3.0,4.0,1.0,1
30994,3,0.0,0.0,1.0,1,1,1.9459101490553132,1.0,3.1354942159291497,8.0,3.0,4.0,1.0,4
30996,3,0.0,0.0,1.0,1,1,1.0986122886681098,1.0,3.1354942159291497,8.0,6.0,4.0,1.0,6
31001,3,0.0,0.0,1.0,1,1,2.6390573296152584,1.0,3.9512437185814275,8.0,9.0,4.0,1.0,7
31002,3,0.0,0.0,1.0,1,1,1.3862943611198906,1.0,3.784189633918261,1.0,6.0,2.0,1.0,5
31003,3,0.0,0.0,1.0,1,1,1.3862943611198906,1.0,3.784189633918261,1.0,6.0,2.0,1.0,5
31004,3,0.0,0.0,1.0,1,1,1.3862943611198906,1.0,3.784189633918261,1.0,6.0,2.0,1.0,5
31005,3,0.0,0.0,1.0,4,1,2.0794415416798357,1.0,4.02535169073515,2.0,3.0,4.0,1.0,3
31007,3,0.0,0.0,2.0,4,2,0.6931471805599453,1.0,3.4965075614664802,1.0,3.0,4.0,1.0,6
31011,3,0.0,2.0,2.0,4,2,0.6931471805599453,1.0,2.9444389791664403,1.0,3.0,4.0,1.0,3
31012,3,0.0,0.0,1.0,1,1,2.5649493574615367,2.0,4.276666119016055,1.0,3.0,4.0,1.0,7
31017,3,0.0,9.0,1.0,4,1,1.791759469228055,1.0,3.367295829986474,1.0,6.0,2.0,1.0,1
31018,3,0.0,0.0,1.0,4,1,2.1972245773362196,2.0,3.912023005428146,2.0,3.0,4.0,1.0,7
31019,3,0.0,0.0,1.0,4,1,2.302585092994046,1.0,3.1780538303479458,1.0,3.0,4.0,1.0,7
31021,3,0.0,0.0,1.0,1,1,1.3862943611198906,1.0,3.332204510175204,8.0,3.0,4.0,1.0,2
31022,3,0.0,2.0,1.0,1,1,1.6094379124341003,2.0,3.6635616461296463,1.0,3.0,4.0,1.0,3
31026,3,0.0,0.0,1.0,4,1,1.6094379124341003,2.0,3.258096538021482,1.0,3.0,4.0,1.0,7
31028,3,0.0,0.0,1.0,1,1,1.0986122886681098,1.0,4.382026634673881,1.0,3.0,4.0,1.0,7
31029,3,0.0,0.0,1.0,1,1,2.4849066497880004,2.0,4.007333185232471,8.0,6.0,4.0,1.0,4
31031,3,0.0,3.0,1.0,1,1,1.791759469228055,1.0,4.290459441148391,8.0,3.0,4.0,1.0,4
31033,2,0.0,0.0,1.0,1,1,2.1972245773362196,1.0,3.6109179126442243,1.0,3.0,4.0,1.0,3
31042,3,0.0,0.0,1.0,1,1,2.3978952727983707,2.0,3.4657359027997265,1.0,3.0,4.0,1.0,1
31044,3,0.0,0.0,1.0,1,1,2.0794415416798357,1.0,4.07753744390572,1.0,3.0,4.0,2.0,3
31045,3,0.0,0.0,1.0,1,1,2.0794415416798357,1.0,4.07753744390572,1.0,3.0,4.0,2.0,3
31055,3,0.0,0.0,1.0,1,1,2.5649493574615367,1.0,4.143134726391533,8.0,3.0,4.0,1.0,5
31061,3,0.0,3.0,1.0,1,1,2.70805020110221,1.0,4.127134385045092,8.0,1.0,4.0,1.0,2
31062,3,0.0,0.0,1.0,1,1,2.0794415416798357,1.0,3.258096538021482,8.0,6.0,4.0,1.0,5
31080,3,0.0,0.0,1.0,4,1,1.0986122886681098,1.0,3.091042453358316,8.0,9.0,4.0,1.0,4
31087,3,0.0,0.0,1.0,7,1,1.3862943611198906,1.0,3.091042453358316,8.0,2.0,4.0,1.0,6
31092,3,0.0,0.0,2.0,1,2,2.302585092994046,1.0,3.2188758248682006,8.0,3.0,4.0,1.0,4
31094,3,0.0,9.0,1.0,1,1,1.0986122886681098,1.0,3.7612001156935624,2.0,6.0,4.0,1.0,4
31097,3,0.0,0.0,1.0,4,1,2.4849066497880004,1.0,3.044522437723423,8.0,8.0,4.0,1.0,4
31099,3,0.0,0.0,1.0,4,1,2.4849066497880004,1.0,2.9444389791664403,2.0,3.0,4.0,1.0,2
31108,3,0.0,1.0,1.0,1,1,2.3978952727983707,1.0,4.02535169073515,2.0,9.0,4.0,1.0,4
31112,3,0.0,0.0,1.0,1,1,1.0986122886681098,1.0,3.295836866004329,8.0,5.0,2.0,2.0,6
31127,2,0.0,0.0,1.0,4,1,1.791759469228055,1.0,2.8903717578961645,1.0,3.0,4.0,1.0,6
31131,3,0.0,0.0,1.0,7,1,2.1972245773362196,1.0,3.258096538021482,8.0,1.0,4.0,1.0,1
31135,3,0.0,0.0,2.0,1,1,2.3978952727983707,1.0,4.02535169073515,1.0,3.0,4.0,1.0,7
31136,3,0.0,2.0,1.0,1,1,1.3862943611198906,1.0,3.6375861597263857,1.0,9.0,2.0,1.0,4
31143,3,0.0,0.0,1.0,1,1,2.3978952727983707,1.0,4.04305126783455,8.0,3.0,4.0,1.0,3
31152,3,0.0,0.0,2.0,1,2,2.4849066497880004,2.0,3.367295829986474,8.0,9.0,4.0,1.0,6
31164,3,0.0,0.0,1.0,1,1,1.0986122886681098,2.0,4.189654742026425,8.0,3.0,4.0,1.0,7
31166,3,0.0,0.0,1.0,4,1,1.9459101490553132,1.0,3.6888794541139363,5.0,3.0,2.0,1.0,5
31174,3,0.0,0.0,1.0,4,1,2.0794415416798357,1.0,3.8918202981106265,6.0,9.0,2.0,1.0,7
31175,3,4.0,0.0,1.0,4,1,2.4849066497880004,1.0,3.4657359027997265,2.0,5.0,4.0,1.0,7
31177,3,0.0,0.0,1.0,1,9,1.791759469228055,1.0,3.295836866004329,1.0,3.0,4.0,1.0,6
31178,3,0.0,0.0,1.0,1,9,1.791759469228055,1.0,3.295836866004329,1.0,3.0,4.0,1.0,6
31179,3,0.0,0.0,1.0,1,9,1.791759469228055,1.0,3.295836866004329,1.0,3.0,4.0,1.0,6
31180,3,0.0,0.0,1.0,1,9,1.791759469228055,1.0,3.295836866004329,1.0,3.0,4.0,1.0,6
31183,3,0.0,1.0,1.0,4,1,1.3862943611198906,2.0,3.1780538303479458,1.0,3.0,4.0,1.0,2
31184,3,0.0,0.0,1.0,1,1,2.6390573296152584,1.0,3.9512437185814275,1.0,6.0,4.0,1.0,6
31187,3,0.0,0.0,1.0,7,1,1.0986122886681098,1.0,3.784189633918261,8.0,3.0,4.0,1.0,4
31195,3,0.0,0.0,1.0,1,1,0.6931471805599453,1.0,3.784189633918261,1.0,3.0,4.0,1.0,5
31196,3,0.0,0.0,1.0,1,1,0.6931471805599453,1.0,3.784189633918261,1.0,3.0,4.0,1.0,5
31205,3,0.0,0.0,1.0,1,1,2.6390573296152584,1.0,3.6888794541139363,8.0,3.0,4.0,1.0,3
31206,3,0.0,0.0,1.0,1,1,2.6390573296152584,1.0,3.6888794541139363,8.0,3.0,4.0,1.0,3
31208,3,0.0,0.0,2.0,1,2,0.6931471805599453,1.0,3.970291913552122,8.0,3.0,4.0,1.0,6
31216,3,4.0,0.0,1.0,4,1,2.4849066497880004,1.0,4.07753744390572,8.0,6.0,4.0,1.0,5
31217,3,4.0,0.0,1.0,4,1,1.9459101490553132,1.0,3.713572066704308,6.0,6.0,4.0,1.0,5
31218,3,0.0,0.0,1.0,1,1,2.3978952727983707,2.0,3.5553480614894135,8.0,3.0,2.0,1.0,7
31219,3,0.0,0.0,1.0,1,1,2.5649493574615367,1.0,3.258096538021482,6.0,3.0,2.0,1.0,7
31222,3,0.0,0.0,1.0,1,1,0.6931471805599453,1.0,3.970291913552122,8.0,1.0,4.0,1.0,4
31225,3,0.0,0.0,1.0,1,1,2.8903717578961645,1.0,4.04305126783455,8.0,1.0,4.0,2.0,2
31227,3,0.0,0.0,1.0,1,1,2.6390573296152584,1.0,3.784189633918261,8.0,8.0,4.0,1.0,4
31232,3,0.0,0.0,1.0,1,1,1.3862943611198906,1.0,3.295836866004329,1.0,9.0,4.0,1.0,6
31234,3,0.0,0.0,1.0,4,1,2.995732273553991,1.0,3.7612001156935624,8.0,8.0,4.0,1.0,2
31235,3,0.0,0.0,1.0,4,1,2.995732273553991,1.0,3.7612001156935624,8.0,8.0,4.0,1.0,2
31236,3,0.0,0.0,1.0,4,1,2.4849066497880004,2.0,3.58351893845611,6.0,8.0,4.0,1.0,2
31239,3,0.0,0.0,1.0,1,1,2.0794415416798357,1.0,3.5553480614894135,8.0,3.0,4.0,1.0,7
31241,3,0.0,0.0,1.0,1,1,1.791759469228055,1.0,3.4657359027997265,2.0,9.0,2.0,2.0,1
31244,3,0.0,0.0,1.0,1,1,1.791759469228055,1.0,4.04305126783455,2.0,3.0,4.0,1.0,7
31249,3,0.0,0.0,1.0,1,1,2.5649493574615367,1.0,3.8918202981106265,1.0,3.0,2.0,1.0,2
31250,3,0.0,0.0,1.0,1,1,2.1972245773362196,1.0,3.1354942159291497,8.0,3.0,2.0,1.0,1
31254,3,0.0,4.0,2.0,1,2,0.6931471805599453,1.0,3.332204510175204,1.0,5.0,4.0,1.0,3
31257,3,0.0,0.0,2.0,1,1,1.9459101490553132,1.0,4.02535169073515,1.0,3.0,4.0,1.0,3
31265,2,0.0,0.0,1.0,1,1,1.791759469228055,1.0,3.1354942159291497,8.0,9.0,4.0,1.0,4
31274,3,0.0,0.0,1.0,1,1,2.302585092994046,1.0,3.6888794541139363,8.0,3.0,4.0,1.0,6
31276,3,0.0,9.0,1.0,1,1,1.9459101490553132,2.0,4.110873864173311,5.0,3.0,4.0,1.0,6
31277,3,0.0,0.0,1.0,1,1,2.8903717578961645,2.0,3.58351893845611,8.0,3.0,4.0,1.0,7
31279,3,0.0,0.0,1.0,7,1,2.6390573296152584,2.0,3.295836866004329,2.0,5.0,4.0,2.0,4
31290,3,0.0,0.0,1.0,1,9,1.6094379124341003,1.0,3.4011973816621555,1.0,3.0,4.0,1.0,6
31291,3,0.0,0.0,1.0,1,9,2.70805020110221,2.0,3.5553480614894135,1.0,3.0,4.0,1.0,6
31294,3,0.0,0.0,1.0,7,1,0.6931471805599453,1.0,3.7376696182833684,8.0,3.0,4.0,1.0,6
31296,2,0.0,0.0,1.0,4,1,1.3862943611198906,1.0,3.713572066704308,8.0,6.0,2.0,2.0,5
31297,2,0.0,0.0,1.0,4,1,1.3862943611198906,1.0,3.713572066704308,8.0,6.0,2.0,2.0,5
31299,3,0.0,0.0,1.0,1,1,2.0794415416798357,2.0,3.5553480614894135,6.0,9.0,4.0,1.0,4
31303,3,0.0,0.0,2.0,4,1,1.9459101490553132,1.0,3.5263605246161616,8.0,3.0,2.0,1.0,7
31305,3,0.0,0.0,2.0,1,2,2.1972245773362196,1.0,3.5553480614894135,1.0,5.0,2.0,1.0,2
31308,3,0.0,0.0,2.0,1,2,1.0986122886681098,1.0,3.295836866004329,8.0,3.0,4.0,1.0,2
31311,3,0.0,0.0,2.0,1,1,1.0986122886681098,1.0,3.6109179126442243,8.0,3.0,4.0,1.0,4
31313,2,0.0,9.0,1.0,4,1,2.4849066497880004,1.0,3.295836866004329,2.0,3.0,2.0,1.0,1
31320,3,0.0,0.0,1.0,1,1,2.0794415416798357,1.0,3.8918202981106265,8.0,3.0,2.0,1.0,6
31324,3,0.0,0.0,2.0,1,2,1.3862943611198906,1.0,3.8918202981106265,1.0,3.0,3.0,1.0,2
31329,2,0.0,0.0,1.0,1,1,2.8903717578961645,1.0,3.970291913552122,8.0,3.0,1.0,1.0,1
31337,3,0.0,0.0,2.0,1,9,1.6094379124341003,1.0,3.295836866004329,8.0,8.0,4.0,1.0,1
31339,3,0.0,0.0,1.0,1,1,2.5649493574615367,1.0,3.332204510175204,8.0,3.0,4.0,1.0,4
31340,3,0.0,0.0,1.0,1,1,2.3978952727983707,1.0,4.04305126783455,8.0,3.0,4.0,1.0,4
31349,3,0.0,0.0,1.0,1,1,2.1972245773362196,1.0,3.332204510175204,8.0,8.0,4.0,1.0,7
31350,3,0.0,0.0,2.0,1,2,2.302585092994046,1.0,3.044522437723423,8.0,3.0,4.0,1.0,2
31351,3,0.0,0.0,2.0,1,2,2.3978952727983707,1.0,3.784189633918261,8.0,3.0,4.0,1.0,2
31356,3,4.0,9.0,1.0,4,1,2.4849066497880004,1.0,3.332204510175204,2.0,3.0,4.0,1.0,5
31358,3,0.0,0.0,2.0,1,9,2.3978952727983707,1.0,3.4657359027997265,8.0,1.0,4.0,1.0,3
31361,2,0.0,0.0,1.0,1,1,2.3978952727983707,1.0,3.7612001156935624,8.0,3.0,4.0,1.0,4