accident_severity,special_conditions_at_site,pedestrian_movement,road_surface_conditions,light_conditions,weather_conditions,age_of_vehicle,sex_of_driver,age_of_driver,junction_location,junction_detail,junction_control,did_police_officer_attend_scene_of_accident,day_of_week
31363,3,4.0,0.0,1.0,4,1,1.9459101490553132,1.0,3.6375861597263857,8.0,5.0,4.0,1.0,4
31378,3,0.0,0.0,1.0,1,1,1.3862943611198906,1.0,2.8903717578961645,2.0,3.0,2.0,1.0,7
31380,3,0.0,0.0,1.0,1,1,2.4849066497880004,1.0,3.9318256327243257,1.0,3.0,4.0,1.0,7
31385,3,0.0,0.0,1.0,1,1,2.6390573296152584,1.0,3.713572066704308,8.0,3.0,4.0,1.0,5
31386,3,0.0,0.0,1.0,1,1,1.0986122886681098,1.0,3.1780538303479458,8.0,3.0,4.0,1.0,5
31389,3,0.0,0.0,1.0,1,1,2.302585092994046,2.0,3.367295829986474,1.0,6.0,2.0,1.0,7
31390,3,0.0,0.0,1.0,1,1,2.302585092994046,2.0,4.007333185232471,1.0,6.0,2.0,1.0,7
31391,3,0.0,0.0,1.0,1,1,2.302585092994046,2.0,4.007333185232471,1.0,6.0,2.0,1.0,7
31392,3,0.0,0.0,1.0,1,1,2.4849066497880004,1.0,3.9512437185814275,8.0,3.0,4.0,1.0,5
31393,3,0.0,0.0,1.0,1,1,2.4849066497880004,1.0,3.9512437185814275,8.0,3.0,4.0,1.0,5
31399,3,0.0,0.0,1.0,1,1,1.3862943611198906,1.0,3.6635616461296463,8.0,3.0,4.0,1.0,5
31404,3,0.0,0.0,1.0,1,1,1.0986122886681098,2.0,3.6109179126442243,8.0,6.0,4.0,1.0,5
31405,3,0.0,0.0,1.0,1,1,0.6931471805599453,1.0,3.6109179126442243,1.0,3.0,4.0,1.0,7
31412,3,0.0,0.0,1.0,4,1,2.302585092994046,1.0,3.6888794541139363,1.0,3.0,4.0,2.0,2
31415,3,0.0,1.0,1.0,1,1,2.5649493574615367,2.0,3.4965075614664802,2.0,3.0,2.0,1.0,5
31421,3,0.0,0.0,1.0,1,1,2.0794415416798357,2.0,3.1354942159291497,1.0,3.0,2.0,1.0,7
31423,3,0.0,0.0,1.0,4,1,2.0794415416798357,1.0,3.1354942159291497,1.0,3.0,4.0,2.0,4
31433,3,0.0,0.0,1.0,1,1,2.4849066497880004,1.0,3.7612001156935624,5.0,3.0,4.0,1.0,7
31435,2,0.0,9.0,1.0,1,1,2.0794415416798357,1.0,3.871201010907891,1.0,1.0,4.0,1.0,2
31440,3,0.0,0.0,1.0,1,1,2.1972245773362196,1.0,3.9889840465642745,2.0,3.0,4.0,1.0,6
31441,3,0.0,0.0,1.0,1,1,2.1972245773362196,1.0,3.9889840465642745,2.0,3.0,4.0,1.0,6
31443,3,0.0,0.0,1.0,1,1,1.3862943611198906,1.0,3.2188758248682006,8.0,3.0,4.0,1.0,4
31446,3,0.0,0.0,1.0,7,1,1.3862943611198906,1.0,2.995732273553991,8.0,2.0,4.0,1.0,3
31453,3,0.0,0.0,1.0,4,1,2.6390573296152584,1.0,3.9318256327243257,2.0,3.0,4.0,1.0,7
31454,3,0.0,0.0,1.0,1,1,2.302585092994046,2.0,3.295836866004329,2.0,3.0,4.0,1.0,3
31462,3,0.0,3.0,1.0,1,1,2.302585092994046,1.0,3.8918202981106265,1.0,3.0,4.0,1.0,6
31463,3,0.0,0.0,2.0,4,2,2.3978952727983707,1.0,3.4965075614664802,1.0,6.0,2.0,2.0,6
31467,3,0.0,0.0,1.0,1,1,1.0986122886681098,2.0,3.7612001156935624,1.0,3.0,4.0,1.0,7
31468,3,0.0,0.0,1.0,1,1,1.0986122886681098,2.0,3.7612001156935624,1.0,3.0,4.0,1.0,7
31471,3,0.0,0.0,1.0,4,1,2.0794415416798357,1.0,3.7612001156935624,8.0,6.0,2.0,1.0,3
31473,3,0.0,0.0,1.0,4,1,1.791759469228055,1.0,3.1354942159291497,8.0,3.0,4.0,1.0,2
31474,3,0.0,0.0,1.0,1,1,0.6931471805599453,1.0,3.9889840465642745,1.0,5.0,4.0,1.0,4
31475,3,0.0,0.0,1.0,1,1,0.6931471805599453,1.0,3.58351893845611,1.0,5.0,4.0,1.0,4
31476,3,0.0,0.0,1.0,1,1,0.6931471805599453,1.0,3.58351893845611,1.0,5.0,4.0,1.0,4
31477,3,0.0,0.0,1.0,1,1,2.1972245773362196,1.0,3.332204510175204,1.0,5.0,4.0,1.0,4
31479,3,0.0,0.0,1.0,1,1,1.0986122886681098,1.0,3.4657359027997265,8.0,3.0,4.0,1.0,2
31482,3,0.0,0.0,2.0,1,1,2.302585092994046,1.0,3.58351893845611,6.0,3.0,4.0,1.0,4
31489,3,0.0,9.0,1.0,1,1,1.9459101490553132,2.0,4.382026634673881,8.0,9.0,4.0,1.0,6
31494,3,0.0,3.0,1.0,1,1,1.9459101490553132,2.0,3.7612001156935624,1.0,3.0,4.0,1.0,2
31495,3,0.0,0.0,1.0,1,1,2.0794415416798357,1.0,3.7376696182833684,2.0,3.0,4.0,1.0,6
31499,3,0.0,0.0,1.0,1,1,2.302585092994046,1.0,4.07753744390572,8.0,3.0,4.0,1.0,7
31500,3,0.0,0.0,1.0,1,1,2.302585092994046,1.0,4.07753744390572,8.0,3.0,4.0,1.0,7
31504,3,0.0,9.0,2.0,4,2,1.6094379124341003,1.0,3.8501476017100584,8.0,1.0,4.0,1.0,4
31505,3,0.0,0.0,1.0,4,1,2.302585092994046,1.0,4.1588830833596715,8.0,3.0,4.0,1.0,1
31508,3,0.0,0.0,1.0,1,1,2.1972245773362196,1.0,4.02535169073515,8.0,9.0,2.0,1.0,3
31509,3,0.0,0.0,1.0,1,1,2.1972245773362196,1.0,4.02535169073515,8.0,9.0,2.0,1.0,3
31511,3,0.0,0.0,1.0,1,1,1.0986122886681098,1.0,3.4657359027997265,8.0,6.0,2.0,1.0,6
31521,3,0.0,0.0,1.0,7,1,2.833213344056216,1.0,3.367295829986474,8.0,1.0,4.0,1.0,2
31522,3,0.0,0.0,1.0,7,1,2.833213344056216,1.0,3.367295829986474,8.0,1.0,4.0,1.0,2
31525,3,0.0,0.0,2.0,4,1,2.833213344056216,2.0,3.8501476017100584,1.0,3.0,4.0,2.0,4
31529,2,0.0,0.0,2.0,1,9,2.1972245773362196,1.0,3.4657359027997265,6.0,3.0,4.0,1.0,7
31547,3,0.0,0.0,1.0,1,1,1.791759469228055,1.0,3.5553480614894135,8.0,3.0,4.0,1.0,7
31548,3,0.0,0.0,1.0,1,1,1.791759469228055,1.0,3.5553480614894135,8.0,3.0,4.0,1.0,7
31550,3,0.0,0.0,1.0,4,1,2.1972245773362196,1.0,3.332204510175204,8.0,6.0,2.0,1.0,2
31555,3,0.0,0.0,2.0,4,1,1.0986122886681098,1.0,3.044522437723423,8.0,3.0,4.0,1.0,4
31559,3,0.0,0.0,1.0,4,1,1.6094379124341003,1.0,3.091042453358316,2.0,2.0,4.0,1.0,2
31561,3,0.0,0.0,1.0,1,1,2.0794415416798357,2.0,3.5553480614894135,8.0,6.0,2.0,1.0,4
31576,3,0.0,0.0,1.0,1,1,1.791759469228055,1.0,3.367295829986474,8.0,3.0,4.0,1.0,7
31583,3,0.0,0.0,1.0,1,1,0.6931471805599453,1.0,3.332204510175204,8.0,3.0,4.0,2.0,7
31586,3,0.0,0.0,1.0,1,1,0.6931471805599453,1.0,3.4965075614664802,1.0,3.0,2.0,1.0,3
31587,3,0.0,0.0,1.0,1,1,0.6931471805599453,1.0,3.4965075614664802,1.0,3.0,2.0,1.0,3
31588,3,0.0,0.0,1.0,1,1,0.6931471805599453,1.0,3.4965075614664802,1.0,3.0,2.0,1.0,3
31589,3,0.0,0.0,1.0,1,1,0.6931471805599453,1.0,3.4965075614664802,1.0,3.0,2.0,1.0,3
31594,3,0.0,0.0,1.0,1,1,2.833213344056216,2.0,3.6635616461296463,8.0,8.0,2.0,1.0,3
31599,3,0.0,0.0,2.0,1,5,1.3862943611198906,1.0,3.258096538021482,1.0,6.0,2.0,1.0,6
31600,3,0.0,0.0,2.0,1,5,1.3862943611198906,1.0,3.258096538021482,1.0,6.0,2.0,1.0,6
31603,3,0.0,0.0,1.0,4,1,0.6931471805599453,1.0,3.1354942159291497,1.0,3.0,4.0,1.0,1
31606,3,0.0,0.0,1.0,1,1,1.9459101490553132,2.0,4.07753744390572,8.0,3.0,4.0,1.0,2
31608,3,0.0,0.0,1.0,4,1,1.6094379124341003,1.0,2.995732273553991,1.0,8.0,4.0,1.0,2
31610,3,0.0,0.0,1.0,1,1,1.791759469228055,1.0,3.9318256327243257,8.0,3.0,4.0,1.0,4
31617,3,0.0,0.0,1.0,1,1,1.0986122886681098,1.0,3.8918202981106265,8.0,6.0,4.0,1.0,7
31618,3,0.0,0.0,1.0,7,1,2.6390573296152584,1.0,3.295836866004329,1.0,3.0,4.0,1.0,1
31619,3,0.0,0.0,1.0,7,1,2.6390573296152584,1.0,3.295836866004329,1.0,3.0,4.0,1.0,1
31622,3,0.0,0.0,2.0,1,2,2.8903717578961645,1.0,3.1780538303479458,1.0,3.0,2.0,1.0,5
31623,3,0.0,0.0,1.0,1,1,2.1972245773362196,1.0,3.1354942159291497,8.0,3.0,4.0,1.0,6
31625,3,0.0,0.0,1.0,1,1,1.9459101490553132,2.0,3.7376696182833684,8.0,9.0,2.0,1.0,2
31628,3,0.0,0.0,1.0,1,1,2.70805020110221,1.0,3.258096538021482,1.0,3.0,2.0,1.0,6
31629,3,0.0,0.0,1.0,4,1,2.1972245773362196,1.0,3.6635616461296463,8.0,7.0,4.0,2.0,4
31631,3,0.0,1.0,1.0,4,1,2.1972245773362196,1.0,3.713572066704308,1.0,3.0,4.0,1.0,7
31636,3,0.0,0.0,1.0,4,1,1.9459101490553132,1.0,2.8903717578961645,1.0,3.0,2.0,1.0,3
31640,3,0.0,0.0,1.0,1,1,1.9459101490553132,1.0,3.871201010907891,2.0,3.0,4.0,1.0,4
31643,3,0.0,0.0,1.0,4,1,2.1972245773362196,1.0,2.9444389791664403,8.0,1.0,4.0,1.0,4
31645,3,0.0,0.0,1.0,1,1,2.4849066497880004,1.0,3.58351893845611,1.0,3.0,4.0,1.0,4
31646,3,0.0,0.0,1.0,1,1,2.4849066497880004,1.0,3.58351893845611,1.0,3.0,4.0,1.0,4
31652,3,0.0,0.0,2.0,1,2,2.4849066497880004,1.0,3.4657359027997265,8.0,3.0,4.0,1.0,5
31653,3,0.0,0.0,2.0,1,2,1.3862943611198906,2.0,3.295836866004329,8.0,3.0,4.0,1.0,5
31656,3,0.0,0.0,1.0,4,1,1.791759469228055,1.0,3.6635616461296463,1.0,6.0,2.0,1.0,6
31664,3,0.0,0.0,1.0,1,1,2.6390573296152584,1.0,3.2188758248682006,8.0,3.0,2.0,1.0,4
31667,3,0.0,9.0,1.0,1,1,2.1972245773362196,2.0,4.174387269895637,8.0,3.0,4.0,1.0,4
31668,3,0.0,0.0,1.0,4,1,1.9459101490553132,1.0,3.58351893845611,8.0,3.0,4.0,2.0,1
31670,3,0.0,1.0,2.0,4,5,2.833213344056216,1.0,3.4965075614664802,1.0,3.0,4.0,1.0,1
31672,3,0.0,0.0,2.0,1,2,0.6931471805599453,1.0,3.332204510175204,8.0,3.0,4.0,1.0,2
31675,3,0.0,0.0,2.0,1,9,2.0794415416798357,1.0,3.044522437723423,8.0,8.0,4.0,1.0,2
31676,3,0.0,0.0,2.0,1,9,2.5649493574615367,2.0,3.58351893845611,6.0,8.0,4.0,1.0,2
31677,3,0.0,0.0,2.0,1,2,1.9459101490553132,2.0,4.189654742026425,8.0,6.0,4.0,2.0,6
31681,2,0.0,0.0,2.0,1,5,1.791759469228055,2.0,4.07753744390572,8.0,3.0,4.0,1.0,2
31683,3,0.0,3.0,1.0,7,9,2.302585092994046,1.0,4.02535169073515,1.0,3.0,4.0,1.0,5
31688,3,0.0,0.0,1.0,7,1,2.0794415416798357,1.0,4.060443010546419,8.0,3.0,4.0,1.0,5
31693,2,0.0,0.0,2.0,4,9,2.4849066497880004,1.0,2.995732273553991,8.0,3.0,4.0,1.0,6
31698,3,0.0,0.0,1.0,4,1,2.1972245773362196,2.0,3.4657359027997265,6.0,3.0,4.0,1.0,2
31700,3,0.0,9.0,1.0,1,1,2.3978952727983707,1.0,3.58351893845611,1.0,3.0,4.0,1.0,5
31714,3,0.0,0.0,2.0,1,1,1.3862943611198906,1.0,3.4965075614664802,8.0,1.0,4.0,1.0,5
31719,3,0.0,0.0,1.0,1,1,2.3978952727983707,2.0,3.4339872044851463,8.0,3.0,4.0,1.0,6
31723,3,0.0,0.0,1.0,4,4,1.9459101490553132,1.0,3.091042453358316,8.0,3.0,4.0,1.0,7
31731,3,0.0,0.0,1.0,4,1,2.772588722239781,1.0,4.04305126783455,8.0,3.0,4.0,1.0,4
31738,3,0.0,0.0,1.0,4,1,1.3862943611198906,1.0,3.4011973816621555,8.0,3.0,2.0,1.0,1
31740,3,0.0,0.0,1.0,4,1,2.9444389791664403,1.0,3.58351893845611,8.0,3.0,2.0,1.0,5
31743,3,0.0,0.0,1.0,1,1,1.3862943611198906,1.0,3.4011973816621555,1.0,1.0,4.0,1.0,6
31744,2,0.0,0.0,1.0,4,1,1.9459101490553132,1.0,3.4339872044851463,8.0,3.0,2.0,2.0,4
31746,3,0.0,0.0,2.0,4,2,2.302585092994046,1.0,4.418840607796598,8.0,6.0,2.0,1.0,3
31748,3,0.0,0.0,1.0,1,1,1.6094379124341003,1.0,3.258096538021482,8.0,3.0,4.0,1.0,7
31750,3,0.0,0.0,1.0,1,1,2.772588722239781,1.0,3.2188758248682006,8.0,1.0,4.0,2.0,2
31753,3,0.0,0.0,1.0,4,1,2.6390573296152584,1.0,3.6109179126442243,8.0,3.0,4.0,1.0,4
31755,3,0.0,0.0,1.0,1,1,0.6931471805599453,1.0,3.6635616461296463,8.0,1.0,4.0,1.0,6
31758,3,0.0,0.0,1.0,4,1,2.1972245773362196,1.0,3.367295829986474,8.0,3.0,4.0,1.0,6
31759,3,0.0,0.0,1.0,4,1,2.1972245773362196,1.0,3.7376696182833684,8.0,3.0,4.0,1.0,6
31764,3,0.0,0.0,1.0,4,1,1.3862943611198906,1.0,3.367295829986474,8.0,3.0,4.0,1.0,4
31765,3,0.0,0.0,1.0,4,1,2.9444389791664403,2.0,4.23410650459726,8.0,1.0,4.0,2.0,1
31767,3,0.0,0.0,1.0,4,1,2.302585092994046,1.0,3.4965075614664802,8.0,3.0,4.0,1.0,1
31768,3,0.0,0.0,1.0,4,1,2.302585092994046,1.0,3.4965075614664802,8.0,3.0,4.0,1.0,1
31770,3,0.0,2.0,1.0,1,1,2.0794415416798357,1.0,3.1780538303479458,1.0,3.0,4.0,1.0,4
31775,3,0.0,0.0,1.0,1,1,1.9459101490553132,1.0,3.8066624897703196,8.0,1.0,4.0,1.0,1
31776,3,0.0,0.0,1.0,1,1,2.1972245773362196,2.0,3.4965075614664802,8.0,1.0,4.0,1.0,1
31777,3,0.0,0.0,1.0,1,1,2.1972245773362196,2.0,3.4965075614664802,8.0,1.0,4.0,1.0,1
31778,3,0.0,0.0,1.0,4,1,2.3978952727983707,1.0,3.912023005428146,8.0,3.0,4.0,2.0,2
31780,3,0.0,0.0,1.0,4,1,0.6931471805599453,1.0,3.044522437723423,8.0,3.0,4.0,1.0,6
31782,3,0.0,0.0,1.0,1,1,2.0794415416798357,1.0,3.713572066704308,8.0,6.0,4.0,1.0,2
31791,2,0.0,0.0,2.0,4,2,2.5649493574615367,1.0,3.2188758248682006,8.0,6.0,2.0,1.0,4
31792,2,0.0,1.0,2.0,4,2,2.5649493574615367,1.0,3.2188758248682006,8.0,6.0,2.0,1.0,4
31793,3,0.0,0.0,1.0,7,9,2.8903717578961645,1.0,3.4011973816621555,8.0,8.0,4.0,1.0,4
31795,3,0.0,0.0,1.0,1,1,2.6390573296152584,1.0,3.6635616461296463,8.0,8.0,4.0,1.0,5
31797,3,0.0,3.0,1.0,1,1,2.302585092994046,1.0,3.871201010907891,8.0,3.0,4.0,1.0,5
31799,3,0.0,0.0,1.0,4,1,1.791759469228055,1.0,3.713572066704308,8.0,3.0,4.0,1.0,2
31804,3,0.0,0.0,1.0,4,1,1.3862943611198906,1.0,3.1354942159291497,8.0,6.0,4.0,1.0,7
31806,3,0.0,0.0,2.0,1,1,2.5649493574615367,2.0,3.1780538303479458,8.0,3.0,2.0,1.0,3
31816,2,0.0,9.0,1.0,1,1,2.833213344056216,1.0,3.970291913552122,8.0,3.0,4.0,1.0,5
31817,3,0.0,1.0,1.0,1,1,2.0794415416798357,1.0,4.290459441148391,2.0,1.0,4.0,1.0,2
31818,3,0.0,0.0,1.0,1,1,2.3978952727983707,1.0,4.51085950651685,8.0,3.0,4.0,1.0,4
31824,3,0.0,0.0,1.0,4,1,2.3978952727983707,1.0,3.7376696182833684,8.0,3.0,4.0,2.0,4
31825,3,0.0,0.0,1.0,4,1,2.3978952727983707,1.0,3.7376696182833684,8.0,3.0,4.0,2.0,4
31827,3,0.0,0.0,1.0,1,1,2.70805020110221,1.0,3.4657359027997265,8.0,1.0,4.0,2.0,1
31830,2,0.0,1.0,1.0,1,1,0.6931471805599453,1.0,3.6635616461296463,2.0,3.0,4.0,1.0,3
31832,3,0.0,0.0,2.0,4,1,2.302585092994046,1.0,3.9318256327243257,8.0,3.0,2.0,1.0,3
31835,3,0.0,0.0,1.0,7,9,2.70805020110221,1.0,3.4339872044851463,8.0,3.0,4.0,1.0,5
31836,3,0.0,0.0,1.0,4,1,0.6931471805599453,1.0,3.871201010907891,1.0,2.0,4.0,1.0,7
31847,3,0.0,0.0,1.0,1,1,2.3978952727983707,1.0,3.7612001156935624,8.0,3.0,4.0,1.0,4
31853,3,0.0,0.0,1.0,1,1,2.4849066497880004,1.0,3.8501476017100584,1.0,6.0,4.0,2.0,4
31854,3,0.0,0.0,1.0,1,1,2.4849066497880004,1.0,3.8501476017100584,1.0,6.0,4.0,2.0,4
31858,3,0.0,0.0,1.0,4,1,2.4849066497880004,1.0,3.044522437723423,1.0,3.0,4.0,1.0,6
31864,3,0.0,0.0,1.0,1,9,2.302585092994046,1.0,3.828641396489095,2.0,3.0,4.0,1.0,7
31876,3,0.0,0.0,1.0,5,1,2.0794415416798357,1.0,2.995732273553991,1.0,3.0,4.0,1.0,6
31879,3,0.0,0.0,1.0,1,4,2.302585092994046,1.0,3.295836866004329,1.0,3.0,4.0,1.0,3
31884,3,0.0,9.0,1.0,1,1,2.0794415416798357,1.0,4.110873864173311,8.0,9.0,4.0,1.0,5
31888,3,0.0,0.0,1.0,7,1,2.3978952727983707,1.0,3.295836866004329,2.0,3.0,4.0,1.0,1
31891,3,0.0,0.0,1.0,4,1,1.791759469228055,1.0,3.2188758248682006,8.0,6.0,4.0,1.0,1
31893,3,0.0,0.0,1.0,1,1,1.9459101490553132,1.0,3.2188758248682006,5.0,3.0,4.0,1.0,5
31894,3,0.0,0.0,1.0,1,1,1.9459101490553132,1.0,3.2188758248682006,5.0,3.0,4.0,1.0,5
31898,3,0.0,0.0,1.0,1,9,2.3978952727983707,1.0,3.4339872044851463,1.0,3.0,2.0,1.0,1
31903,3,0.0,0.0,1.0,1,1,1.791759469228055,1.0,3.6109179126442243,8.0,1.0,4.0,1.0,2
31910,3,0.0,0.0,1.0,4,1,1.791759469228055,1.0,3.258096538021482,8.0,3.0,2.0,1.0,7
31915,3,0.0,0.0,2.0,4,1,2.0794415416798357,1.0,3.1780538303479458,8.0,3.0,4.0,1.0,1
31917,3,0.0,3.0,2.0,4,1,1.9459101490553132,1.0,3.8501476017100584,8.0,3.0,4.0,1.0,7
31919,3,6.0,0.0,2.0,1,1,2.302585092994046,1.0,2.995732273553991,8.0,5.0,4.0,1.0,3
31920,2,0.0,1.0,1.0,1,1,2.70805020110221,1.0,3.6109179126442243,8.0,3.0,4.0,1.0,5
31922,3,0.0,0.0,1.0,4,1,1.9459101490553132,1.0,3.6635616461296463,8.0,3.0,4.0,1.0,6
31923,3,0.0,0.0,1.0,4,1,1.9459101490553132,1.0,3.6635616461296463,8.0,3.0,4.0,1.0,6
31925,3,0.0,1.0,1.0,4,1,2.1972245773362196,1.0,3.5553480614894135,8.0,3.0,4.0,1.0,6
31926,3,0.0,0.0,1.0,1,1,1.0986122886681098,1.0,3.5263605246161616,8.0,3.0,2.0,1.0,6
31927,3,0.0,0.0,1.0,1,1,1.0986122886681098,1.0,3.6109179126442243,8.0,3.0,2.0,1.0,6
31928,3,0.0,0.0,1.0,1,1,2.6390573296152584,1.0,3.4657359027997265,8.0,3.0,2.0,1.0,6
31929,3,0.0,0.0,1.0,1,1,2.6390573296152584,1.0,3.4657359027997265,8.0,3.0,2.0,1.0,6
31935,3,0.0,0.0,1.0,1,1,2.1972245773362196,2.0,4.060443010546419,8.0,3.0,2.0,1.0,3
31937,2,0.0,0.0,4.0,4,1,2.302585092994046,1.0,3.367295829986474,1.0,3.0,4.0,1.0,2
31939,3,0.0,0.0,1.0,1,1,2.0794415416798357,1.0,3.8066624897703196,8.0,3.0,4.0,1.0,2
31940,3,0.0,0.0,2.0,4,2,2.5649493574615367,2.0,3.8501476017100584,8.0,3.0,2.0,1.0,7
31941,3,0.0,0.0,1.0,1,1,1.9459101490553132,2.0,3.4965075614664802,8.0,3.0,4.0,1.0,1
31942,3,0.0,1.0,1.0,1,1,1.9459101490553132,2.0,3.4965075614664802,8.0,3.0,4.0,1.0,1
31943,3,0.0,1.0,1.0,1,1,1.9459101490553132,2.0,3.4965075614664802,8.0,3.0,4.0,1.0,1
31945,3,0.0,0.0,1.0,1,1,0.6931471805599453,1.0,3.9889840465642745,8.0,3.0,4.0,1.0,2
31949,3,0.0,0.0,4.0,4,1,1.791759469228055,1.0,3.713572066704308,1.0,3.0,4.0,1.0,4
31951,3,0.0,0.0,1.0,1,1,1.0986122886681098,1.0,3.044522437723423,8.0,6.0,2.0,1.0,3
31955,3,0.0,0.0,1.0,4,1,2.0794415416798357,1.0,3.1354942159291497,8.0,1.0,4.0,1.0,1
31963,3,0.0,0.0,1.0,1,1,2.6390573296152584,1.0,4.04305126783455,1.0,6.0,2.0,1.0,7
31967,3,0.0,0.0,1.0,1,1,1.6094379124341003,1.0,3.912023005428146,8.0,3.0,4.0,1.0,2
31968,3,0.0,0.0,1.0,1,1,1.6094379124341003,1.0,3.912023005428146,8.0,3.0,4.0,1.0,2
31970,2,0.0,0.0,1.0,1,1,2.0794415416798357,1.0,3.970291913552122,8.0,3.0,2.0,1.0,1
31972,2,0.0,3.0,1.0,4,1,2.3978952727983707,2.0,3.8066624897703196,8.0,6.0,2.0,1.0,3
31973,3,0.0,0.0,1.0,4,1,1.6094379124341003,1.0,4.007333185232471,8.0,6.0,2.0,1.0,6
31975,3,0.0,1.0,1.0,7,1,2.4849066497880004,1.0,3.4011973816621555,1.0,3.0,4.0,1.0,5
31977,3,0.0,0.0,1.0,1,1,0.6931471805599453,2.0,3.5263605246161616,1.0,3.0,4.0,1.0,1
31981,2,0.0,0.0,1.0,1,1,2.0794415416798357,2.0,3.9318256327243257,8.0,3.0,4.0,1.0,2
31984,3,0.0,0.0,1.0,1,1,2.4849066497880004,1.0,4.143134726391533,1.0,6.0,4.0,1.0,7
31988,3,0.0,0.0,1.0,4,1,2.1972245773362196,1.0,3.7612001156935624,2.0,3.0,4.0,2.0,4
31989,3,0.0,3.0,1.0,4,1,2.0794415416798357,1.0,3.5263605246161616,1.0,3.0,4.0,1.0,6
31990,3,0.0,1.0,1.0,1,1,2.302585092994046,1.0,3.9889840465642745,2.0,3.0,4.0,1.0,6
31994,3,0.0,0.0,1.0,1,1,2.6390573296152584,2.0,3.4011973816621555,1.0,3.0,4.0,2.0,4
31996,3,0.0,0.0,1.0,1,1,2.772588722239781,1.0,3.6375861597263857,1.0,3.0,4.0,2.0,2
31997,3,0.0,1.0,2.0,4,2,2.0794415416798357,1.0,4.248495242049359,1.0,6.0,4.0,1.0,2
32000,3,0.0,0.0,2.0,4,2,2.1972245773362196,1.0,3.784189633918261,1.0,3.0,4.0,2.0,7
32004,3,0.0,1.0,1.0,1,1,1.791759469228055,1.0,3.1354942159291497,1.0,3.0,2.0,2.0,2
32005,3,0.0,0.0,1.0,1,1,1.791759469228055,1.0,3.1354942159291497,1.0,3.0,2.0,2.0,2
32012,3,0.0,0.0,1.0,1,1,1.6094379124341003,1.0,3.828641396489095,1.0,6.0,2.0,2.0,5
32015,3,0.0,0.0,1.0,1,1,2.0794415416798357,1.0,3.6109179126442243,8.0,3.0,4.0,1.0,3
32016,3,0.0,0.0,1.0,1,1,2.302585092994046,2.0,3.7612001156935624,1.0,3.0,4.0,2.0,2
32020,3,0.0,0.0,2.0,4,1,2.9444389791664403,1.0,3.295836866004329,8.0,6.0,4.0,1.0,4
32022,3,0.0,0.0,2.0,1,1,1.791759469228055,2.0,3.091042453358316,1.0,1.0,4.0,1.0,6
32025,3,0.0,0.0,1.0,1,1,2.302585092994046,1.0,3.8501476017100584,8.0,2.0,4.0,1.0,4
32026,3,0.0,1.0,1.0,1,1,2.3978952727983707,2.0,3.2188758248682006,2.0,3.0,4.0,1.0,3
32027,3,0.0,0.0,2.0,1,1,1.3862943611198906,1.0,3.58351893845611,1.0,3.0,4.0,2.0,2
32029,2,0.0,3.0,1.0,1,1,2.302585092994046,2.0,3.9512437185814275,1.0,3.0,4.0,1.0,5
32030,2,0.0,0.0,1.0,1,1,3.1780538303479458,1.0,3.5553480614894135,8.0,1.0,4.0,1.0,5
32033,2,0.0,0.0,1.0,4,1,1.0986122886681098,1.0,4.454347296253507,8.0,3.0,4.0,1.0,6
32034,3,0.0,0.0,1.0,4,1,1.791759469228055,1.0,3.4657359027997265,1.0,3.0,4.0,2.0,1
32036,3,0.0,0.0,1.0,1,1,1.791759469228055,1.0,3.2188758248682006,8.0,3.0,4.0,2.0,2
32039,3,0.0,1.0,1.0,1,1,2.5649493574615367,1.0,3.332204510175204,2.0,3.0,4.0,1.0,2
32041,3,0.0,0.0,1.0,1,1,2.833213344056216,1.0,3.4011973816621555,8.0,3.0,4.0,1.0,4
32042,3,0.0,0.0,1.0,1,1,2.0794415416798357,1.0,3.1780538303479458,8.0,1.0,4.0,1.0,2
32052,3,0.0,0.0,1.0,1,1,0.6931471805599453,2.0,3.8918202981106265,8.0,3.0,4.0,1.0,2
32053,3,0.0,0.0,1.0,1,1,0.6931471805599453,2.0,3.8918202981106265,8.0,3.0,4.0,1.0,2
32058,3,0.0,0.0,1.0,4,1,1.9459101490553132,1.0,3.5553480614894135,8.0,6.0,2.0,1.0,1
32059,3,0.0,0.0,1.0,4,1,1.9459101490553132,1.0,3.5553480614894135,8.0,6.0,2.0,1.0,1
32064,3,0.0,0.0,1.0,1,1,1.9459101490553132,1.0,3.091042453358316,8.0,3.0,4.0,1.0,4
32065,3,0.0,0.0,1.0,1,1,2.4849066497880004,2.0,3.4965075614664802,8.0,3.0,4.0,1.0,1
32072,3,0.0,0.0,1.0,4,1,1.3862943611198906,1.0,3.295836866004329,8.0,3.0,4.0,1.0,5
32078,3,0.0,0.0,1.0,1,1,2.0794415416798357,1.0,3.970291913552122,8.0,6.0,2.0,1.0,5
32080,3,0.0,1.0,1.0,1,1,2.70805020110221,2.0,4.007333185232471,1.0,3.0,4.0,1.0,3
32085,3,0.0,1.0,1.0,1,1,1.791759469228055,1.0,3.4011973816621555,8.0,1.0,2.0,1.0,4