accident_severity,special_conditions_at_site,pedestrian_movement,road_surface_conditions,light_conditions,weather_conditions,age_of_vehicle,sex_of_driver,age_of_driver,junction_location,junction_detail,junction_control,did_police_officer_attend_scene_of_accident,day_of_week
34597,3,0.0,0.0,1.0,4,1,1.6094379124341003,1.0,2.995732273553991,8.0,3.0,4.0,2.0,3
34602,3,0.0,0.0,1.0,1,1,1.6094379124341003,1.0,4.30406509320417,8.0,3.0,4.0,1.0,1
34608,3,0.0,0.0,1.0,1,1,1.791759469228055,2.0,3.8501476017100584,8.0,6.0,4.0,1.0,6
34614,3,0.0,0.0,2.0,4,5,2.1972245773362196,1.0,4.174387269895637,8.0,6.0,4.0,1.0,4
34618,3,0.0,0.0,1.0,1,1,2.4849066497880004,1.0,3.2188758248682006,1.0,9.0,2.0,1.0,5
34620,3,0.0,0.0,2.0,1,8,0.6931471805599453,1.0,3.1780538303479458,1.0,3.0,4.0,1.0,6
34622,3,0.0,0.0,1.0,4,1,1.6094379124341003,1.0,3.9512437185814275,2.0,3.0,4.0,1.0,7
34623,3,0.0,0.0,1.0,4,1,2.8903717578961645,1.0,3.828641396489095,2.0,3.0,4.0,1.0,7
34628,3,0.0,0.0,1.0,4,1,2.1972245773362196,2.0,3.091042453358316,8.0,6.0,2.0,1.0,4
34629,3,0.0,0.0,1.0,1,1,1.9459101490553132,1.0,4.127134385045092,2.0,3.0,4.0,1.0,2
34631,3,0.0,0.0,1.0,1,1,2.302585092994046,1.0,3.912023005428146,8.0,1.0,4.0,1.0,3
34632,3,0.0,0.0,1.0,1,1,2.302585092994046,1.0,3.912023005428146,8.0,1.0,4.0,1.0,3
34637,3,0.0,0.0,1.0,1,1,2.6390573296152584,2.0,2.995732273553991,8.0,6.0,4.0,1.0,1
34644,3,0.0,0.0,1.0,1,9,1.791759469228055,1.0,3.4965075614664802,1.0,3.0,4.0,1.0,6
34646,3,0.0,0.0,1.0,1,1,2.4849066497880004,2.0,3.7612001156935624,8.0,3.0,2.0,1.0,2
34651,3,0.0,0.0,1.0,4,4,1.3862943611198906,1.0,3.332204510175204,8.0,3.0,4.0,1.0,3
34652,3,0.0,0.0,2.0,4,2,2.3978952727983707,1.0,4.0943445622221,8.0,7.0,2.0,1.0,5
34655,3,0.0,0.0,1.0,1,1,2.4849066497880004,2.0,4.189654742026425,8.0,6.0,2.0,2.0,6
34660,3,0.0,0.0,1.0,1,4,1.3862943611198906,1.0,2.9444389791664403,1.0,3.0,4.0,1.0,3
34663,3,0.0,9.0,2.0,1,2,2.302585092994046,2.0,4.532599493153256,2.0,3.0,4.0,1.0,5
34664,3,0.0,0.0,2.0,1,5,2.6390573296152584,1.0,3.4339872044851463,1.0,3.0,4.0,1.0,4
34670,3,0.0,0.0,1.0,4,1,2.0794415416798357,1.0,3.4339872044851463,8.0,7.0,2.0,1.0,5
34671,3,0.0,0.0,1.0,4,1,2.3978952727983707,1.0,3.2188758248682006,8.0,7.0,2.0,1.0,5
34674,3,0.0,0.0,1.0,1,1,1.0986122886681098,2.0,3.295836866004329,8.0,3.0,4.0,2.0,4
34680,2,0.0,0.0,1.0,1,1,0.6931471805599453,1.0,3.1354942159291497,8.0,6.0,2.0,1.0,2
34682,3,0.0,0.0,1.0,1,1,1.3862943611198906,1.0,3.4657359027997265,8.0,3.0,4.0,1.0,6
34683,3,0.0,0.0,1.0,1,1,2.3978952727983707,2.0,3.2188758248682006,8.0,3.0,4.0,1.0,6
34684,3,0.0,0.0,1.0,1,1,2.3978952727983707,2.0,3.2188758248682006,8.0,3.0,4.0,1.0,6
34694,3,0.0,0.0,1.0,1,1,1.791759469228055,2.0,3.9889840465642745,8.0,3.0,4.0,1.0,4
34696,3,0.0,0.0,2.0,1,6,2.302585092994046,1.0,3.784189633918261,6.0,3.0,4.0,2.0,5
34699,3,0.0,0.0,1.0,1,9,1.3862943611198906,1.0,3.332204510175204,2.0,6.0,4.0,1.0,5
34703,3,0.0,0.0,1.0,1,1,2.6390573296152584,2.0,3.367295829986474,2.0,3.0,4.0,1.0,4
34704,3,0.0,1.0,1.0,1,1,0.6931471805599453,1.0,4.007333185232471,8.0,3.0,4.0,1.0,2
34714,3,0.0,3.0,1.0,1,1,1.791759469228055,1.0,3.912023005428146,2.0,6.0,4.0,1.0,7
34717,3,0.0,3.0,1.0,1,1,2.3978952727983707,1.0,3.6109179126442243,2.0,3.0,4.0,1.0,1
34723,3,0.0,0.0,1.0,1,1,1.0986122886681098,2.0,3.2188758248682006,1.0,3.0,4.0,1.0,4
34725,3,0.0,0.0,1.0,4,1,1.791759469228055,2.0,4.1588830833596715,8.0,3.0,4.0,1.0,4
34729,3,0.0,0.0,1.0,1,1,2.4849066497880004,2.0,4.48863636973214,1.0,3.0,4.0,1.0,5
34731,3,0.0,0.0,1.0,1,1,2.0794415416798357,1.0,3.1354942159291497,8.0,3.0,4.0,1.0,5
34733,3,0.0,0.0,1.0,1,1,1.791759469228055,1.0,3.6109179126442243,1.0,3.0,4.0,1.0,3
34734,3,5.0,0.0,1.0,4,1,2.70805020110221,2.0,4.219507705176107,1.0,2.0,4.0,1.0,1
34739,2,0.0,0.0,1.0,1,9,2.3978952727983707,1.0,3.044522437723423,8.0,6.0,2.0,1.0,7
34741,3,0.0,9.0,1.0,1,1,2.302585092994046,1.0,3.258096538021482,2.0,3.0,4.0,1.0,7
34742,3,0.0,0.0,1.0,1,1,2.302585092994046,1.0,3.258096538021482,2.0,3.0,4.0,1.0,7
34744,3,0.0,4.0,1.0,1,9,0.6931471805599453,2.0,4.110873864173311,1.0,3.0,4.0,1.0,4
34745,3,0.0,0.0,1.0,1,1,2.4849066497880004,1.0,3.367295829986474,8.0,3.0,4.0,1.0,3
34747,3,0.0,0.0,1.0,1,1,2.1972245773362196,2.0,3.6888794541139363,1.0,3.0,4.0,1.0,5
34753,3,0.0,0.0,1.0,1,1,2.0794415416798357,2.0,3.8918202981106265,1.0,3.0,4.0,1.0,1
34758,3,0.0,0.0,1.0,1,1,2.5649493574615367,2.0,3.4011973816621555,8.0,3.0,4.0,1.0,5
34760,3,0.0,0.0,1.0,1,1,2.9444389791664403,1.0,3.9318256327243257,2.0,3.0,4.0,1.0,5
34762,3,0.0,0.0,1.0,1,1,0.6931471805599453,1.0,3.713572066704308,1.0,6.0,2.0,1.0,5
34765,3,0.0,0.0,1.0,1,1,1.9459101490553132,1.0,3.332204510175204,1.0,1.0,2.0,1.0,5
34773,3,0.0,0.0,1.0,4,1,1.9459101490553132,1.0,3.091042453358316,1.0,9.0,2.0,1.0,4
34774,3,0.0,0.0,1.0,4,1,2.9444389791664403,1.0,3.7376696182833684,1.0,9.0,2.0,1.0,4
34775,3,0.0,0.0,1.0,1,1,1.0986122886681098,1.0,4.143134726391533,2.0,3.0,4.0,2.0,7
34779,3,0.0,0.0,1.0,1,1,2.8903717578961645,1.0,3.912023005428146,5.0,6.0,4.0,1.0,7
34781,3,0.0,0.0,1.0,1,1,1.3862943611198906,1.0,4.394449154672439,8.0,9.0,2.0,1.0,1
34786,3,0.0,0.0,1.0,4,1,2.4849066497880004,2.0,4.007333185232471,2.0,3.0,4.0,2.0,1
34787,3,0.0,0.0,1.0,4,1,2.4849066497880004,2.0,4.007333185232471,2.0,3.0,4.0,2.0,1
34789,3,0.0,0.0,1.0,1,1,0.6931471805599453,1.0,3.6375861597263857,8.0,5.0,4.0,1.0,5
34791,3,0.0,0.0,1.0,1,1,1.3862943611198906,2.0,3.4965075614664802,8.0,3.0,4.0,1.0,5
34794,3,0.0,0.0,1.0,1,1,2.4849066497880004,2.0,3.295836866004329,8.0,6.0,2.0,1.0,4
34797,3,0.0,0.0,1.0,1,1,2.4849066497880004,1.0,3.091042453358316,8.0,3.0,4.0,1.0,6
34798,3,0.0,0.0,1.0,1,1,1.9459101490553132,1.0,4.382026634673881,1.0,6.0,4.0,1.0,5
34799,3,0.0,0.0,1.0,1,1,1.6094379124341003,1.0,3.4965075614664802,8.0,5.0,4.0,1.0,5
34801,3,0.0,0.0,1.0,1,1,1.3862943611198906,1.0,3.2188758248682006,8.0,3.0,4.0,1.0,3
34802,3,0.0,0.0,1.0,1,1,2.0794415416798357,2.0,4.465908118654584,1.0,3.0,4.0,1.0,1
34807,3,0.0,0.0,1.0,1,1,1.6094379124341003,2.0,3.7612001156935624,8.0,3.0,2.0,1.0,3
34809,3,0.0,0.0,1.0,1,1,2.0794415416798357,1.0,3.1780538303479458,1.0,3.0,4.0,1.0,2
34810,3,0.0,0.0,1.0,1,1,2.0794415416798357,1.0,3.1780538303479458,1.0,3.0,4.0,1.0,2
34817,3,0.0,0.0,1.0,1,1,1.6094379124341003,1.0,4.454347296253507,8.0,6.0,2.0,1.0,1
34818,3,0.0,0.0,1.0,1,1,1.6094379124341003,1.0,4.454347296253507,8.0,6.0,2.0,1.0,1
34821,3,0.0,0.0,1.0,1,1,2.0794415416798357,1.0,3.295836866004329,8.0,6.0,2.0,1.0,3
34822,3,0.0,0.0,1.0,1,1,1.9459101490553132,1.0,4.0943445622221,8.0,6.0,2.0,1.0,3
34824,3,0.0,0.0,2.0,1,2,1.3862943611198906,1.0,3.044522437723423,8.0,3.0,4.0,1.0,7
34828,3,0.0,0.0,1.0,7,1,1.3862943611198906,1.0,2.9444389791664403,8.0,3.0,4.0,1.0,7
34829,3,0.0,0.0,1.0,1,1,1.3862943611198906,1.0,3.7376696182833684,8.0,3.0,4.0,1.0,5
34836,2,0.0,0.0,1.0,1,1,2.1972245773362196,1.0,4.477336814478207,6.0,6.0,4.0,1.0,5
34837,2,0.0,0.0,1.0,1,1,2.1972245773362196,1.0,4.477336814478207,6.0,6.0,4.0,1.0,5
34843,3,0.0,0.0,1.0,1,1,1.6094379124341003,1.0,3.367295829986474,1.0,6.0,2.0,1.0,2
34846,3,0.0,0.0,1.0,4,1,1.0986122886681098,1.0,3.1780538303479458,1.0,3.0,4.0,1.0,6
34849,3,0.0,0.0,1.0,1,1,1.9459101490553132,2.0,3.970291913552122,1.0,3.0,4.0,1.0,6
34851,3,0.0,0.0,1.0,1,1,1.3862943611198906,2.0,3.2188758248682006,8.0,6.0,2.0,1.0,7
34853,3,0.0,1.0,1.0,1,1,1.791759469228055,1.0,3.9512437185814275,2.0,3.0,4.0,1.0,1
34854,3,0.0,0.0,1.0,1,1,2.1972245773362196,1.0,3.4339872044851463,2.0,3.0,4.0,2.0,6
34861,3,0.0,0.0,1.0,1,1,1.791759469228055,2.0,3.1354942159291497,8.0,3.0,2.0,1.0,7
34862,3,0.0,0.0,1.0,1,1,1.791759469228055,2.0,3.1354942159291497,8.0,3.0,2.0,1.0,7
34863,3,0.0,0.0,1.0,1,1,2.1972245773362196,1.0,3.1354942159291497,8.0,9.0,4.0,1.0,2
34864,3,0.0,0.0,1.0,1,1,1.0986122886681098,2.0,3.713572066704308,8.0,9.0,4.0,1.0,2
34867,3,0.0,0.0,1.0,1,1,1.0986122886681098,1.0,3.2188758248682006,5.0,3.0,4.0,2.0,4
34869,3,0.0,0.0,1.0,1,1,2.1972245773362196,1.0,3.713572066704308,1.0,2.0,4.0,1.0,6
34870,3,0.0,0.0,1.0,1,1,2.1972245773362196,1.0,3.713572066704308,1.0,2.0,4.0,1.0,6
34872,3,0.0,0.0,1.0,1,1,0.6931471805599453,1.0,4.23410650459726,8.0,2.0,4.0,1.0,3
34873,3,0.0,0.0,1.0,1,1,1.791759469228055,1.0,3.295836866004329,6.0,2.0,4.0,1.0,3
34874,3,0.0,0.0,1.0,1,1,2.0794415416798357,2.0,3.6109179126442243,5.0,3.0,4.0,1.0,3
34875,3,0.0,0.0,1.0,1,1,0.6931471805599453,1.0,3.1354942159291497,8.0,3.0,4.0,1.0,3
34876,3,0.0,0.0,1.0,1,1,2.1972245773362196,1.0,3.6109179126442243,8.0,3.0,4.0,1.0,3
34877,3,0.0,0.0,1.0,1,1,2.1972245773362196,1.0,3.6109179126442243,8.0,3.0,4.0,1.0,3
34878,3,0.0,0.0,1.0,1,1,2.1972245773362196,1.0,3.6109179126442243,8.0,3.0,4.0,1.0,3
34879,3,0.0,0.0,1.0,1,1,1.3862943611198906,2.0,4.31748811353631,8.0,3.0,4.0,1.0,3
34887,3,0.0,0.0,1.0,1,1,1.791759469228055,2.0,3.5263605246161616,8.0,6.0,4.0,1.0,3
34890,3,0.0,0.0,1.0,1,1,0.6931471805599453,2.0,4.07753744390572,8.0,2.0,4.0,1.0,3
34895,3,0.0,0.0,1.0,1,1,2.0794415416798357,1.0,3.8501476017100584,1.0,8.0,4.0,1.0,4
34897,3,0.0,0.0,1.0,1,1,1.9459101490553132,1.0,3.5263605246161616,1.0,1.0,4.0,1.0,1
34900,3,0.0,0.0,1.0,1,1,1.6094379124341003,1.0,3.2188758248682006,8.0,9.0,2.0,1.0,1
34902,3,0.0,0.0,1.0,1,1,2.6390573296152584,1.0,3.332204510175204,2.0,3.0,4.0,1.0,6
34904,3,0.0,0.0,1.0,1,1,2.833213344056216,1.0,3.9318256327243257,1.0,6.0,2.0,1.0,1
34905,3,0.0,0.0,1.0,1,4,2.4849066497880004,2.0,3.6375861597263857,8.0,6.0,4.0,1.0,3
34907,3,0.0,0.0,1.0,1,1,2.6390573296152584,1.0,3.2188758248682006,1.0,3.0,2.0,2.0,4
34913,3,0.0,3.0,1.0,1,1,2.8903717578961645,1.0,4.02535169073515,6.0,3.0,4.0,1.0,5
34918,3,0.0,0.0,1.0,1,1,2.9444389791664403,2.0,3.4011973816621555,1.0,1.0,4.0,1.0,3
34919,3,0.0,0.0,1.0,1,1,1.0986122886681098,2.0,3.8066624897703196,1.0,1.0,4.0,1.0,3
34921,3,0.0,0.0,1.0,4,1,1.0986122886681098,1.0,3.4011973816621555,8.0,6.0,4.0,1.0,4
34924,3,0.0,0.0,1.0,1,1,1.3862943611198906,1.0,3.4011973816621555,8.0,3.0,4.0,1.0,4
34927,3,0.0,0.0,1.0,1,1,1.9459101490553132,1.0,4.1588830833596715,8.0,2.0,2.0,1.0,6
34928,3,0.0,0.0,1.0,1,1,1.9459101490553132,1.0,4.1588830833596715,8.0,2.0,2.0,1.0,6
34937,3,0.0,0.0,1.0,1,1,1.6094379124341003,2.0,3.1354942159291497,8.0,9.0,2.0,2.0,6
34938,3,0.0,0.0,1.0,1,1,1.6094379124341003,2.0,3.1354942159291497,8.0,9.0,2.0,2.0,6
34943,3,0.0,0.0,1.0,4,1,2.302585092994046,1.0,3.7612001156935624,2.0,3.0,4.0,1.0,1
34944,3,0.0,0.0,1.0,4,1,2.302585092994046,1.0,3.7612001156935624,2.0,3.0,4.0,1.0,1
34945,3,0.0,0.0,1.0,4,1,2.302585092994046,1.0,3.7612001156935624,2.0,3.0,4.0,1.0,1
34949,3,0.0,0.0,1.0,1,1,2.70805020110221,2.0,3.2188758248682006,2.0,3.0,4.0,1.0,2
34950,3,0.0,0.0,1.0,1,1,2.70805020110221,2.0,3.2188758248682006,2.0,3.0,4.0,1.0,2
34952,3,0.0,0.0,1.0,1,1,2.0794415416798357,2.0,4.0943445622221,8.0,6.0,3.0,1.0,5
34953,3,0.0,0.0,2.0,1,2,0.6931471805599453,1.0,3.4339872044851463,1.0,6.0,2.0,2.0,1
34954,3,0.0,0.0,2.0,1,2,0.6931471805599453,1.0,3.4339872044851463,1.0,6.0,2.0,2.0,1
34965,3,0.0,0.0,1.0,1,1,2.4849066497880004,1.0,3.6888794541139363,8.0,1.0,4.0,1.0,4
34968,3,0.0,0.0,1.0,1,9,2.5649493574615367,2.0,3.58351893845611,1.0,8.0,4.0,1.0,7
34969,3,0.0,0.0,1.0,1,9,2.5649493574615367,2.0,3.58351893845611,1.0,8.0,4.0,1.0,7
34976,3,0.0,0.0,1.0,1,1,0.6931471805599453,1.0,4.07753744390572,1.0,3.0,4.0,1.0,6
34980,3,0.0,0.0,1.0,1,1,1.9459101490553132,2.0,4.48863636973214,6.0,3.0,4.0,1.0,1
34981,3,0.0,0.0,1.0,1,1,1.9459101490553132,2.0,4.48863636973214,6.0,3.0,4.0,1.0,1
34985,3,0.0,0.0,1.0,1,1,1.791759469228055,1.0,3.367295829986474,1.0,3.0,2.0,1.0,3
34988,3,0.0,0.0,1.0,1,1,2.5649493574615367,1.0,4.127134385045092,8.0,6.0,4.0,1.0,7
34995,3,0.0,0.0,1.0,1,1,1.6094379124341003,1.0,3.9512437185814275,8.0,1.0,4.0,1.0,4
35000,3,0.0,0.0,1.0,1,1,1.3862943611198906,1.0,3.367295829986474,8.0,6.0,4.0,1.0,3
35001,2,0.0,0.0,1.0,1,1,1.6094379124341003,1.0,3.58351893845611,1.0,3.0,4.0,1.0,4
35005,3,0.0,3.0,1.0,1,1,2.302585092994046,1.0,4.219507705176107,8.0,3.0,4.0,1.0,6
35010,3,0.0,1.0,1.0,4,1,0.6931471805599453,1.0,3.6109179126442243,2.0,3.0,4.0,1.0,4
35016,3,0.0,0.0,2.0,1,2,2.3978952727983707,1.0,3.044522437723423,8.0,8.0,4.0,1.0,2
35018,3,0.0,0.0,1.0,1,1,2.5649493574615367,2.0,3.7612001156935624,6.0,1.0,4.0,1.0,3
35034,3,0.0,0.0,1.0,1,1,2.1972245773362196,2.0,4.110873864173311,2.0,3.0,4.0,1.0,5
35035,3,0.0,9.0,1.0,1,1,2.1972245773362196,2.0,4.110873864173311,2.0,3.0,4.0,1.0,5
35036,3,0.0,0.0,1.0,1,1,2.5649493574615367,1.0,3.828641396489095,2.0,5.0,4.0,1.0,3
35040,3,0.0,0.0,1.0,4,1,2.0794415416798357,1.0,3.6635616461296463,1.0,3.0,4.0,1.0,5
35043,3,0.0,0.0,1.0,1,1,2.6390573296152584,1.0,3.9889840465642745,8.0,6.0,2.0,1.0,2
35044,2,0.0,3.0,1.0,1,9,1.3862943611198906,1.0,4.0943445622221,1.0,9.0,2.0,1.0,4
35045,3,0.0,0.0,1.0,1,1,2.1972245773362196,1.0,3.784189633918261,8.0,5.0,4.0,1.0,2
35054,3,0.0,0.0,1.0,4,1,1.6094379124341003,1.0,3.1780538303479458,8.0,3.0,4.0,1.0,5
35058,3,0.0,0.0,1.0,1,1,1.0986122886681098,2.0,3.258096538021482,8.0,3.0,4.0,2.0,3
35060,3,0.0,1.0,1.0,1,1,2.70805020110221,1.0,3.5553480614894135,8.0,3.0,4.0,1.0,3
35061,3,0.0,0.0,1.0,1,1,2.302585092994046,1.0,3.6109179126442243,1.0,9.0,2.0,1.0,6
35069,3,0.0,0.0,1.0,1,1,1.3862943611198906,1.0,3.332204510175204,8.0,3.0,4.0,1.0,4
35071,3,0.0,0.0,1.0,1,1,1.3862943611198906,1.0,3.044522437723423,1.0,3.0,4.0,1.0,7
35076,3,0.0,0.0,2.0,1,2,1.3862943611198906,1.0,2.995732273553991,8.0,2.0,4.0,1.0,2
35077,3,0.0,0.0,2.0,1,2,1.3862943611198906,1.0,2.995732273553991,8.0,2.0,4.0,1.0,2
35078,3,0.0,0.0,2.0,1,2,1.3862943611198906,1.0,2.995732273553991,8.0,2.0,4.0,1.0,2
35081,3,0.0,0.0,1.0,1,1,2.1972245773362196,1.0,3.2188758248682006,1.0,3.0,4.0,1.0,1
35082,3,0.0,0.0,1.0,1,1,2.1972245773362196,1.0,3.2188758248682006,1.0,3.0,4.0,1.0,1
35088,3,0.0,0.0,1.0,1,1,0.6931471805599453,1.0,2.995732273553991,8.0,5.0,4.0,1.0,3
35091,3,0.0,0.0,1.0,1,1,2.302585092994046,1.0,3.5553480614894135,8.0,8.0,4.0,1.0,2
35095,3,4.0,0.0,1.0,1,1,2.302585092994046,2.0,3.7612001156935624,1.0,6.0,4.0,1.0,4
35098,3,0.0,0.0,1.0,7,1,2.0794415416798357,1.0,3.044522437723423,8.0,6.0,4.0,1.0,5
35099,3,0.0,9.0,1.0,7,1,2.0794415416798357,1.0,3.044522437723423,8.0,6.0,4.0,1.0,5
35113,3,0.0,0.0,1.0,1,1,2.5649493574615367,1.0,3.9512437185814275,8.0,9.0,2.0,1.0,6
35117,2,0.0,0.0,1.0,4,1,3.091042453358316,1.0,3.332204510175204,1.0,1.0,4.0,1.0,7
35118,2,0.0,0.0,1.0,4,1,3.091042453358316,1.0,3.332204510175204,1.0,1.0,4.0,1.0,7
35119,3,0.0,0.0,2.0,1,2,1.0986122886681098,2.0,3.8918202981106265,8.0,6.0,4.0,1.0,6
35130,3,0.0,0.0,2.0,1,1,1.3862943611198906,1.0,3.4657359027997265,8.0,3.0,4.0,1.0,2
35133,3,0.0,0.0,2.0,1,1,1.6094379124341003,2.0,3.970291913552122,8.0,1.0,2.0,1.0,2
35136,3,0.0,3.0,1.0,1,1,2.5649493574615367,1.0,4.189654742026425,2.0,6.0,2.0,1.0,5
35137,3,0.0,0.0,1.0,1,1,2.302585092994046,1.0,2.9444389791664403,2.0,3.0,4.0,1.0,3
35141,3,0.0,0.0,1.0,1,1,1.9459101490553132,1.0,3.1780538303479458,8.0,6.0,2.0,2.0,2
35143,3,0.0,0.0,1.0,4,1,2.5649493574615367,1.0,3.5263605246161616,2.0,3.0,4.0,1.0,5
35148,3,0.0,4.0,1.0,4,1,2.5649493574615367,1.0,3.5553480614894135,1.0,3.0,4.0,1.0,2
35154,3,0.0,0.0,1.0,1,1,2.1972245773362196,1.0,3.7376696182833684,8.0,1.0,2.0,1.0,4
35159,3,0.0,0.0,2.0,4,2,1.9459101490553132,2.0,3.1780538303479458,8.0,9.0,2.0,1.0,4
35162,3,0.0,0.0,1.0,1,1,2.5649493574615367,2.0,4.02535169073515,1.0,3.0,4.0,1.0,6
35167,3,0.0,0.0,1.0,1,1,2.6390573296152584,1.0,4.189654742026425,8.0,6.0,3.0,2.0,2
35169,3,0.0,3.0,2.0,1,1,2.4849066497880004,2.0,3.4011973816621555,1.0,9.0,4.0,1.0,5
35177,3,0.0,1.0,1.0,1,1,1.3862943611198906,2.0,3.58351893845611,2.0,3.0,4.0,1.0,7
35179,3,0.0,0.0,2.0,1,2,1.9459101490553132,1.0,3.8066624897703196,8.0,5.0,4.0,1.0,5
35181,3,0.0,0.0,1.0,1,1,1.3862943611198906,2.0,3.367295829986474,8.0,9.0,2.0,1.0,3
35183,3,0.0,0.0,1.0,1,1,2.70805020110221,1.0,4.04305126783455,8.0,6.0,4.0,1.0,1
35184,3,0.0,0.0,1.0,1,1,2.70805020110221,1.0,4.04305126783455,8.0,6.0,4.0,1.0,1
35196,3,0.0,0.0,2.0,1,1,2.772588722239781,2.0,3.828641396489095,1.0,6.0,2.0,1.0,1
35201,3,0.0,0.0,1.0,1,1,2.6390573296152584,1.0,3.5553480614894135,8.0,9.0,2.0,1.0,5
35203,3,0.0,4.0,1.0,1,1,1.9459101490553132,1.0,3.4657359027997265,2.0,3.0,4.0,1.0,6
35204,3,0.0,5.0,1.0,1,1,1.791759469228055,1.0,3.4339872044851463,8.0,3.0,4.0,1.0,1
35206,2,0.0,0.0,2.0,1,2,1.9459101490553132,1.0,2.9444389791664403,1.0,3.0,4.0,1.0,2
35213,3,0.0,0.0,1.0,1,1,2.833213344056216,1.0,3.5553480614894135,1.0,6.0,2.0,1.0,5
35216,2,0.0,0.0,1.0,4,1,1.0986122886681098,1.0,3.4011973816621555,1.0,6.0,2.0,1.0,4
35217,3,0.0,9.0,1.0,4,1,1.791759469228055,1.0,3.1354942159291497,8.0,3.0,2.0,1.0,6
35228,3,0.0,0.0,1.0,1,1,0.6931471805599453,1.0,3.295836866004329,1.0,3.0,4.0,1.0,1
35230,3,0.0,0.0,1.0,1,1,2.4849066497880004,1.0,3.58351893845611,8.0,3.0,2.0,1.0,6
35232,3,0.0,0.0,1.0,1,1,2.1972245773362196,2.0,3.784189633918261,2.0,6.0,2.0,1.0,1
35235,3,0.0,0.0,1.0,1,1,2.3978952727983707,2.0,3.6375861597263857,2.0,3.0,4.0,2.0,4
35239,3,0.0,0.0,2.0,1,1,2.9444389791664403,1.0,3.828641396489095,8.0,3.0,4.0,1.0,5
35240,3,0.0,0.0,2.0,1,1,2.9444389791664403,1.0,3.828641396489095,8.0,3.0,4.0,1.0,5
35250,3,0.0,0.0,1.0,1,1,2.833213344056216,1.0,3.258096538021482,1.0,3.0,4.0,1.0,2
35251,3,0.0,0.0,1.0,1,1,2.833213344056216,1.0,3.258096538021482,1.0,3.0,4.0,1.0,2
35252,3,0.0,0.0,1.0,1,1,2.70805020110221,1.0,3.4657359027997265,1.0,3.0,4.0,1.0,7
35254,3,0.0,0.0,1.0,1,1,1.791759469228055,2.0,4.127134385045092,1.0,1.0,2.0,2.0,4
35257,3,0.0,0.0,1.0,4,1,1.9459101490553132,1.0,4.31748811353631,8.0,3.0,4.0,1.0,5
35264,3,0.0,0.0,1.0,4,1,2.833213344056216,2.0,3.6635616461296463,8.0,1.0,2.0,2.0,2
35269,3,0.0,0.0,1.0,1,1,2.1972245773362196,1.0,3.784189633918261,1.0,3.0,4.0,1.0,2
35273,3,0.0,0.0,1.0,4,1,1.791759469228055,2.0,3.4011973816621555,1.0,3.0,4.0,1.0,3
35280,3,0.0,0.0,1.0,1,1,0.6931471805599453,1.0,3.091042453358316,8.0,3.0,4.0,1.0,2
35282,3,0.0,0.0,1.0,1,1,1.0986122886681098,1.0,4.143134726391533,1.0,6.0,2.0,1.0,2
35283,3,0.0,0.0,1.0,1,1,1.0986122886681098,1.0,4.143134726391533,1.0,6.0,2.0,1.0,2
35288,3,0.0,0.0,1.0,1,1,1.6094379124341003,1.0,3.091042453358316,1.0,3.0,4.0,1.0,1
35292,3,0.0,0.0,2.0,1,9,1.0986122886681098,2.0,3.1780538303479458,1.0,1.0,2.0,2.0,4
35296,3,0.0,1.0,1.0,1,1,2.302585092994046,1.0,2.995732273553991,8.0,3.0,4.0,1.0,6
35297,3,0.0,0.0,1.0,1,1,1.0986122886681098,2.0,3.871201010907891,1.0,6.0,4.0,2.0,4
35303,2,0.0,0.0,1.0,7,1,2.302585092994046,1.0,3.1354942159291497,8.0,3.0,4.0,1.0,1
35304,2,0.0,0.0,1.0,7,1,2.302585092994046,1.0,3.1354942159291497,8.0,3.0,4.0,1.0,1
35314,3,0.0,0.0,1.0,1,1,2.4849066497880004,1.0,3.5553480614894135,8.0,3.0,2.0,1.0,3
35323,3,0.0,0.0,1.0,4,1,1.9459101490553132,1.0,3.367295829986474,1.0,5.0,4.0,1.0,7
35324,3,0.0,0.0,1.0,1,1,2.3978952727983707,2.0,3.6635616461296463,8.0,3.0,4.0,1.0,2
35325,3,0.0,0.0,1.0,1,1,2.3978952727983707,2.0,3.6635616461296463,8.0,3.0,4.0,1.0,2
35326,3,0.0,0.0,1.0,1,1,2.3978952727983707,2.0,3.6635616461296463,8.0,3.0,4.0,1.0,2
35327,3,0.0,0.0,1.0,1,1,2.3978952727983707,2.0,3.6635616461296463,8.0,3.0,4.0,1.0,2
35328,3,0.0,0.0,1.0,1,1,1.791759469228055,2.0,3.295836866004329,8.0,3.0,4.0,1.0,2
35330,3,0.0,0.0,1.0,1,1,2.0794415416798357,1.0,3.367295829986474,2.0,3.0,4.0,1.0,5
35331,3,0.0,0.0,1.0,1,1,2.0794415416798357,1.0,3.367295829986474,2.0,3.0,4.0,1.0,5
35332,3,0.0,0.0,1.0,1,1,1.3862943611198906,1.0,3.332204510175204,1.0,3.0,4.0,1.0,5
35333,3,0.0,0.0,1.0,1,1,1.6094379124341003,1.0,3.784189633918261,8.0,6.0,2.0,1.0,7