accident_severity,special_conditions_at_site,pedestrian_movement,road_surface_conditions,light_conditions,weather_conditions,age_of_vehicle,sex_of_driver,age_of_driver,junction_location,junction_detail,junction_control,did_police_officer_attend_scene_of_accident,day_of_week
35337,3,0.0,0.0,1.0,1,1,2.4849066497880004,2.0,3.5553480614894135,1.0,3.0,4.0,1.0,2
35339,3,0.0,1.0,1.0,1,1,2.3978952727983707,2.0,3.871201010907891,2.0,3.0,4.0,1.0,6
35345,3,0.0,0.0,1.0,1,1,2.4849066497880004,2.0,3.4339872044851463,1.0,3.0,2.0,2.0,1
35347,2,0.0,1.0,1.0,1,1,2.1972245773362196,2.0,3.784189633918261,6.0,9.0,4.0,1.0,5
35352,3,0.0,0.0,2.0,1,2,2.302585092994046,1.0,3.2188758248682006,1.0,3.0,4.0,1.0,5
35360,3,0.0,0.0,1.0,1,1,1.791759469228055,2.0,3.828641396489095,1.0,6.0,2.0,1.0,4
35361,3,0.0,0.0,1.0,1,1,1.791759469228055,2.0,3.828641396489095,1.0,6.0,2.0,1.0,4
35366,3,0.0,0.0,2.0,1,1,2.302585092994046,1.0,2.9444389791664403,8.0,3.0,4.0,1.0,3
35367,3,0.0,0.0,2.0,1,1,2.302585092994046,1.0,2.9444389791664403,8.0,3.0,4.0,1.0,3
35368,3,0.0,0.0,1.0,4,1,2.5649493574615367,1.0,3.044522437723423,2.0,3.0,4.0,1.0,7
35370,3,0.0,0.0,1.0,1,1,2.0794415416798357,1.0,3.6109179126442243,8.0,3.0,4.0,1.0,5
35372,3,0.0,0.0,1.0,1,1,2.1972245773362196,2.0,3.6888794541139363,1.0,6.0,2.0,2.0,4
35375,3,0.0,0.0,1.0,1,1,2.3978952727983707,2.0,3.6375861597263857,1.0,3.0,4.0,1.0,4
35376,3,0.0,0.0,2.0,1,2,2.4849066497880004,1.0,3.9512437185814275,8.0,3.0,4.0,1.0,1
35378,3,0.0,0.0,1.0,1,1,2.833213344056216,1.0,3.871201010907891,8.0,3.0,4.0,1.0,2
35380,3,0.0,1.0,1.0,1,1,2.4849066497880004,2.0,3.8066624897703196,8.0,3.0,4.0,1.0,5
35381,3,0.0,0.0,1.0,1,1,2.833213344056216,1.0,4.276666119016055,8.0,6.0,2.0,1.0,1
35382,3,0.0,0.0,1.0,1,1,2.833213344056216,1.0,4.276666119016055,8.0,6.0,2.0,1.0,1
35383,3,0.0,0.0,1.0,1,1,1.0986122886681098,2.0,3.58351893845611,8.0,6.0,2.0,1.0,1
35385,3,0.0,0.0,2.0,1,2,0.6931471805599453,1.0,3.7376696182833684,1.0,3.0,4.0,1.0,6
35387,3,0.0,0.0,1.0,4,1,1.0986122886681098,1.0,3.258096538021482,8.0,5.0,4.0,1.0,6
35390,3,0.0,0.0,2.0,1,2,1.791759469228055,1.0,3.258096538021482,2.0,6.0,2.0,1.0,1
35394,3,0.0,0.0,2.0,7,2,2.5649493574615367,2.0,4.04305126783455,8.0,2.0,4.0,1.0,1
35396,3,0.0,0.0,1.0,1,1,2.70805020110221,2.0,2.9444389791664403,1.0,2.0,4.0,1.0,4
35410,3,0.0,3.0,1.0,1,1,2.302585092994046,1.0,3.828641396489095,2.0,3.0,4.0,1.0,3
35412,3,0.0,0.0,1.0,1,1,2.302585092994046,1.0,3.332204510175204,8.0,6.0,2.0,1.0,5
35415,3,0.0,0.0,1.0,1,1,2.0794415416798357,2.0,3.4657359027997265,8.0,3.0,4.0,1.0,1
35418,3,0.0,0.0,1.0,1,1,2.5649493574615367,2.0,4.04305126783455,8.0,3.0,4.0,1.0,7
35419,3,0.0,0.0,1.0,1,1,1.3862943611198906,1.0,3.6109179126442243,1.0,9.0,2.0,2.0,1
35425,3,0.0,0.0,1.0,1,1,2.302585092994046,1.0,3.9318256327243257,1.0,6.0,2.0,2.0,1
35428,3,0.0,0.0,1.0,1,1,0.6931471805599453,1.0,3.9318256327243257,1.0,3.0,4.0,1.0,6
35431,3,0.0,0.0,1.0,4,1,2.0794415416798357,1.0,3.58351893845611,1.0,6.0,2.0,1.0,7
35433,3,0.0,0.0,2.0,1,2,1.6094379124341003,2.0,4.418840607796598,2.0,3.0,4.0,1.0,6
35440,3,0.0,1.0,1.0,4,1,2.5649493574615367,2.0,4.23410650459726,1.0,6.0,2.0,1.0,6
35441,3,0.0,0.0,1.0,1,1,1.791759469228055,2.0,3.1354942159291497,8.0,3.0,4.0,2.0,2
35444,3,0.0,0.0,2.0,1,2,1.9459101490553132,1.0,2.995732273553991,1.0,3.0,4.0,1.0,3
35449,3,0.0,0.0,1.0,1,1,2.4849066497880004,1.0,4.442651256490317,1.0,3.0,4.0,1.0,5
35450,3,0.0,0.0,1.0,4,1,2.4849066497880004,1.0,3.367295829986474,1.0,6.0,2.0,1.0,6
35455,3,0.0,2.0,1.0,1,1,1.9459101490553132,2.0,3.2188758248682006,8.0,3.0,4.0,1.0,3
35458,3,0.0,2.0,1.0,1,1,2.302585092994046,1.0,3.6635616461296463,1.0,2.0,4.0,1.0,4
35460,3,0.0,0.0,1.0,1,1,1.6094379124341003,1.0,3.58351893845611,8.0,3.0,4.0,1.0,4
35462,3,0.0,0.0,2.0,1,2,2.302585092994046,2.0,3.7376696182833684,1.0,3.0,4.0,1.0,4
35464,3,0.0,0.0,1.0,1,1,1.9459101490553132,1.0,3.828641396489095,8.0,2.0,4.0,1.0,6
35465,3,0.0,0.0,1.0,1,1,2.302585092994046,2.0,3.7612001156935624,8.0,2.0,4.0,1.0,6
35468,2,0.0,0.0,1.0,1,1,2.6390573296152584,1.0,2.9444389791664403,8.0,3.0,2.0,1.0,6
35480,3,0.0,0.0,2.0,1,1,0.6931471805599453,1.0,4.060443010546419,1.0,3.0,4.0,1.0,3
35488,3,0.0,0.0,1.0,4,1,2.6390573296152584,2.0,3.1780538303479458,2.0,3.0,4.0,1.0,2
35492,3,0.0,0.0,2.0,1,2,1.0986122886681098,1.0,3.8501476017100584,1.0,3.0,4.0,1.0,4
35493,3,0.0,0.0,2.0,1,2,1.3862943611198906,2.0,3.828641396489095,2.0,3.0,4.0,1.0,4
35494,3,0.0,0.0,1.0,1,1,2.4849066497880004,1.0,3.1780538303479458,1.0,6.0,2.0,1.0,3
35498,3,0.0,0.0,1.0,1,1,2.0794415416798357,2.0,3.4657359027997265,1.0,2.0,4.0,1.0,5
35501,3,0.0,0.0,1.0,4,1,2.1972245773362196,1.0,4.174387269895637,2.0,3.0,4.0,1.0,2
35504,2,0.0,0.0,1.0,4,1,1.9459101490553132,1.0,3.091042453358316,1.0,3.0,4.0,2.0,5
35515,3,0.0,0.0,2.0,1,2,1.791759469228055,2.0,3.1780538303479458,2.0,1.0,4.0,2.0,4
35519,3,0.0,0.0,1.0,1,9,1.9459101490553132,2.0,3.6375861597263857,8.0,6.0,4.0,1.0,2
35520,3,0.0,0.0,1.0,1,9,1.9459101490553132,2.0,3.6375861597263857,8.0,6.0,4.0,1.0,2
35530,3,0.0,0.0,1.0,4,1,1.0986122886681098,1.0,3.295836866004329,2.0,5.0,4.0,2.0,5
35532,3,0.0,0.0,1.0,1,1,2.0794415416798357,1.0,3.58351893845611,8.0,6.0,4.0,1.0,4
35533,3,0.0,0.0,1.0,1,1,2.4849066497880004,1.0,4.219507705176107,8.0,6.0,4.0,1.0,4
35534,3,0.0,0.0,1.0,1,1,2.4849066497880004,1.0,4.219507705176107,8.0,6.0,4.0,1.0,4
35536,3,0.0,0.0,1.0,1,1,2.0794415416798357,1.0,3.2188758248682006,8.0,3.0,4.0,1.0,6
35538,3,0.0,0.0,1.0,1,1,2.1972245773362196,1.0,4.007333185232471,1.0,3.0,4.0,1.0,1
35541,3,0.0,0.0,1.0,4,1,2.4849066497880004,2.0,2.995732273553991,8.0,1.0,4.0,1.0,5
35542,3,0.0,1.0,2.0,1,2,2.6390573296152584,1.0,4.3694478524670215,1.0,3.0,4.0,1.0,4
35545,3,0.0,0.0,1.0,1,1,2.5649493574615367,1.0,3.7612001156935624,1.0,8.0,4.0,1.0,3
35549,3,0.0,0.0,1.0,4,1,2.70805020110221,1.0,3.713572066704308,1.0,3.0,4.0,1.0,6
35555,3,0.0,0.0,2.0,1,1,1.3862943611198906,1.0,2.995732273553991,1.0,9.0,2.0,1.0,3
35556,3,0.0,0.0,1.0,1,1,2.1972245773362196,2.0,3.6375861597263857,1.0,1.0,4.0,1.0,3
35558,3,0.0,0.0,2.0,4,1,0.6931471805599453,1.0,3.6109179126442243,1.0,3.0,4.0,2.0,7
35564,3,0.0,0.0,1.0,4,1,2.302585092994046,1.0,3.784189633918261,2.0,6.0,2.0,1.0,3
35568,3,0.0,0.0,2.0,1,2,2.833213344056216,1.0,3.4657359027997265,1.0,3.0,4.0,1.0,5
35574,3,3.0,0.0,1.0,4,1,2.302585092994046,1.0,3.8918202981106265,8.0,3.0,4.0,1.0,6
35575,3,3.0,0.0,1.0,4,1,2.302585092994046,1.0,2.995732273553991,8.0,3.0,4.0,1.0,6
35579,3,0.0,0.0,1.0,1,1,2.0794415416798357,1.0,3.9889840465642745,1.0,6.0,4.0,1.0,5
35581,3,0.0,0.0,1.0,1,1,2.0794415416798357,1.0,3.828641396489095,5.0,3.0,4.0,1.0,1
35583,3,0.0,1.0,1.0,1,1,1.6094379124341003,2.0,3.970291913552122,8.0,3.0,4.0,1.0,6
35589,3,0.0,0.0,2.0,1,2,2.302585092994046,2.0,3.912023005428146,8.0,9.0,3.0,1.0,7
35590,3,0.0,0.0,2.0,1,2,1.791759469228055,2.0,3.295836866004329,8.0,9.0,3.0,1.0,7
35593,3,0.0,0.0,1.0,1,1,2.772588722239781,2.0,3.871201010907891,1.0,3.0,4.0,1.0,3
35596,3,0.0,0.0,2.0,4,2,2.4849066497880004,1.0,3.332204510175204,8.0,2.0,4.0,1.0,7
35602,2,0.0,0.0,2.0,1,2,2.0794415416798357,1.0,3.091042453358316,8.0,3.0,4.0,1.0,3
35610,3,0.0,0.0,1.0,7,9,2.5649493574615367,1.0,3.332204510175204,1.0,3.0,4.0,1.0,7
35611,3,0.0,0.0,2.0,1,1,1.9459101490553132,1.0,3.4657359027997265,8.0,3.0,4.0,1.0,4
35615,3,0.0,0.0,1.0,4,1,2.1972245773362196,1.0,2.9444389791664403,8.0,6.0,4.0,1.0,4
35621,3,0.0,0.0,1.0,4,1,1.3862943611198906,1.0,3.4339872044851463,8.0,6.0,2.0,1.0,2
35622,3,0.0,0.0,1.0,4,1,1.3862943611198906,1.0,3.4339872044851463,8.0,6.0,2.0,1.0,2
35628,3,0.0,0.0,1.0,4,1,2.3978952727983707,1.0,4.276666119016055,1.0,9.0,4.0,1.0,4
35632,3,0.0,0.0,1.0,4,4,2.6390573296152584,2.0,4.127134385045092,2.0,3.0,4.0,1.0,1
35633,3,0.0,0.0,1.0,4,4,1.6094379124341003,1.0,4.343805421853684,2.0,3.0,4.0,1.0,1
35636,3,0.0,0.0,2.0,4,9,2.0794415416798357,1.0,3.367295829986474,8.0,8.0,4.0,2.0,7
35639,3,0.0,0.0,1.0,4,1,2.3978952727983707,1.0,3.58351893845611,1.0,3.0,4.0,1.0,1
35644,3,0.0,0.0,1.0,1,1,2.4849066497880004,2.0,3.091042453358316,1.0,1.0,4.0,2.0,7
35646,3,0.0,0.0,2.0,1,2,0.6931471805599453,2.0,3.784189633918261,1.0,3.0,4.0,1.0,2
35651,3,0.0,0.0,2.0,4,4,2.302585092994046,2.0,3.6375861597263857,1.0,3.0,2.0,1.0,3
35652,3,0.0,0.0,2.0,4,4,2.3978952727983707,1.0,3.2188758248682006,1.0,3.0,2.0,1.0,3
35659,3,0.0,0.0,2.0,1,2,2.1972245773362196,1.0,3.5263605246161616,1.0,3.0,4.0,1.0,3
35660,3,0.0,0.0,1.0,1,1,0.6931471805599453,1.0,3.4965075614664802,8.0,3.0,4.0,1.0,1
35661,3,0.0,0.0,1.0,1,1,0.6931471805599453,1.0,3.4965075614664802,8.0,3.0,4.0,1.0,1
35666,3,0.0,0.0,2.0,1,2,1.791759469228055,1.0,3.4657359027997265,8.0,1.0,4.0,2.0,5
35667,3,0.0,0.0,2.0,1,2,1.791759469228055,1.0,3.4657359027997265,8.0,1.0,4.0,2.0,5
35669,2,0.0,0.0,2.0,4,1,2.4849066497880004,2.0,3.8501476017100584,1.0,6.0,2.0,2.0,1
35670,2,0.0,0.0,2.0,4,1,2.4849066497880004,2.0,3.8501476017100584,1.0,6.0,2.0,2.0,1
35671,2,0.0,0.0,2.0,4,1,2.4849066497880004,2.0,3.8501476017100584,1.0,6.0,2.0,2.0,1
35673,3,0.0,0.0,1.0,4,1,2.302585092994046,1.0,2.995732273553991,1.0,3.0,4.0,1.0,3
35675,3,0.0,0.0,1.0,4,1,2.0794415416798357,2.0,3.5263605246161616,8.0,3.0,4.0,1.0,2
35677,2,0.0,1.0,1.0,4,1,1.3862943611198906,1.0,3.713572066704308,1.0,3.0,4.0,1.0,2
35679,3,0.0,0.0,1.0,1,1,0.6931471805599453,1.0,3.5263605246161616,2.0,5.0,4.0,1.0,3
35681,3,0.0,0.0,2.0,4,1,1.791759469228055,1.0,3.6109179126442243,8.0,6.0,3.0,1.0,2
35685,3,0.0,0.0,2.0,1,2,2.6390573296152584,1.0,3.784189633918261,8.0,5.0,4.0,1.0,7
35687,3,0.0,1.0,1.0,1,1,2.6390573296152584,1.0,3.5553480614894135,8.0,7.0,2.0,1.0,6
35693,3,0.0,0.0,1.0,1,1,2.5649493574615367,1.0,3.828641396489095,1.0,8.0,4.0,1.0,5
35697,3,0.0,0.0,1.0,4,1,2.4849066497880004,2.0,4.060443010546419,8.0,6.0,2.0,1.0,6
35698,3,0.0,0.0,1.0,1,1,2.0794415416798357,2.0,4.174387269895637,1.0,3.0,4.0,1.0,2
35699,3,0.0,0.0,1.0,1,1,2.302585092994046,1.0,4.1588830833596715,1.0,3.0,4.0,1.0,2
35700,3,0.0,0.0,2.0,1,1,2.3978952727983707,2.0,3.7376696182833684,1.0,3.0,4.0,1.0,4
35701,3,0.0,0.0,1.0,4,1,1.0986122886681098,2.0,4.290459441148391,8.0,3.0,4.0,1.0,2
35702,3,0.0,0.0,1.0,4,1,1.0986122886681098,2.0,4.290459441148391,8.0,3.0,4.0,1.0,2
35703,3,0.0,0.0,1.0,4,1,2.70805020110221,2.0,3.9512437185814275,8.0,3.0,4.0,1.0,2
35704,3,0.0,0.0,1.0,1,1,1.3862943611198906,1.0,3.8501476017100584,8.0,1.0,2.0,1.0,2
35711,3,0.0,0.0,1.0,1,1,0.6931471805599453,1.0,4.127134385045092,8.0,9.0,4.0,1.0,4
35712,3,0.0,0.0,1.0,1,1,0.6931471805599453,1.0,4.127134385045092,8.0,9.0,4.0,1.0,4
35713,2,0.0,0.0,1.0,1,1,1.791759469228055,1.0,3.6375861597263857,8.0,3.0,4.0,1.0,4
35719,3,0.0,0.0,1.0,4,1,2.1972245773362196,1.0,3.1780538303479458,8.0,3.0,4.0,1.0,2
35721,3,0.0,0.0,1.0,1,1,2.4849066497880004,1.0,3.6375861597263857,8.0,3.0,4.0,1.0,2
35727,3,0.0,0.0,1.0,4,1,2.0794415416798357,1.0,3.6888794541139363,8.0,3.0,4.0,1.0,2
35729,3,0.0,0.0,1.0,1,1,2.1972245773362196,1.0,3.4011973816621555,1.0,3.0,2.0,1.0,2
35732,3,0.0,0.0,1.0,1,1,1.3862943611198906,2.0,3.091042453358316,1.0,3.0,4.0,1.0,1
35734,3,0.0,0.0,1.0,4,1,2.833213344056216,1.0,3.912023005428146,8.0,3.0,4.0,1.0,6
35736,3,0.0,0.0,1.0,4,1,1.791759469228055,1.0,3.6888794541139363,8.0,3.0,4.0,1.0,6
35739,3,0.0,0.0,2.0,1,2,1.6094379124341003,1.0,3.6888794541139363,8.0,6.0,4.0,1.0,4
35740,3,0.0,0.0,2.0,1,2,1.6094379124341003,1.0,3.6888794541139363,8.0,6.0,4.0,1.0,4
35744,3,0.0,0.0,1.0,1,1,2.1972245773362196,1.0,3.4657359027997265,8.0,8.0,4.0,1.0,3
35745,3,0.0,0.0,1.0,1,1,2.5649493574615367,1.0,3.295836866004329,8.0,5.0,4.0,1.0,2
35757,3,0.0,3.0,1.0,4,1,2.9444389791664403,2.0,3.970291913552122,1.0,6.0,4.0,1.0,2
35758,3,0.0,0.0,1.0,4,1,2.8903717578961645,1.0,3.7376696182833684,8.0,1.0,2.0,1.0,4
35760,3,0.0,0.0,2.0,4,2,2.3978952727983707,1.0,3.4339872044851463,5.0,9.0,2.0,2.0,5
35762,3,0.0,0.0,2.0,4,2,1.9459101490553132,2.0,3.1780538303479458,1.0,1.0,2.0,2.0,6
35764,3,0.0,0.0,2.0,1,1,2.1972245773362196,2.0,3.9318256327243257,8.0,3.0,4.0,1.0,3
35765,3,0.0,0.0,2.0,1,1,2.1972245773362196,2.0,3.9318256327243257,8.0,3.0,4.0,1.0,3
35769,3,0.0,9.0,1.0,1,4,1.9459101490553132,1.0,3.784189633918261,8.0,5.0,4.0,1.0,6
35770,3,0.0,0.0,2.0,4,1,2.0794415416798357,1.0,3.58351893845611,2.0,3.0,4.0,1.0,2
35773,3,0.0,0.0,1.0,1,1,2.70805020110221,1.0,3.1354942159291497,8.0,3.0,4.0,1.0,1
35778,3,0.0,0.0,2.0,1,2,1.791759469228055,1.0,3.4657359027997265,8.0,8.0,4.0,1.0,5
35780,3,0.0,0.0,1.0,1,1,2.3978952727983707,1.0,3.4965075614664802,8.0,3.0,4.0,1.0,6
35783,3,0.0,9.0,1.0,7,1,2.0794415416798357,2.0,3.784189633918261,1.0,3.0,4.0,1.0,5
35790,3,0.0,0.0,2.0,1,1,2.0794415416798357,1.0,4.02535169073515,2.0,8.0,4.0,1.0,5
35791,3,0.0,0.0,1.0,4,1,1.6094379124341003,1.0,3.258096538021482,1.0,6.0,2.0,1.0,1
35797,3,0.0,0.0,2.0,1,1,1.6094379124341003,2.0,4.110873864173311,1.0,3.0,4.0,1.0,6
35798,3,0.0,0.0,2.0,4,1,3.1354942159291497,1.0,3.6888794541139363,1.0,5.0,4.0,1.0,2
35800,3,0.0,0.0,1.0,1,8,0.6931471805599453,1.0,3.4965075614664802,8.0,3.0,4.0,1.0,3
35811,3,0.0,0.0,2.0,1,1,2.5649493574615367,1.0,3.091042453358316,1.0,3.0,4.0,1.0,6
35815,3,0.0,0.0,1.0,1,1,2.0794415416798357,2.0,3.8501476017100584,1.0,6.0,2.0,2.0,4
35817,3,0.0,0.0,2.0,4,2,2.3978952727983707,2.0,3.295836866004329,1.0,5.0,4.0,2.0,2
35819,3,0.0,0.0,1.0,7,9,1.0986122886681098,2.0,3.4339872044851463,1.0,5.0,4.0,2.0,1
35820,3,0.0,0.0,1.0,7,9,1.0986122886681098,2.0,3.4339872044851463,1.0,5.0,4.0,2.0,1
35824,3,0.0,0.0,1.0,1,1,2.3978952727983707,2.0,3.044522437723423,2.0,1.0,4.0,1.0,4
35826,3,0.0,0.0,1.0,1,1,1.6094379124341003,1.0,3.4339872044851463,2.0,1.0,4.0,1.0,4
35834,3,0.0,1.0,2.0,4,1,2.5649493574615367,2.0,4.04305126783455,1.0,3.0,4.0,1.0,5
35835,3,0.0,9.0,1.0,1,1,2.3978952727983707,1.0,4.189654742026425,8.0,3.0,4.0,1.0,1
35838,3,0.0,0.0,1.0,1,1,2.0794415416798357,2.0,3.4965075614664802,8.0,3.0,2.0,1.0,4
35844,2,0.0,0.0,1.0,1,1,2.4849066497880004,1.0,3.258096538021482,8.0,1.0,4.0,1.0,7
35845,3,0.0,1.0,1.0,1,1,2.1972245773362196,1.0,2.995732273553991,2.0,3.0,4.0,1.0,5
35848,3,0.0,0.0,2.0,4,2,2.1972245773362196,1.0,3.6109179126442243,2.0,3.0,4.0,1.0,6
35852,3,0.0,0.0,1.0,7,9,2.4849066497880004,2.0,3.2188758248682006,1.0,6.0,2.0,1.0,7
35854,3,0.0,1.0,1.0,1,1,1.6094379124341003,1.0,3.828641396489095,8.0,3.0,4.0,1.0,4
35864,3,0.0,3.0,2.0,4,2,2.70805020110221,2.0,3.6375861597263857,2.0,3.0,4.0,1.0,3
35871,3,0.0,0.0,1.0,1,1,1.3862943611198906,1.0,3.295836866004329,8.0,3.0,4.0,1.0,3
35875,3,0.0,0.0,1.0,1,1,1.9459101490553132,1.0,4.04305126783455,1.0,3.0,4.0,2.0,4
35877,3,0.0,0.0,1.0,4,1,1.791759469228055,1.0,3.7376696182833684,8.0,1.0,4.0,2.0,4
35880,3,0.0,0.0,1.0,4,1,2.3978952727983707,1.0,3.1780538303479458,2.0,3.0,4.0,1.0,2
35883,3,0.0,0.0,1.0,1,1,1.791759469228055,1.0,3.8918202981106265,8.0,6.0,4.0,1.0,4
35886,3,0.0,2.0,2.0,7,1,1.3862943611198906,1.0,3.4011973816621555,1.0,3.0,4.0,1.0,4
35889,3,0.0,0.0,1.0,1,1,1.9459101490553132,1.0,4.02535169073515,1.0,3.0,4.0,2.0,6
35898,2,0.0,3.0,1.0,1,1,2.0794415416798357,2.0,3.713572066704308,8.0,3.0,4.0,1.0,3
35901,3,0.0,0.0,1.0,1,1,2.1972245773362196,1.0,3.6635616461296463,8.0,3.0,4.0,1.0,5
35906,2,0.0,0.0,1.0,4,1,2.1972245773362196,2.0,3.6635616461296463,8.0,6.0,4.0,1.0,3
35907,3,0.0,0.0,1.0,1,1,2.1972245773362196,1.0,3.044522437723423,8.0,3.0,4.0,2.0,4
35911,3,0.0,0.0,1.0,1,1,2.3978952727983707,2.0,3.8918202981106265,8.0,3.0,4.0,1.0,3
35920,3,0.0,0.0,1.0,1,9,1.6094379124341003,1.0,3.713572066704308,1.0,3.0,4.0,1.0,2
35923,3,0.0,0.0,1.0,4,1,1.6094379124341003,1.0,3.367295829986474,8.0,3.0,4.0,1.0,6
35928,3,0.0,0.0,2.0,4,2,1.9459101490553132,1.0,3.367295829986474,2.0,6.0,2.0,1.0,5
35935,3,0.0,0.0,1.0,4,1,2.1972245773362196,1.0,3.4339872044851463,8.0,5.0,4.0,1.0,4
35937,3,0.0,0.0,1.0,1,1,2.3978952727983707,1.0,3.1780538303479458,1.0,3.0,2.0,2.0,3
35942,3,0.0,1.0,2.0,1,2,1.6094379124341003,1.0,3.8501476017100584,1.0,3.0,4.0,1.0,3
35943,3,0.0,0.0,2.0,1,1,0.6931471805599453,1.0,3.044522437723423,1.0,6.0,4.0,1.0,5
35945,3,0.0,0.0,1.0,1,1,2.1972245773362196,1.0,3.784189633918261,2.0,6.0,2.0,1.0,5
35957,3,0.0,0.0,2.0,7,5,1.6094379124341003,1.0,3.2188758248682006,1.0,3.0,4.0,1.0,6
35960,3,0.0,0.0,1.0,7,9,1.6094379124341003,2.0,2.9444389791664403,8.0,6.0,2.0,1.0,7
35963,3,0.0,0.0,1.0,1,1,2.6390573296152584,2.0,3.5263605246161616,1.0,6.0,2.0,2.0,1
35968,3,0.0,0.0,1.0,1,1,2.3978952727983707,1.0,3.4657359027997265,1.0,3.0,4.0,1.0,5
35971,3,0.0,0.0,4.0,4,1,0.6931471805599453,1.0,3.6635616461296463,1.0,3.0,4.0,1.0,2
35972,3,0.0,0.0,2.0,1,1,2.6390573296152584,1.0,3.8501476017100584,8.0,1.0,4.0,1.0,3
35973,3,0.0,0.0,2.0,1,1,2.1972245773362196,2.0,3.7376696182833684,8.0,1.0,4.0,1.0,3
35974,3,0.0,0.0,1.0,1,1,2.302585092994046,1.0,3.6375861597263857,8.0,6.0,3.0,1.0,6
35976,3,0.0,0.0,1.0,1,1,2.1972245773362196,1.0,3.5553480614894135,8.0,6.0,4.0,1.0,1
35977,3,0.0,0.0,1.0,1,1,2.0794415416798357,1.0,4.143134726391533,8.0,6.0,4.0,1.0,1
35978,3,0.0,0.0,1.0,1,1,2.3978952727983707,2.0,3.8501476017100584,8.0,1.0,4.0,2.0,4
35982,3,0.0,0.0,1.0,1,1,2.302585092994046,1.0,3.713572066704308,1.0,6.0,2.0,1.0,3
35986,2,0.0,0.0,1.0,4,1,2.1972245773362196,1.0,3.091042453358316,2.0,6.0,4.0,1.0,1
35987,2,0.0,0.0,1.0,4,1,2.1972245773362196,1.0,3.091042453358316,2.0,6.0,4.0,1.0,1
35989,3,0.0,1.0,2.0,1,2,0.6931471805599453,1.0,3.970291913552122,1.0,3.0,4.0,1.0,2
35991,3,0.0,0.0,1.0,1,1,2.302585092994046,1.0,3.367295829986474,2.0,3.0,4.0,1.0,6
35992,3,0.0,0.0,1.0,4,1,2.1972245773362196,1.0,3.4011973816621555,8.0,1.0,2.0,1.0,5
36001,3,0.0,0.0,2.0,4,2,2.4849066497880004,2.0,4.430816798843313,8.0,3.0,4.0,1.0,3
36004,3,0.0,0.0,1.0,1,1,2.0794415416798357,1.0,4.0943445622221,1.0,3.0,4.0,1.0,6
36006,3,0.0,0.0,2.0,4,8,2.5649493574615367,1.0,3.5553480614894135,8.0,5.0,4.0,2.0,1
36008,3,0.0,0.0,2.0,1,1,1.791759469228055,2.0,4.189654742026425,8.0,6.0,2.0,1.0,2
36010,3,0.0,0.0,1.0,4,1,1.0986122886681098,1.0,4.060443010546419,1.0,3.0,4.0,1.0,3
36011,2,0.0,1.0,1.0,1,1,2.1972245773362196,1.0,4.219507705176107,2.0,6.0,4.0,1.0,4
36012,3,0.0,0.0,1.0,1,1,2.0794415416798357,1.0,4.02535169073515,8.0,3.0,4.0,1.0,5
36017,3,0.0,0.0,1.0,1,1,2.3978952727983707,1.0,3.7612001156935624,1.0,3.0,4.0,1.0,3
36029,3,0.0,0.0,1.0,1,8,1.9459101490553132,2.0,3.091042453358316,2.0,6.0,2.0,1.0,1
36030,3,0.0,0.0,1.0,1,8,2.4849066497880004,1.0,3.5263605246161616,2.0,6.0,2.0,1.0,1
36035,3,0.0,0.0,1.0,1,1,2.0794415416798357,1.0,3.713572066704308,1.0,3.0,4.0,1.0,1
36037,3,0.0,0.0,1.0,4,1,0.6931471805599453,1.0,3.7612001156935624,1.0,3.0,4.0,1.0,6
36040,3,0.0,0.0,1.0,1,1,2.0794415416798357,1.0,3.9318256327243257,8.0,2.0,4.0,1.0,7
36043,2,0.0,0.0,2.0,1,5,1.3862943611198906,1.0,3.044522437723423,8.0,3.0,4.0,1.0,5
36045,3,0.0,0.0,1.0,1,1,2.1972245773362196,1.0,2.995732273553991,1.0,3.0,4.0,1.0,3
36046,3,0.0,0.0,1.0,1,1,2.0794415416798357,2.0,3.258096538021482,8.0,6.0,4.0,1.0,7
36049,3,0.0,0.0,1.0,7,9,1.9459101490553132,2.0,3.5553480614894135,1.0,3.0,4.0,1.0,7
36052,3,0.0,0.0,2.0,1,9,2.9444389791664403,2.0,3.7612001156935624,8.0,6.0,4.0,1.0,3
36053,3,0.0,1.0,1.0,1,1,2.3978952727983707,1.0,3.828641396489095,2.0,3.0,4.0,1.0,4
36055,3,0.0,0.0,2.0,1,1,1.6094379124341003,2.0,3.1780538303479458,2.0,3.0,4.0,1.0,7
36058,3,0.0,0.0,1.0,4,1,1.6094379124341003,2.0,3.258096538021482,8.0,3.0,4.0,1.0,2
36059,3,0.0,0.0,1.0,4,1,0.6931471805599453,1.0,3.367295829986474,8.0,6.0,2.0,1.0,3
36061,3,0.0,0.0,1.0,1,1,0.6931471805599453,1.0,4.007333185232471,1.0,2.0,4.0,2.0,4
36064,2,0.0,0.0,1.0,1,1,1.791759469228055,2.0,3.6888794541139363,8.0,3.0,2.0,2.0,5