accident_severity,special_conditions_at_site,pedestrian_movement,road_surface_conditions,light_conditions,weather_conditions,age_of_vehicle,sex_of_driver,age_of_driver,junction_location,junction_detail,junction_control,did_police_officer_attend_scene_of_accident,day_of_week
36065,2,0.0,0.0,1.0,1,1,1.791759469228055,2.0,3.6888794541139363,8.0,3.0,2.0,2.0,5
36067,3,0.0,0.0,1.0,1,1,1.791759469228055,2.0,4.30406509320417,3.0,3.0,4.0,1.0,3
36069,3,0.0,0.0,1.0,1,1,2.1972245773362196,1.0,3.1354942159291497,8.0,3.0,4.0,1.0,5
36072,3,0.0,0.0,1.0,1,1,2.302585092994046,1.0,3.4339872044851463,8.0,8.0,4.0,1.0,1
36073,3,0.0,0.0,1.0,4,1,2.9444389791664403,2.0,4.04305126783455,8.0,1.0,2.0,2.0,4
36079,2,0.0,0.0,1.0,4,1,1.0986122886681098,1.0,3.4657359027997265,8.0,6.0,2.0,1.0,4
36080,3,0.0,0.0,1.0,4,1,2.0794415416798357,1.0,3.295836866004329,1.0,3.0,4.0,2.0,1
36081,3,0.0,0.0,1.0,4,1,2.0794415416798357,1.0,3.295836866004329,1.0,3.0,4.0,2.0,1
36089,3,0.0,0.0,1.0,4,1,2.302585092994046,1.0,3.4965075614664802,1.0,3.0,4.0,1.0,5
36091,1,0.0,0.0,2.0,1,1,1.9459101490553132,1.0,3.713572066704308,8.0,3.0,2.0,1.0,1
36093,1,0.0,0.0,1.0,4,1,2.1972245773362196,1.0,3.4965075614664802,2.0,3.0,4.0,1.0,1
36094,1,0.0,0.0,1.0,1,1,0.6931471805599453,1.0,3.58351893845611,8.0,6.0,2.0,1.0,2
36096,1,0.0,1.0,1.0,4,1,2.0794415416798357,1.0,4.04305126783455,8.0,6.0,2.0,1.0,1
36098,1,0.0,0.0,1.0,4,1,1.9459101490553132,1.0,3.258096538021482,1.0,3.0,4.0,1.0,1
36101,1,0.0,2.0,4.0,4,1,2.302585092994046,1.0,3.091042453358316,8.0,6.0,2.0,1.0,5
36102,1,0.0,3.0,2.0,4,2,1.0986122886681098,2.0,3.7612001156935624,2.0,3.0,4.0,1.0,7
36109,1,0.0,3.0,1.0,4,1,2.0794415416798357,1.0,3.295836866004329,1.0,3.0,4.0,1.0,7
36110,1,0.0,3.0,1.0,4,1,1.6094379124341003,1.0,3.1354942159291497,1.0,3.0,4.0,1.0,1
36112,1,0.0,0.0,1.0,4,1,2.5649493574615367,1.0,3.871201010907891,8.0,9.0,4.0,1.0,2
36115,1,0.0,1.0,1.0,1,1,1.9459101490553132,1.0,4.477336814478207,2.0,6.0,4.0,1.0,6
36116,1,0.0,1.0,1.0,1,1,1.9459101490553132,1.0,4.477336814478207,2.0,6.0,4.0,1.0,6
36117,1,0.0,3.0,2.0,4,2,2.6390573296152584,1.0,3.4965075614664802,2.0,3.0,4.0,1.0,4
36124,1,0.0,1.0,1.0,4,1,2.1972245773362196,1.0,3.367295829986474,2.0,6.0,2.0,1.0,1
36125,1,0.0,1.0,1.0,1,1,2.70805020110221,1.0,3.7376696182833684,2.0,3.0,4.0,1.0,2
36126,1,0.0,0.0,1.0,4,1,2.6390573296152584,1.0,3.2188758248682006,1.0,3.0,4.0,1.0,3
36130,1,0.0,0.0,1.0,1,9,3.5263605246161616,1.0,4.060443010546419,1.0,3.0,4.0,1.0,3
36135,1,0.0,1.0,2.0,5,1,1.6094379124341003,1.0,3.295836866004329,2.0,3.0,2.0,1.0,1
36136,1,0.0,0.0,1.0,4,1,2.995732273553991,1.0,3.1354942159291497,8.0,6.0,2.0,1.0,6
36138,1,0.0,9.0,1.0,1,4,2.1972245773362196,1.0,3.1780538303479458,2.0,6.0,2.0,1.0,1
36140,1,0.0,0.0,1.0,1,1,2.70805020110221,1.0,3.6888794541139363,8.0,6.0,2.0,1.0,3
36142,1,0.0,3.0,1.0,1,1,2.0794415416798357,2.0,3.5553480614894135,2.0,3.0,4.0,1.0,3
36144,1,0.0,1.0,1.0,1,1,2.0794415416798357,1.0,3.9889840465642745,6.0,3.0,4.0,1.0,6
36148,1,0.0,1.0,1.0,4,1,2.772588722239781,1.0,3.4339872044851463,2.0,3.0,4.0,1.0,1
36152,1,0.0,0.0,1.0,4,1,1.9459101490553132,1.0,2.9444389791664403,8.0,3.0,4.0,1.0,6
36154,1,0.0,0.0,1.0,1,1,2.70805020110221,1.0,3.1354942159291497,8.0,6.0,4.0,1.0,6
36155,1,0.0,0.0,1.0,1,1,2.6390573296152584,1.0,3.6635616461296463,8.0,6.0,4.0,1.0,6
36156,1,0.0,0.0,1.0,1,1,2.6390573296152584,1.0,3.6635616461296463,8.0,6.0,4.0,1.0,6
36157,1,0.0,0.0,1.0,1,1,2.6390573296152584,1.0,3.6635616461296463,8.0,6.0,4.0,1.0,6
36162,1,0.0,1.0,1.0,4,1,1.6094379124341003,1.0,3.8066624897703196,2.0,3.0,4.0,1.0,1
36164,1,0.0,3.0,1.0,1,1,2.4849066497880004,2.0,3.8066624897703196,2.0,3.0,4.0,1.0,4
36168,1,0.0,0.0,1.0,1,1,1.6094379124341003,1.0,3.4965075614664802,8.0,6.0,4.0,1.0,5
36170,1,0.0,3.0,1.0,1,1,1.6094379124341003,1.0,3.9318256327243257,2.0,3.0,4.0,1.0,1
36175,1,0.0,9.0,1.0,4,1,1.791759469228055,1.0,3.4339872044851463,8.0,3.0,4.0,1.0,7
36176,1,0.0,0.0,1.0,4,1,2.8903717578961645,1.0,3.258096538021482,2.0,6.0,4.0,1.0,4
36177,1,0.0,0.0,1.0,1,1,2.1972245773362196,1.0,3.295836866004329,8.0,3.0,4.0,1.0,4
36191,1,1.0,0.0,1.0,4,1,1.6094379124341003,1.0,3.970291913552122,8.0,6.0,2.0,1.0,6
36197,1,0.0,0.0,1.0,1,1,1.0986122886681098,1.0,3.367295829986474,1.0,6.0,2.0,1.0,2
36200,1,0.0,2.0,2.0,1,2,0.6931471805599453,1.0,3.1354942159291497,1.0,3.0,4.0,1.0,4
36203,1,0.0,9.0,1.0,1,1,0.6931471805599453,1.0,4.02535169073515,1.0,6.0,2.0,1.0,7
36209,1,0.0,0.0,1.0,7,1,2.0794415416798357,1.0,4.276666119016055,8.0,2.0,4.0,1.0,7
36212,1,0.0,2.0,1.0,7,1,2.6390573296152584,1.0,3.1780538303479458,1.0,3.0,2.0,1.0,2
36213,1,0.0,0.0,2.0,1,2,3.258096538021482,1.0,3.828641396489095,1.0,3.0,4.0,1.0,4
36215,1,0.0,1.0,1.0,1,9,0.6931471805599453,1.0,3.912023005428146,1.0,3.0,2.0,1.0,5
36225,1,0.0,6.0,1.0,4,1,2.1972245773362196,1.0,3.4657359027997265,1.0,3.0,4.0,1.0,5
36228,1,0.0,0.0,1.0,1,9,1.791759469228055,1.0,3.6635616461296463,2.0,3.0,4.0,1.0,1
36230,1,0.0,0.0,1.0,1,8,1.791759469228055,1.0,4.1588830833596715,1.0,3.0,2.0,1.0,3
36240,1,0.0,9.0,1.0,1,9,2.0794415416798357,1.0,3.9889840465642745,1.0,3.0,4.0,1.0,7
36242,1,4.0,1.0,1.0,1,1,2.0794415416798357,1.0,3.58351893845611,2.0,6.0,2.0,1.0,4
36243,1,0.0,2.0,1.0,1,1,1.9459101490553132,1.0,3.713572066704308,1.0,3.0,4.0,1.0,6
36247,1,0.0,9.0,1.0,1,1,2.5649493574615367,1.0,4.248495242049359,1.0,3.0,4.0,1.0,6
36254,1,0.0,1.0,1.0,1,1,2.4849066497880004,1.0,3.970291913552122,2.0,3.0,4.0,1.0,6
36255,1,0.0,0.0,1.0,4,1,1.791759469228055,1.0,3.912023005428146,8.0,6.0,2.0,1.0,1
36258,1,0.0,1.0,1.0,4,1,2.6390573296152584,1.0,4.31748811353631,2.0,3.0,4.0,1.0,3
36259,1,0.0,1.0,2.0,7,2,1.3862943611198906,1.0,3.4339872044851463,2.0,2.0,4.0,2.0,7
36260,1,0.0,0.0,1.0,1,1,2.70805020110221,1.0,2.995732273553991,1.0,3.0,4.0,1.0,7
36261,1,0.0,2.0,1.0,4,1,1.6094379124341003,1.0,4.007333185232471,1.0,3.0,4.0,1.0,1
36264,1,0.0,0.0,2.0,1,1,2.4849066497880004,1.0,3.784189633918261,2.0,6.0,2.0,1.0,7
36265,1,0.0,1.0,2.0,1,1,2.4849066497880004,1.0,3.784189633918261,2.0,6.0,2.0,1.0,7
36267,1,0.0,0.0,1.0,1,1,1.9459101490553132,1.0,4.04305126783455,1.0,3.0,4.0,1.0,7
36268,1,0.0,1.0,1.0,1,1,1.0986122886681098,1.0,3.6635616461296463,8.0,3.0,4.0,1.0,3
36269,1,0.0,0.0,1.0,1,1,2.3978952727983707,2.0,3.784189633918261,1.0,3.0,4.0,1.0,4
36270,1,0.0,0.0,1.0,1,1,2.3978952727983707,2.0,3.784189633918261,1.0,3.0,4.0,1.0,4
36271,1,0.0,0.0,1.0,1,1,2.3978952727983707,2.0,3.784189633918261,1.0,3.0,4.0,1.0,4
36272,1,0.0,0.0,1.0,1,1,1.791759469228055,1.0,3.8066624897703196,2.0,3.0,4.0,1.0,4
36279,1,0.0,9.0,1.0,1,4,1.791759469228055,1.0,3.4657359027997265,1.0,9.0,2.0,1.0,7
36286,1,0.0,0.0,1.0,1,4,2.302585092994046,1.0,3.1780538303479458,1.0,3.0,4.0,1.0,7
36287,1,0.0,3.0,1.0,1,4,2.302585092994046,1.0,3.1780538303479458,1.0,3.0,4.0,1.0,7
36288,1,0.0,0.0,1.0,4,1,2.5649493574615367,1.0,4.143134726391533,1.0,6.0,4.0,1.0,2
36302,1,0.0,1.0,1.0,7,1,2.5649493574615367,1.0,3.6888794541139363,8.0,8.0,2.0,1.0,7
36303,1,0.0,0.0,1.0,1,1,2.772588722239781,1.0,4.31748811353631,1.0,3.0,4.0,1.0,6
36313,3,0.0,1.0,2.0,4,2,2.4849066497880004,1.0,3.970291913552122,8.0,3.0,4.0,1.0,2
36315,3,0.0,0.0,1.0,4,1,2.302585092994046,2.0,3.5263605246161616,8.0,1.0,4.0,1.0,7
36318,3,0.0,0.0,1.0,1,1,2.5649493574615367,1.0,3.5263605246161616,8.0,1.0,4.0,1.0,4
36335,3,0.0,1.0,1.0,1,1,1.6094379124341003,2.0,3.044522437723423,1.0,6.0,2.0,1.0,2
36339,3,0.0,0.0,2.0,4,1,0.6931471805599453,1.0,3.2188758248682006,1.0,3.0,4.0,1.0,5
36356,3,0.0,0.0,2.0,4,1,1.9459101490553132,2.0,4.290459441148391,8.0,3.0,4.0,1.0,7
36362,3,0.0,0.0,1.0,1,1,2.4849066497880004,2.0,2.995732273553991,8.0,3.0,4.0,1.0,2
36373,3,0.0,0.0,1.0,4,1,1.0986122886681098,1.0,3.784189633918261,8.0,2.0,3.0,1.0,5
36374,3,0.0,0.0,2.0,4,2,1.9459101490553132,1.0,4.0943445622221,8.0,1.0,2.0,2.0,5
36375,3,0.0,0.0,2.0,4,2,1.9459101490553132,1.0,4.0943445622221,8.0,1.0,2.0,2.0,5
36380,3,0.0,0.0,1.0,1,1,2.1972245773362196,2.0,3.044522437723423,8.0,3.0,2.0,1.0,4
36393,3,0.0,0.0,1.0,4,1,2.1972245773362196,1.0,3.295836866004329,8.0,7.0,2.0,2.0,4
36396,2,0.0,0.0,1.0,1,1,1.9459101490553132,1.0,3.091042453358316,8.0,3.0,4.0,2.0,7
36409,3,0.0,0.0,1.0,1,1,2.302585092994046,1.0,3.871201010907891,1.0,3.0,4.0,1.0,3
36410,3,0.0,0.0,1.0,1,1,1.9459101490553132,2.0,3.9318256327243257,1.0,3.0,4.0,1.0,3
36412,3,0.0,0.0,1.0,1,1,2.5649493574615367,1.0,3.9318256327243257,1.0,6.0,2.0,1.0,4
36413,3,0.0,0.0,1.0,1,1,2.1972245773362196,1.0,3.9889840465642745,8.0,6.0,4.0,1.0,6
36433,3,0.0,0.0,1.0,1,1,2.3978952727983707,1.0,3.367295829986474,8.0,1.0,4.0,2.0,6
36441,3,0.0,0.0,1.0,1,1,2.1972245773362196,1.0,3.2188758248682006,8.0,2.0,2.0,1.0,6
36447,3,0.0,0.0,1.0,4,1,2.5649493574615367,1.0,3.258096538021482,8.0,3.0,4.0,1.0,1
36455,3,0.0,0.0,2.0,4,2,1.9459101490553132,2.0,3.9318256327243257,8.0,3.0,4.0,1.0,2
36461,3,0.0,3.0,1.0,1,1,2.772588722239781,1.0,3.912023005428146,8.0,3.0,4.0,1.0,6
36487,3,0.0,0.0,1.0,1,9,2.6390573296152584,1.0,3.9318256327243257,8.0,3.0,4.0,1.0,2
36506,3,0.0,0.0,1.0,1,1,2.0794415416798357,1.0,3.8066624897703196,8.0,3.0,4.0,1.0,6
36532,3,0.0,0.0,2.0,4,2,2.0794415416798357,1.0,3.871201010907891,8.0,3.0,4.0,1.0,6
36536,3,0.0,0.0,1.0,1,1,2.0794415416798357,1.0,3.6109179126442243,8.0,3.0,4.0,1.0,5
36539,3,0.0,0.0,1.0,1,1,2.0794415416798357,2.0,3.6109179126442243,8.0,7.0,2.0,1.0,7
36540,3,0.0,0.0,1.0,1,1,2.0794415416798357,2.0,3.6109179126442243,8.0,7.0,2.0,1.0,7
36541,3,0.0,0.0,1.0,1,1,2.6390573296152584,1.0,3.2188758248682006,8.0,6.0,2.0,1.0,4
36542,3,0.0,0.0,1.0,1,1,2.302585092994046,2.0,3.871201010907891,8.0,6.0,2.0,1.0,4
36547,3,0.0,0.0,1.0,1,1,2.4849066497880004,1.0,4.204692619390966,8.0,3.0,4.0,1.0,1
36548,3,0.0,0.0,1.0,1,1,1.791759469228055,1.0,3.912023005428146,8.0,3.0,4.0,1.0,4
36550,3,0.0,0.0,1.0,1,1,1.3862943611198906,2.0,3.258096538021482,8.0,3.0,4.0,1.0,4
36554,3,0.0,3.0,1.0,1,1,0.6931471805599453,1.0,3.8918202981106265,7.0,6.0,2.0,1.0,2
36572,3,4.0,0.0,1.0,1,1,1.6094379124341003,1.0,3.6109179126442243,8.0,3.0,4.0,1.0,3
36578,3,0.0,0.0,1.0,1,1,1.791759469228055,1.0,3.2188758248682006,8.0,6.0,2.0,1.0,4
36580,3,0.0,0.0,1.0,1,1,1.3862943611198906,1.0,4.290459441148391,8.0,7.0,2.0,2.0,4
36581,3,0.0,0.0,1.0,1,1,1.3862943611198906,1.0,4.290459441148391,8.0,7.0,2.0,2.0,4
36592,3,0.0,0.0,1.0,1,1,2.0794415416798357,2.0,3.7376696182833684,8.0,3.0,4.0,1.0,3
36595,3,0.0,0.0,2.0,1,2,0.6931471805599453,1.0,2.995732273553991,8.0,3.0,4.0,1.0,4
36598,3,0.0,0.0,1.0,1,1,2.3978952727983707,1.0,3.5553480614894135,8.0,3.0,3.0,1.0,7
36610,3,0.0,0.0,1.0,1,1,0.6931471805599453,1.0,3.4011973816621555,8.0,3.0,4.0,1.0,3
36615,3,0.0,3.0,1.0,1,1,0.6931471805599453,2.0,3.7376696182833684,8.0,3.0,4.0,1.0,2
36619,3,0.0,0.0,1.0,1,1,2.0794415416798357,2.0,3.970291913552122,8.0,3.0,4.0,1.0,4
36628,3,0.0,0.0,1.0,1,1,0.6931471805599453,1.0,3.2188758248682006,8.0,3.0,4.0,1.0,3
36633,2,0.0,5.0,1.0,1,1,1.3862943611198906,2.0,4.02535169073515,8.0,3.0,4.0,1.0,3
36634,3,0.0,0.0,1.0,1,1,2.6390573296152584,1.0,3.367295829986474,8.0,3.0,4.0,1.0,6
36635,3,0.0,0.0,1.0,1,1,2.4849066497880004,2.0,3.6375861597263857,8.0,3.0,4.0,1.0,6
36636,3,0.0,1.0,2.0,1,2,1.0986122886681098,1.0,4.442651256490317,8.0,3.0,4.0,1.0,5
36643,3,0.0,0.0,1.0,1,1,3.044522437723423,1.0,3.6635616461296463,8.0,3.0,4.0,1.0,4
36647,3,0.0,1.0,1.0,1,1,1.9459101490553132,1.0,3.6109179126442243,8.0,3.0,4.0,1.0,7
36650,3,0.0,0.0,1.0,1,1,2.5649493574615367,2.0,3.044522437723423,8.0,6.0,2.0,2.0,7
36659,3,1.0,0.0,1.0,1,1,2.0794415416798357,1.0,3.332204510175204,8.0,6.0,1.0,1.0,5
36663,3,5.0,0.0,2.0,1,2,2.302585092994046,1.0,3.2188758248682006,8.0,2.0,4.0,1.0,1
36679,3,0.0,0.0,1.0,1,1,2.3978952727983707,2.0,4.04305126783455,8.0,3.0,4.0,1.0,6
36682,3,1.0,0.0,1.0,1,1,1.9459101490553132,1.0,4.007333185232471,8.0,6.0,2.0,1.0,2
36699,3,0.0,0.0,1.0,1,1,2.5649493574615367,1.0,3.828641396489095,8.0,3.0,4.0,1.0,7
36701,3,0.0,0.0,1.0,1,1,1.6094379124341003,1.0,2.995732273553991,8.0,3.0,4.0,1.0,3
36714,3,0.0,0.0,2.0,4,2,1.791759469228055,1.0,3.4965075614664802,8.0,2.0,4.0,1.0,7
36719,3,0.0,0.0,1.0,1,1,1.791759469228055,1.0,2.833213344056216,8.0,2.0,4.0,1.0,4
36724,3,0.0,8.0,2.0,4,5,2.302585092994046,2.0,3.258096538021482,8.0,3.0,4.0,1.0,4
36725,3,0.0,0.0,1.0,1,1,1.0986122886681098,1.0,3.4965075614664802,8.0,1.0,2.0,1.0,4
36726,3,0.0,0.0,2.0,4,2,0.6931471805599453,2.0,3.4339872044851463,8.0,3.0,4.0,1.0,4
36746,3,0.0,0.0,1.0,1,1,1.6094379124341003,1.0,3.713572066704308,8.0,1.0,2.0,1.0,1
36749,3,0.0,0.0,1.0,1,1,1.791759469228055,2.0,3.7612001156935624,8.0,6.0,2.0,1.0,3
36757,3,0.0,0.0,1.0,4,1,2.302585092994046,2.0,3.044522437723423,8.0,3.0,4.0,1.0,6
36765,3,0.0,0.0,1.0,1,1,2.302585092994046,1.0,3.295836866004329,8.0,3.0,2.0,2.0,6
36768,3,0.0,9.0,1.0,1,1,1.791759469228055,1.0,4.04305126783455,8.0,3.0,4.0,1.0,5
36772,3,0.0,0.0,2.0,4,2,2.3978952727983707,1.0,3.4965075614664802,8.0,1.0,2.0,2.0,3
36782,3,0.0,0.0,1.0,1,1,2.302585092994046,2.0,3.58351893845611,8.0,6.0,2.0,2.0,1
36784,3,0.0,3.0,1.0,4,1,1.6094379124341003,1.0,2.995732273553991,8.0,7.0,4.0,1.0,1
36787,3,0.0,0.0,2.0,1,2,2.70805020110221,1.0,3.332204510175204,8.0,6.0,2.0,1.0,4
36790,3,0.0,0.0,2.0,1,8,1.6094379124341003,1.0,3.6888794541139363,8.0,3.0,4.0,1.0,2
36796,2,0.0,0.0,1.0,1,1,2.4849066497880004,1.0,3.1354942159291497,8.0,3.0,4.0,1.0,7
36814,3,0.0,1.0,1.0,4,1,2.302585092994046,2.0,4.143134726391533,8.0,9.0,4.0,1.0,1
36825,3,0.0,0.0,1.0,4,4,2.302585092994046,1.0,3.1780538303479458,8.0,3.0,3.0,1.0,5
36831,3,0.0,0.0,1.0,4,1,1.791759469228055,1.0,3.1354942159291497,8.0,3.0,4.0,1.0,1
36833,2,0.0,1.0,1.0,1,1,1.0986122886681098,1.0,3.367295829986474,8.0,3.0,4.0,1.0,5
36834,3,0.0,0.0,2.0,4,2,1.6094379124341003,1.0,4.04305126783455,8.0,6.0,2.0,1.0,7
36852,2,0.0,0.0,1.0,1,1,0.6931471805599453,1.0,3.6109179126442243,8.0,3.0,4.0,1.0,5
36855,3,0.0,0.0,1.0,1,1,2.1972245773362196,1.0,3.332204510175204,8.0,3.0,4.0,1.0,6
36857,3,0.0,1.0,2.0,1,2,2.0794415416798357,1.0,3.58351893845611,8.0,3.0,3.0,1.0,4
36860,3,0.0,0.0,1.0,4,1,1.3862943611198906,1.0,3.9512437185814275,8.0,3.0,2.0,1.0,3
36862,3,0.0,0.0,1.0,4,1,1.0986122886681098,1.0,3.58351893845611,8.0,3.0,4.0,1.0,3
36864,3,0.0,0.0,2.0,1,2,2.1972245773362196,2.0,3.871201010907891,8.0,3.0,4.0,1.0,5
36865,3,0.0,0.0,2.0,1,2,2.1972245773362196,2.0,3.871201010907891,8.0,3.0,4.0,1.0,5
36867,3,0.0,0.0,1.0,1,1,2.302585092994046,2.0,3.332204510175204,8.0,3.0,4.0,1.0,3
36873,2,0.0,3.0,1.0,4,1,1.6094379124341003,1.0,4.07753744390572,8.0,3.0,4.0,1.0,2
36875,3,0.0,0.0,1.0,4,1,1.0986122886681098,1.0,3.4011973816621555,8.0,3.0,4.0,1.0,6
36876,3,0.0,9.0,2.0,1,5,2.70805020110221,2.0,3.871201010907891,8.0,6.0,2.0,1.0,4
36877,3,0.0,0.0,1.0,4,1,2.70805020110221,1.0,2.995732273553991,8.0,1.0,4.0,1.0,3
36879,3,0.0,9.0,2.0,1,1,1.3862943611198906,1.0,3.7376696182833684,8.0,3.0,4.0,1.0,6
36891,3,0.0,0.0,2.0,4,2,1.3862943611198906,1.0,3.9512437185814275,8.0,7.0,2.0,1.0,7
36902,2,0.0,0.0,2.0,1,1,0.6931471805599453,1.0,3.1354942159291497,8.0,1.0,2.0,1.0,3
36912,3,0.0,0.0,2.0,1,5,2.3978952727983707,1.0,4.110873864173311,8.0,3.0,4.0,1.0,3
36913,3,0.0,0.0,2.0,1,5,2.5649493574615367,1.0,3.332204510175204,8.0,3.0,4.0,1.0,3
36914,3,0.0,0.0,2.0,1,5,2.5649493574615367,1.0,3.332204510175204,8.0,3.0,4.0,1.0,3
36923,3,0.0,0.0,1.0,1,1,0.6931471805599453,1.0,3.367295829986474,8.0,6.0,2.0,1.0,7
36924,3,0.0,0.0,1.0,1,1,0.6931471805599453,1.0,3.367295829986474,8.0,6.0,2.0,1.0,7
36928,3,0.0,0.0,1.0,1,1,1.9459101490553132,1.0,3.9889840465642745,8.0,6.0,2.0,1.0,1
36929,3,0.0,0.0,1.0,1,1,1.3862943611198906,1.0,3.5263605246161616,2.0,3.0,4.0,1.0,3
36933,3,0.0,0.0,1.0,1,1,2.3978952727983707,1.0,2.833213344056216,8.0,3.0,4.0,1.0,1
36942,2,0.0,0.0,2.0,4,5,2.302585092994046,1.0,3.2188758248682006,8.0,3.0,4.0,1.0,4
36943,3,0.0,0.0,2.0,4,5,1.3862943611198906,1.0,2.8903717578961645,8.0,3.0,4.0,1.0,5
36952,3,0.0,0.0,1.0,4,1,1.9459101490553132,1.0,3.784189633918261,8.0,3.0,4.0,1.0,7
36953,3,0.0,1.0,1.0,1,1,1.3862943611198906,2.0,4.2626798770413155,8.0,3.0,2.0,1.0,7
36954,3,0.0,3.0,1.0,1,1,1.791759469228055,1.0,3.6375861597263857,8.0,3.0,4.0,1.0,4
36955,2,0.0,3.0,2.0,4,1,1.3862943611198906,1.0,3.4011973816621555,8.0,3.0,4.0,1.0,5
36956,3,0.0,0.0,1.0,1,1,1.6094379124341003,2.0,3.258096538021482,8.0,3.0,4.0,1.0,5
36958,3,0.0,3.0,2.0,4,2,1.0986122886681098,2.0,3.8918202981106265,8.0,3.0,4.0,1.0,1
36973,3,0.0,0.0,1.0,1,1,0.6931471805599453,1.0,3.4339872044851463,8.0,3.0,4.0,1.0,6
36979,3,0.0,1.0,1.0,1,1,3.091042453358316,2.0,4.31748811353631,5.0,8.0,4.0,1.0,2
36980,3,0.0,3.0,1.0,1,1,2.3978952727983707,1.0,4.127134385045092,8.0,3.0,4.0,1.0,2
36987,3,0.0,0.0,1.0,1,1,1.791759469228055,2.0,3.4657359027997265,8.0,3.0,4.0,1.0,4
36989,3,0.0,0.0,2.0,4,2,2.8903717578961645,1.0,3.8066624897703196,8.0,6.0,2.0,1.0,4
36991,3,0.0,0.0,1.0,4,1,2.3978952727983707,1.0,4.174387269895637,8.0,6.0,2.0,2.0,6
36995,3,0.0,0.0,1.0,1,1,2.302585092994046,2.0,3.5553480614894135,8.0,1.0,4.0,1.0,4
37000,2,0.0,1.0,1.0,1,9,0.6931471805599453,1.0,3.784189633918261,8.0,6.0,2.0,1.0,7
37003,3,0.0,0.0,1.0,4,1,2.5649493574615367,1.0,3.4339872044851463,8.0,3.0,4.0,1.0,2
37004,3,0.0,0.0,1.0,4,1,0.6931471805599453,1.0,3.9318256327243257,8.0,3.0,4.0,1.0,2
37006,3,0.0,0.0,1.0,4,1,1.3862943611198906,2.0,3.2188758248682006,8.0,1.0,4.0,2.0,6
37010,3,0.0,0.0,2.0,4,2,1.791759469228055,2.0,3.9889840465642745,8.0,1.0,4.0,1.0,1
37017,3,0.0,0.0,2.0,1,1,2.302585092994046,1.0,3.7612001156935624,8.0,3.0,4.0,1.0,7
37018,3,0.0,0.0,2.0,4,2,3.2188758248682006,2.0,3.9318256327243257,8.0,1.0,2.0,2.0,4
37029,3,0.0,0.0,1.0,1,1,1.0986122886681098,2.0,3.7376696182833684,1.0,6.0,2.0,2.0,2
37030,3,0.0,0.0,1.0,1,1,1.0986122886681098,2.0,3.7376696182833684,1.0,6.0,2.0,2.0,2
37031,3,0.0,0.0,1.0,1,1,1.0986122886681098,2.0,3.7376696182833684,1.0,6.0,2.0,2.0,2
37038,3,0.0,0.0,2.0,1,1,2.833213344056216,1.0,3.7612001156935624,7.0,3.0,4.0,1.0,5
37049,3,0.0,0.0,1.0,4,1,2.302585092994046,1.0,2.995732273553991,8.0,3.0,4.0,1.0,3
37051,3,0.0,0.0,1.0,1,1,1.6094379124341003,2.0,3.258096538021482,8.0,3.0,4.0,2.0,3
37056,3,0.0,0.0,1.0,1,1,2.4849066497880004,1.0,3.9889840465642745,8.0,3.0,4.0,1.0,2
37063,2,0.0,0.0,2.0,1,1,1.3862943611198906,1.0,3.7376696182833684,8.0,1.0,2.0,1.0,2
37065,3,0.0,0.0,1.0,4,1,2.1972245773362196,1.0,3.4965075614664802,8.0,6.0,2.0,1.0,1
37066,3,0.0,0.0,1.0,4,1,2.1972245773362196,1.0,3.4965075614664802,8.0,6.0,2.0,1.0,1
37069,3,0.0,0.0,4.0,1,8,1.9459101490553132,1.0,4.07753744390572,8.0,3.0,4.0,1.0,6
37078,3,0.0,3.0,2.0,4,2,2.70805020110221,1.0,4.174387269895637,2.0,3.0,4.0,1.0,4
37081,3,0.0,0.0,1.0,4,1,1.6094379124341003,1.0,4.219507705176107,8.0,6.0,2.0,1.0,3
37084,3,0.0,0.0,1.0,1,1,2.5649493574615367,2.0,3.7612001156935624,1.0,6.0,2.0,1.0,2
37085,3,0.0,0.0,1.0,1,1,0.6931471805599453,2.0,3.295836866004329,1.0,6.0,2.0,1.0,2
37088,3,0.0,0.0,1.0,4,1,2.5649493574615367,1.0,3.367295829986474,1.0,6.0,2.0,1.0,4
37093,3,0.0,0.0,2.0,1,1,2.1972245773362196,2.0,3.6109179126442243,8.0,1.0,4.0,1.0,4
37096,3,0.0,0.0,1.0,1,1,0.6931471805599453,1.0,3.58351893845611,8.0,7.0,2.0,1.0,6
37100,3,0.0,9.0,1.0,4,1,2.5649493574615367,1.0,4.189654742026425,8.0,3.0,4.0,1.0,4
37105,3,0.0,0.0,2.0,1,1,1.3862943611198906,1.0,3.6375861597263857,8.0,3.0,2.0,1.0,6
37107,3,0.0,0.0,2.0,1,1,2.1972245773362196,1.0,4.007333185232471,8.0,6.0,4.0,1.0,5
37109,3,0.0,0.0,1.0,4,1,0.6931471805599453,2.0,3.6888794541139363,8.0,6.0,2.0,1.0,7
37113,3,0.0,0.0,2.0,1,1,1.3862943611198906,1.0,3.713572066704308,8.0,3.0,4.0,1.0,5