accident_severity,special_conditions_at_site,pedestrian_movement,road_surface_conditions,light_conditions,weather_conditions,age_of_vehicle,sex_of_driver,age_of_driver,junction_location,junction_detail,junction_control,did_police_officer_attend_scene_of_accident,day_of_week
37117,3,0.0,0.0,2.0,4,1,0.6931471805599453,1.0,3.1354942159291497,8.0,3.0,4.0,1.0,3
37121,3,0.0,0.0,1.0,4,1,2.302585092994046,2.0,3.4965075614664802,3.0,1.0,4.0,1.0,2
37123,3,0.0,0.0,1.0,4,1,1.791759469228055,1.0,3.4011973816621555,8.0,3.0,4.0,1.0,5
37126,2,0.0,3.0,1.0,1,1,1.0986122886681098,2.0,3.367295829986474,8.0,3.0,4.0,1.0,4
37127,3,0.0,1.0,2.0,4,1,2.1972245773362196,1.0,3.1780538303479458,8.0,3.0,4.0,1.0,6
37131,3,0.0,0.0,2.0,1,2,1.6094379124341003,1.0,3.6109179126442243,8.0,2.0,4.0,1.0,2
37143,3,0.0,0.0,1.0,1,1,2.4849066497880004,1.0,2.8903717578961645,8.0,3.0,4.0,1.0,7
37148,3,0.0,0.0,1.0,1,1,1.3862943611198906,1.0,3.9512437185814275,4.0,1.0,4.0,1.0,5
37157,3,0.0,0.0,1.0,1,1,2.1972245773362196,1.0,3.6375861597263857,8.0,2.0,4.0,1.0,5
37166,3,0.0,0.0,1.0,1,1,0.6931471805599453,1.0,3.044522437723423,8.0,6.0,2.0,1.0,1
37167,3,0.0,0.0,1.0,1,1,0.6931471805599453,1.0,3.044522437723423,8.0,6.0,2.0,1.0,1
37168,3,0.0,0.0,1.0,1,1,1.791759469228055,1.0,4.07753744390572,8.0,6.0,2.0,1.0,3
37182,3,0.0,3.0,1.0,1,1,2.5649493574615367,1.0,3.8918202981106265,8.0,6.0,2.0,1.0,3
37191,3,0.0,0.0,1.0,1,1,0.6931471805599453,1.0,3.5263605246161616,8.0,6.0,2.0,2.0,3
37196,3,0.0,0.0,2.0,4,2,2.70805020110221,1.0,3.332204510175204,8.0,6.0,2.0,1.0,7
37197,3,0.0,0.0,2.0,4,2,2.70805020110221,1.0,3.332204510175204,8.0,6.0,2.0,1.0,7
37206,3,0.0,0.0,2.0,1,2,2.70805020110221,2.0,4.290459441148391,8.0,3.0,4.0,2.0,1
37209,3,2.0,0.0,2.0,4,1,2.0794415416798357,1.0,3.58351893845611,8.0,3.0,2.0,1.0,4
37214,3,0.0,0.0,1.0,1,1,2.1972245773362196,1.0,3.912023005428146,8.0,3.0,4.0,1.0,6
37217,3,0.0,0.0,1.0,4,1,2.1972245773362196,1.0,2.995732273553991,8.0,2.0,4.0,1.0,1
37224,3,0.0,0.0,1.0,1,1,1.3862943611198906,1.0,3.6109179126442243,8.0,3.0,4.0,2.0,3
37226,3,0.0,0.0,1.0,1,1,1.3862943611198906,1.0,3.784189633918261,1.0,1.0,4.0,1.0,3
37228,3,0.0,0.0,1.0,4,1,2.0794415416798357,1.0,3.713572066704308,8.0,1.0,2.0,2.0,4
37230,3,0.0,0.0,1.0,1,1,1.3862943611198906,1.0,3.4011973816621555,8.0,3.0,4.0,1.0,1
37235,3,0.0,0.0,1.0,1,1,1.9459101490553132,1.0,3.7612001156935624,8.0,3.0,4.0,1.0,4
37240,3,0.0,0.0,1.0,1,1,2.6390573296152584,1.0,4.23410650459726,8.0,1.0,4.0,1.0,6
37241,3,0.0,0.0,1.0,1,1,2.302585092994046,2.0,4.02535169073515,8.0,6.0,2.0,2.0,5
37243,3,0.0,0.0,1.0,1,1,2.995732273553991,1.0,3.8066624897703196,8.0,6.0,2.0,1.0,4
37245,3,0.0,3.0,1.0,1,1,1.0986122886681098,1.0,3.367295829986474,8.0,3.0,3.0,1.0,5
37246,3,0.0,0.0,1.0,1,1,2.5649493574615367,2.0,3.9889840465642745,8.0,3.0,3.0,1.0,2
37248,3,0.0,0.0,1.0,4,1,2.4849066497880004,1.0,3.332204510175204,8.0,3.0,4.0,2.0,4
37251,3,0.0,0.0,1.0,1,1,2.3978952727983707,1.0,3.295836866004329,8.0,2.0,4.0,1.0,5
37256,3,0.0,0.0,1.0,4,1,2.0794415416798357,1.0,4.04305126783455,8.0,3.0,3.0,1.0,4
37260,3,0.0,0.0,1.0,1,1,2.5649493574615367,1.0,3.912023005428146,8.0,1.0,2.0,1.0,1
37261,3,0.0,0.0,1.0,1,1,2.8903717578961645,1.0,3.828641396489095,8.0,2.0,4.0,1.0,1
37265,3,0.0,0.0,1.0,1,1,2.5649493574615367,1.0,3.295836866004329,8.0,3.0,4.0,1.0,4
37269,3,0.0,0.0,1.0,1,1,1.3862943611198906,1.0,3.2188758248682006,8.0,3.0,4.0,1.0,7
37281,3,0.0,0.0,1.0,4,1,1.9459101490553132,1.0,4.143134726391533,8.0,3.0,4.0,1.0,7
37288,3,0.0,0.0,2.0,1,1,2.772588722239781,1.0,2.995732273553991,8.0,6.0,2.0,1.0,6
37295,3,0.0,0.0,1.0,1,1,2.302585092994046,1.0,3.2188758248682006,8.0,3.0,2.0,1.0,2
37296,3,0.0,3.0,1.0,1,1,2.302585092994046,1.0,3.2188758248682006,8.0,3.0,2.0,1.0,2
37299,3,0.0,1.0,1.0,4,1,2.6390573296152584,2.0,3.784189633918261,8.0,3.0,4.0,1.0,6
37305,3,0.0,1.0,2.0,4,2,2.1972245773362196,2.0,3.58351893845611,8.0,3.0,2.0,1.0,7
37306,3,0.0,1.0,1.0,1,1,1.0986122886681098,2.0,3.9512437185814275,8.0,6.0,2.0,1.0,3
37307,3,0.0,0.0,1.0,4,1,1.6094379124341003,2.0,3.784189633918261,8.0,3.0,4.0,1.0,3
37314,3,0.0,1.0,2.0,4,1,2.1972245773362196,2.0,4.204692619390966,8.0,3.0,4.0,1.0,6
37315,3,0.0,0.0,1.0,4,1,1.791759469228055,1.0,3.6109179126442243,8.0,3.0,2.0,1.0,7
37316,3,0.0,0.0,1.0,4,1,1.9459101490553132,1.0,4.04305126783455,1.0,6.0,2.0,1.0,4
37317,3,0.0,0.0,1.0,4,1,1.9459101490553132,1.0,4.04305126783455,1.0,6.0,2.0,1.0,4
37329,3,0.0,0.0,1.0,1,1,2.302585092994046,1.0,3.828641396489095,8.0,3.0,4.0,1.0,3
37333,3,0.0,0.0,1.0,1,1,1.9459101490553132,2.0,2.9444389791664403,8.0,3.0,4.0,1.0,3
37341,3,0.0,1.0,1.0,1,1,2.3978952727983707,1.0,3.4657359027997265,8.0,3.0,4.0,1.0,3
37345,3,0.0,0.0,1.0,1,1,0.6931471805599453,1.0,3.4657359027997265,8.0,8.0,4.0,1.0,6
37347,3,0.0,0.0,2.0,4,2,0.6931471805599453,1.0,3.9889840465642745,8.0,2.0,4.0,1.0,3
37349,3,0.0,0.0,1.0,4,1,2.0794415416798357,2.0,3.6375861597263857,8.0,8.0,4.0,2.0,6
37359,3,0.0,6.0,1.0,1,4,1.791759469228055,1.0,4.07753744390572,2.0,3.0,4.0,1.0,1
37362,3,0.0,0.0,2.0,4,2,2.1972245773362196,2.0,3.258096538021482,8.0,1.0,2.0,2.0,7
37364,3,0.0,0.0,1.0,1,1,1.3862943611198906,1.0,2.995732273553991,8.0,6.0,4.0,1.0,3
37369,3,0.0,0.0,1.0,1,1,2.70805020110221,2.0,3.8066624897703196,8.0,1.0,4.0,1.0,6
37373,3,0.0,0.0,1.0,1,1,2.1972245773362196,1.0,3.332204510175204,8.0,3.0,4.0,1.0,5
37376,3,0.0,1.0,1.0,1,1,2.0794415416798357,1.0,3.1354942159291497,8.0,3.0,4.0,1.0,3
37377,3,0.0,0.0,1.0,1,1,2.3978952727983707,1.0,3.1354942159291497,8.0,1.0,4.0,1.0,4
37381,3,0.0,0.0,1.0,1,1,2.1972245773362196,1.0,3.713572066704308,8.0,6.0,2.0,1.0,2
37386,2,0.0,0.0,1.0,4,1,2.1972245773362196,1.0,3.4965075614664802,8.0,6.0,2.0,1.0,2
37387,2,0.0,0.0,1.0,4,1,2.1972245773362196,1.0,3.4965075614664802,8.0,6.0,2.0,1.0,2
37388,2,0.0,0.0,1.0,4,1,0.6931471805599453,1.0,3.4965075614664802,8.0,6.0,2.0,1.0,2
37389,3,0.0,0.0,1.0,1,1,2.6390573296152584,1.0,3.4339872044851463,8.0,6.0,2.0,2.0,7
37392,3,0.0,0.0,1.0,1,1,2.70805020110221,2.0,3.332204510175204,8.0,3.0,4.0,1.0,4
37395,3,0.0,3.0,1.0,1,1,2.6390573296152584,1.0,3.4011973816621555,8.0,3.0,4.0,1.0,5
37396,3,0.0,0.0,1.0,1,1,1.9459101490553132,1.0,3.9512437185814275,8.0,3.0,4.0,1.0,5
37397,3,0.0,0.0,1.0,1,1,1.9459101490553132,1.0,3.9512437185814275,8.0,3.0,4.0,1.0,5
37412,3,0.0,1.0,1.0,1,1,2.772588722239781,2.0,4.248495242049359,8.0,3.0,4.0,1.0,4
37417,3,0.0,0.0,2.0,1,4,1.6094379124341003,1.0,3.7612001156935624,8.0,3.0,4.0,1.0,5
37424,3,0.0,0.0,1.0,1,1,0.6931471805599453,2.0,3.784189633918261,8.0,1.0,4.0,2.0,4
37426,3,0.0,0.0,1.0,1,1,2.5649493574615367,2.0,3.1780538303479458,8.0,1.0,4.0,2.0,5
37430,3,0.0,0.0,2.0,4,2,1.9459101490553132,2.0,3.044522437723423,8.0,3.0,4.0,2.0,5
37433,3,0.0,0.0,1.0,1,1,2.3978952727983707,1.0,3.4339872044851463,8.0,3.0,4.0,1.0,6
37434,3,0.0,0.0,1.0,1,1,1.0986122886681098,2.0,3.091042453358316,8.0,3.0,4.0,1.0,6
37441,3,0.0,0.0,1.0,1,1,2.5649493574615367,1.0,3.258096538021482,8.0,3.0,4.0,1.0,3
37442,2,0.0,0.0,1.0,4,1,2.1972245773362196,1.0,3.4657359027997265,8.0,3.0,4.0,1.0,2
37447,3,0.0,0.0,2.0,1,2,2.4849066497880004,2.0,3.6635616461296463,8.0,3.0,4.0,2.0,4
37448,3,0.0,0.0,2.0,1,2,2.4849066497880004,2.0,3.6635616461296463,8.0,3.0,4.0,2.0,4
37451,3,0.0,0.0,1.0,1,1,3.044522437723423,2.0,3.7612001156935624,8.0,3.0,4.0,1.0,5
37452,3,0.0,0.0,1.0,1,1,2.833213344056216,1.0,3.5553480614894135,8.0,8.0,4.0,1.0,2
37457,3,0.0,0.0,1.0,1,1,2.302585092994046,2.0,3.6635616461296463,8.0,1.0,4.0,1.0,5
37458,3,0.0,0.0,1.0,1,1,2.4849066497880004,2.0,2.9444389791664403,8.0,3.0,4.0,1.0,5
37459,3,0.0,3.0,1.0,1,1,2.4849066497880004,2.0,2.9444389791664403,8.0,3.0,4.0,1.0,5
37461,3,0.0,0.0,1.0,1,1,1.0986122886681098,2.0,4.23410650459726,8.0,3.0,4.0,1.0,5
37464,3,0.0,0.0,1.0,1,1,2.6390573296152584,1.0,4.02535169073515,8.0,7.0,4.0,1.0,6
37466,3,0.0,0.0,1.0,4,1,1.6094379124341003,1.0,3.1780538303479458,8.0,7.0,2.0,1.0,3
37470,3,0.0,0.0,1.0,1,1,2.6390573296152584,1.0,3.367295829986474,8.0,3.0,2.0,1.0,4
37473,3,0.0,0.0,2.0,4,2,0.6931471805599453,1.0,3.784189633918261,8.0,6.0,2.0,1.0,4
37476,3,0.0,3.0,1.0,1,1,2.302585092994046,2.0,4.07753744390572,8.0,3.0,4.0,1.0,1
37481,3,0.0,0.0,1.0,1,1,2.302585092994046,1.0,3.8918202981106265,8.0,2.0,4.0,1.0,5
37488,3,0.0,0.0,1.0,1,1,1.3862943611198906,1.0,3.828641396489095,8.0,6.0,2.0,1.0,4
37494,3,0.0,0.0,1.0,1,1,2.5649493574615367,1.0,3.784189633918261,8.0,3.0,3.0,1.0,4
37495,3,0.0,0.0,1.0,1,1,2.5649493574615367,1.0,3.784189633918261,8.0,3.0,3.0,1.0,4
37496,3,0.0,0.0,1.0,1,1,2.5649493574615367,1.0,3.784189633918261,8.0,3.0,3.0,1.0,4
37497,3,0.0,0.0,1.0,1,1,2.5649493574615367,1.0,3.784189633918261,8.0,3.0,3.0,1.0,4
37498,3,0.0,0.0,1.0,1,1,1.0986122886681098,1.0,3.332204510175204,8.0,3.0,3.0,1.0,4
37499,3,0.0,3.0,1.0,1,1,2.3978952727983707,1.0,3.367295829986474,8.0,3.0,4.0,1.0,6
37500,3,0.0,0.0,1.0,4,1,1.791759469228055,1.0,3.8066624897703196,8.0,6.0,2.0,2.0,3
37505,3,0.0,0.0,1.0,4,1,2.4849066497880004,2.0,3.7612001156935624,8.0,2.0,4.0,1.0,6
37506,3,0.0,0.0,1.0,1,1,1.0986122886681098,1.0,3.1354942159291497,8.0,3.0,4.0,1.0,7
37511,3,0.0,0.0,2.0,1,2,1.0986122886681098,1.0,3.295836866004329,8.0,3.0,4.0,1.0,4
37520,3,0.0,0.0,1.0,1,1,2.3978952727983707,1.0,3.7376696182833684,8.0,1.0,2.0,1.0,4
37521,3,0.0,0.0,1.0,1,1,2.302585092994046,2.0,4.442651256490317,1.0,1.0,2.0,1.0,5
37524,2,0.0,0.0,1.0,1,1,2.1972245773362196,1.0,3.6109179126442243,8.0,6.0,2.0,1.0,2
37528,3,0.0,0.0,1.0,1,1,1.0986122886681098,1.0,3.970291913552122,2.0,6.0,2.0,1.0,7
37538,3,0.0,0.0,1.0,1,1,0.6931471805599453,2.0,3.7612001156935624,1.0,1.0,2.0,1.0,7
37540,3,0.0,0.0,1.0,1,1,2.302585092994046,2.0,3.713572066704308,1.0,1.0,4.0,2.0,5
37541,3,0.0,0.0,1.0,1,1,2.302585092994046,2.0,3.713572066704308,1.0,1.0,4.0,2.0,5
37543,3,0.0,0.0,1.0,1,1,1.791759469228055,1.0,3.258096538021482,8.0,3.0,4.0,1.0,6
37547,3,0.0,0.0,1.0,1,1,2.302585092994046,2.0,2.9444389791664403,8.0,8.0,4.0,1.0,2
37549,3,0.0,0.0,1.0,1,1,0.6931471805599453,1.0,3.8066624897703196,1.0,3.0,4.0,2.0,7
37555,3,0.0,0.0,1.0,1,1,0.6931471805599453,1.0,3.258096538021482,1.0,3.0,2.0,1.0,1
37560,3,0.0,0.0,1.0,1,8,2.4849066497880004,1.0,2.9444389791664403,1.0,3.0,4.0,1.0,2
37561,3,0.0,0.0,1.0,1,8,1.3862943611198906,1.0,3.6375861597263857,1.0,3.0,4.0,1.0,2
37564,3,0.0,0.0,1.0,1,1,1.791759469228055,1.0,3.7376696182833684,1.0,6.0,4.0,1.0,4
37576,3,0.0,0.0,1.0,1,1,0.6931471805599453,1.0,3.828641396489095,8.0,3.0,4.0,1.0,2
37577,3,0.0,0.0,1.0,4,1,2.6390573296152584,1.0,3.1354942159291497,8.0,1.0,2.0,1.0,6
37578,3,0.0,0.0,1.0,4,1,1.0986122886681098,1.0,3.4339872044851463,1.0,7.0,2.0,1.0,3
37580,3,0.0,0.0,1.0,1,1,1.9459101490553132,1.0,3.6635616461296463,8.0,7.0,2.0,1.0,2
37583,3,0.0,0.0,1.0,1,1,2.302585092994046,2.0,4.007333185232471,1.0,1.0,4.0,1.0,5
37585,3,0.0,3.0,1.0,1,1,2.4849066497880004,1.0,2.833213344056216,2.0,7.0,2.0,1.0,2
37589,3,0.0,0.0,1.0,1,9,2.1972245773362196,2.0,3.828641396489095,3.0,1.0,4.0,1.0,2
37590,3,0.0,0.0,1.0,1,9,2.1972245773362196,2.0,3.828641396489095,3.0,1.0,4.0,1.0,2
37592,3,0.0,0.0,1.0,4,1,1.6094379124341003,1.0,3.295836866004329,1.0,3.0,4.0,1.0,4
37597,3,0.0,0.0,1.0,4,1,2.3978952727983707,1.0,3.9512437185814275,1.0,3.0,4.0,1.0,1
37598,3,0.0,0.0,1.0,1,1,1.0986122886681098,1.0,4.356708826689592,8.0,7.0,4.0,1.0,6
37601,3,0.0,0.0,1.0,4,1,2.4849066497880004,1.0,3.4339872044851463,1.0,6.0,2.0,2.0,6
37603,3,0.0,0.0,2.0,1,2,2.1972245773362196,2.0,3.1354942159291497,8.0,3.0,4.0,1.0,1
37606,3,0.0,0.0,2.0,1,2,2.5649493574615367,2.0,3.4657359027997265,8.0,6.0,4.0,1.0,6
37607,2,0.0,0.0,1.0,4,9,2.6390573296152584,1.0,3.9512437185814275,1.0,3.0,2.0,1.0,1
37609,3,0.0,0.0,1.0,1,1,0.6931471805599453,1.0,3.258096538021482,8.0,6.0,2.0,1.0,7
37612,3,0.0,0.0,2.0,1,5,1.3862943611198906,1.0,3.7376696182833684,8.0,1.0,4.0,1.0,2
37618,2,0.0,0.0,2.0,1,1,1.6094379124341003,1.0,3.4965075614664802,8.0,6.0,2.0,1.0,6
37619,3,0.0,0.0,1.0,1,1,2.0794415416798357,1.0,3.5553480614894135,8.0,1.0,4.0,1.0,2
37623,3,0.0,9.0,1.0,7,9,2.1972245773362196,1.0,4.189654742026425,2.0,8.0,4.0,2.0,3
37629,3,0.0,0.0,1.0,1,1,1.791759469228055,1.0,3.332204510175204,8.0,6.0,2.0,1.0,2
37632,3,0.0,0.0,1.0,1,1,1.3862943611198906,2.0,3.4339872044851463,8.0,8.0,4.0,1.0,5
37634,3,0.0,0.0,2.0,1,2,0.6931471805599453,1.0,3.258096538021482,1.0,3.0,2.0,2.0,3
37643,3,0.0,0.0,1.0,1,1,2.4849066497880004,1.0,3.9512437185814275,1.0,6.0,2.0,1.0,4
37646,3,0.0,0.0,1.0,1,1,1.3862943611198906,1.0,3.4339872044851463,8.0,1.0,4.0,1.0,5
37647,3,0.0,2.0,1.0,1,1,0.6931471805599453,1.0,3.8501476017100584,2.0,3.0,4.0,1.0,5
37648,3,0.0,0.0,1.0,1,1,2.5649493574615367,1.0,3.6109179126442243,1.0,3.0,4.0,2.0,5
37650,3,0.0,0.0,1.0,4,1,2.5649493574615367,1.0,4.0943445622221,1.0,6.0,2.0,1.0,3
37664,3,0.0,0.0,1.0,1,1,2.4849066497880004,1.0,3.1354942159291497,8.0,8.0,4.0,1.0,4
37666,3,0.0,0.0,1.0,1,1,2.5649493574615367,1.0,3.4965075614664802,8.0,6.0,2.0,2.0,2
37671,3,0.0,0.0,1.0,1,1,1.6094379124341003,2.0,3.367295829986474,8.0,3.0,2.0,1.0,7
37674,2,0.0,0.0,1.0,1,1,2.833213344056216,1.0,4.276666119016055,1.0,3.0,4.0,1.0,6
37677,3,0.0,0.0,1.0,4,1,3.258096538021482,1.0,3.091042453358316,8.0,5.0,2.0,1.0,7
37678,3,0.0,0.0,1.0,4,1,3.258096538021482,1.0,3.091042453358316,8.0,5.0,2.0,1.0,7
37689,2,0.0,3.0,1.0,1,1,1.3862943611198906,2.0,3.828641396489095,1.0,3.0,4.0,1.0,5
37692,3,0.0,0.0,1.0,1,1,1.0986122886681098,1.0,3.332204510175204,1.0,9.0,4.0,1.0,3
37693,3,0.0,0.0,1.0,1,1,1.0986122886681098,1.0,3.970291913552122,1.0,6.0,2.0,1.0,4
37694,3,0.0,0.0,1.0,1,1,1.0986122886681098,1.0,3.970291913552122,1.0,6.0,2.0,1.0,4
37701,3,0.0,0.0,1.0,1,1,0.6931471805599453,2.0,3.044522437723423,1.0,3.0,4.0,1.0,5
37705,3,0.0,0.0,1.0,1,1,1.6094379124341003,1.0,3.4339872044851463,1.0,3.0,4.0,1.0,5
37706,3,0.0,0.0,1.0,1,1,2.70805020110221,1.0,3.2188758248682006,2.0,3.0,2.0,1.0,1
37712,3,0.0,3.0,1.0,4,1,1.3862943611198906,1.0,4.04305126783455,8.0,3.0,4.0,1.0,3
37713,3,0.0,0.0,1.0,1,1,2.5649493574615367,2.0,3.9512437185814275,8.0,1.0,4.0,1.0,4
37715,3,0.0,0.0,1.0,4,1,1.9459101490553132,1.0,3.4657359027997265,8.0,1.0,4.0,1.0,3
37717,3,0.0,0.0,1.0,1,1,2.4849066497880004,1.0,3.713572066704308,8.0,3.0,4.0,2.0,2
37736,3,0.0,0.0,1.0,1,1,2.772588722239781,1.0,3.4965075614664802,8.0,8.0,4.0,1.0,6
37746,3,0.0,0.0,1.0,1,1,2.1972245773362196,2.0,4.007333185232471,1.0,1.0,2.0,1.0,2
37748,3,0.0,0.0,1.0,1,1,1.6094379124341003,2.0,3.9512437185814275,2.0,3.0,4.0,1.0,1
37751,3,0.0,3.0,1.0,4,1,1.791759469228055,1.0,3.1354942159291497,8.0,3.0,4.0,1.0,5
37756,3,0.0,0.0,1.0,1,1,2.833213344056216,1.0,4.02535169073515,2.0,3.0,4.0,1.0,6
37759,3,0.0,0.0,1.0,1,1,2.3978952727983707,1.0,4.127134385045092,8.0,3.0,4.0,1.0,4
37775,3,0.0,0.0,1.0,4,1,1.791759469228055,2.0,3.6375861597263857,1.0,6.0,4.0,2.0,4
37777,3,0.0,1.0,1.0,1,1,1.6094379124341003,2.0,3.4657359027997265,8.0,3.0,4.0,1.0,3
37778,3,0.0,0.0,1.0,1,1,1.9459101490553132,1.0,3.8918202981106265,2.0,6.0,2.0,1.0,5
37780,2,0.0,0.0,1.0,1,1,0.6931471805599453,2.0,3.58351893845611,8.0,6.0,2.0,1.0,3
37781,2,0.0,0.0,1.0,1,1,0.6931471805599453,2.0,3.58351893845611,8.0,6.0,2.0,1.0,3
37785,3,0.0,0.0,1.0,1,1,1.3862943611198906,2.0,3.7376696182833684,1.0,6.0,2.0,1.0,3
37786,3,0.0,0.0,1.0,1,1,2.5649493574615367,1.0,3.091042453358316,1.0,6.0,2.0,1.0,3
37787,3,0.0,0.0,1.0,1,1,2.4849066497880004,1.0,3.7612001156935624,1.0,6.0,2.0,1.0,3
37788,3,0.0,0.0,1.0,1,1,2.4849066497880004,1.0,3.7612001156935624,1.0,6.0,2.0,1.0,3
37791,3,0.0,0.0,1.0,4,1,2.772588722239781,1.0,3.2188758248682006,1.0,3.0,4.0,1.0,1
37793,3,0.0,0.0,1.0,1,1,0.6931471805599453,1.0,3.295836866004329,8.0,3.0,4.0,1.0,3
37800,3,0.0,0.0,1.0,1,1,0.6931471805599453,1.0,3.7612001156935624,8.0,6.0,2.0,1.0,5
37801,3,0.0,0.0,1.0,1,1,2.4849066497880004,2.0,3.332204510175204,8.0,6.0,2.0,1.0,5
37809,3,0.0,0.0,1.0,1,1,1.3862943611198906,2.0,3.9318256327243257,8.0,3.0,2.0,1.0,3
37820,2,0.0,0.0,1.0,1,1,1.6094379124341003,2.0,3.58351893845611,8.0,1.0,4.0,1.0,5
37824,3,0.0,0.0,1.0,1,1,2.8903717578961645,1.0,4.143134726391533,8.0,3.0,4.0,1.0,6
37826,3,0.0,0.0,1.0,1,1,1.3862943611198906,1.0,3.2188758248682006,8.0,3.0,2.0,1.0,5
37832,3,0.0,0.0,1.0,4,1,2.8903717578961645,2.0,4.2626798770413155,1.0,5.0,4.0,1.0,7
37833,3,0.0,0.0,1.0,4,1,2.8903717578961645,2.0,4.2626798770413155,1.0,5.0,4.0,1.0,7
37834,3,0.0,0.0,1.0,4,1,2.0794415416798357,2.0,3.1780538303479458,1.0,5.0,4.0,1.0,7
37835,3,0.0,0.0,1.0,4,1,2.0794415416798357,2.0,3.1780538303479458,1.0,5.0,4.0,1.0,7
37838,3,0.0,0.0,1.0,4,1,2.0794415416798357,1.0,3.9512437185814275,8.0,2.0,4.0,2.0,6
37840,3,0.0,0.0,1.0,1,1,1.791759469228055,1.0,3.6109179126442243,8.0,3.0,2.0,2.0,3
37845,3,0.0,0.0,1.0,1,1,1.3862943611198906,1.0,3.367295829986474,8.0,6.0,2.0,1.0,7
37849,3,0.0,0.0,2.0,1,2,1.3862943611198906,1.0,3.4657359027997265,1.0,3.0,4.0,1.0,6
37850,3,0.0,0.0,1.0,4,1,1.6094379124341003,1.0,3.258096538021482,1.0,6.0,2.0,1.0,4
37851,3,0.0,0.0,1.0,4,1,2.4849066497880004,1.0,3.091042453358316,1.0,6.0,2.0,1.0,4
37852,3,0.0,0.0,1.0,1,1,2.3978952727983707,2.0,3.6888794541139363,8.0,3.0,2.0,1.0,5
37856,3,0.0,0.0,1.0,1,1,1.3862943611198906,1.0,3.1780538303479458,8.0,6.0,2.0,1.0,5
37857,3,0.0,0.0,1.0,1,1,1.3862943611198906,1.0,3.1780538303479458,8.0,6.0,2.0,1.0,5
37858,3,0.0,0.0,1.0,1,1,1.9459101490553132,1.0,3.5553480614894135,8.0,3.0,4.0,1.0,5
37861,3,0.0,0.0,1.0,1,1,2.302585092994046,1.0,3.828641396489095,1.0,1.0,2.0,1.0,2
37862,3,0.0,0.0,1.0,1,1,1.3862943611198906,1.0,4.02535169073515,1.0,1.0,2.0,1.0,2
37870,3,0.0,0.0,1.0,1,1,1.6094379124341003,2.0,3.8501476017100584,8.0,3.0,4.0,1.0,7
37872,2,0.0,0.0,1.0,1,1,1.791759469228055,1.0,3.4657359027997265,8.0,3.0,4.0,1.0,7
37876,3,0.0,0.0,1.0,1,1,2.0794415416798357,1.0,3.1354942159291497,8.0,2.0,4.0,1.0,5
37880,3,0.0,0.0,1.0,4,1,2.3978952727983707,2.0,3.332204510175204,8.0,1.0,4.0,1.0,1
37887,3,0.0,0.0,1.0,1,1,2.302585092994046,1.0,3.367295829986474,8.0,3.0,4.0,1.0,3
37890,3,0.0,0.0,1.0,1,1,0.6931471805599453,1.0,3.4011973816621555,8.0,7.0,2.0,1.0,4
37892,3,0.0,0.0,1.0,1,1,2.3978952727983707,1.0,3.295836866004329,8.0,3.0,4.0,1.0,4
37896,3,0.0,0.0,1.0,1,1,1.6094379124341003,1.0,3.4011973816621555,8.0,1.0,4.0,1.0,2
37911,3,0.0,0.0,1.0,1,1,2.3978952727983707,1.0,3.2188758248682006,8.0,3.0,4.0,1.0,5
37913,3,0.0,0.0,1.0,1,1,2.0794415416798357,1.0,3.871201010907891,8.0,3.0,4.0,1.0,5
37921,3,0.0,0.0,1.0,1,1,2.1972245773362196,1.0,3.2188758248682006,8.0,3.0,4.0,1.0,6
37926,3,0.0,0.0,1.0,1,1,0.6931471805599453,1.0,3.7376696182833684,8.0,3.0,2.0,1.0,6
37928,3,0.0,0.0,1.0,1,1,2.6390573296152584,1.0,3.4011973816621555,8.0,3.0,4.0,1.0,6
37937,3,0.0,0.0,1.0,1,1,2.70805020110221,1.0,3.8066624897703196,8.0,1.0,2.0,1.0,2
37939,3,0.0,0.0,1.0,1,1,1.3862943611198906,1.0,3.1354942159291497,8.0,3.0,4.0,1.0,1
37941,3,0.0,0.0,1.0,1,1,2.0794415416798357,1.0,3.2188758248682006,8.0,3.0,2.0,1.0,2
37953,3,0.0,9.0,1.0,1,1,2.4849066497880004,1.0,3.4339872044851463,2.0,3.0,4.0,1.0,5
37961,3,0.0,0.0,1.0,1,1,1.3862943611198906,1.0,3.7376696182833684,8.0,6.0,2.0,1.0,2
37962,3,0.0,0.0,1.0,1,1,1.3862943611198906,1.0,3.7376696182833684,8.0,6.0,2.0,1.0,2
37964,3,0.0,0.0,1.0,1,1,2.4849066497880004,1.0,4.007333185232471,8.0,3.0,4.0,1.0,1
37966,3,0.0,0.0,1.0,1,1,2.4849066497880004,1.0,3.258096538021482,8.0,6.0,2.0,2.0,4
37985,3,0.0,3.0,1.0,1,1,0.6931471805599453,1.0,4.394449154672439,8.0,3.0,4.0,1.0,4
37997,3,0.0,0.0,2.0,1,2,2.4849066497880004,2.0,3.8501476017100584,8.0,3.0,4.0,1.0,2