accident_severity,special_conditions_at_site,pedestrian_movement,road_surface_conditions,light_conditions,weather_conditions,age_of_vehicle,sex_of_driver,age_of_driver,junction_location,junction_detail,junction_control,did_police_officer_attend_scene_of_accident,day_of_week
38012,3,0.0,0.0,1.0,1,1,1.3862943611198906,1.0,3.784189633918261,8.0,3.0,3.0,1.0,6
38015,3,0.0,0.0,1.0,1,1,2.70805020110221,1.0,3.367295829986474,8.0,6.0,2.0,1.0,6
38016,3,0.0,0.0,1.0,1,1,2.8903717578961645,2.0,4.04305126783455,8.0,6.0,2.0,1.0,6
38017,3,0.0,0.0,1.0,1,1,2.8903717578961645,2.0,4.04305126783455,8.0,6.0,2.0,1.0,6
38018,3,0.0,0.0,1.0,1,1,2.8903717578961645,2.0,4.04305126783455,8.0,6.0,2.0,1.0,6
38019,3,0.0,0.0,1.0,1,1,2.8903717578961645,2.0,4.04305126783455,8.0,6.0,2.0,1.0,6
38021,3,0.0,0.0,1.0,1,1,2.70805020110221,2.0,3.5553480614894135,8.0,6.0,2.0,1.0,6
38022,3,0.0,0.0,1.0,1,1,2.70805020110221,2.0,3.5553480614894135,8.0,6.0,2.0,1.0,6
38023,3,0.0,0.0,2.0,1,2,0.6931471805599453,2.0,3.2188758248682006,8.0,3.0,4.0,2.0,4
38025,3,0.0,0.0,1.0,1,1,1.6094379124341003,1.0,3.58351893845611,8.0,6.0,2.0,1.0,4
38029,3,0.0,0.0,1.0,1,1,1.791759469228055,1.0,4.406719247264253,8.0,3.0,4.0,1.0,5
38030,3,0.0,0.0,1.0,1,1,2.3978952727983707,1.0,4.189654742026425,8.0,3.0,4.0,1.0,5
38033,3,0.0,0.0,2.0,4,5,0.6931471805599453,1.0,3.6888794541139363,8.0,6.0,2.0,1.0,1
38034,3,0.0,0.0,2.0,4,5,0.6931471805599453,1.0,3.6888794541139363,8.0,6.0,2.0,1.0,1
38035,3,0.0,0.0,2.0,4,5,0.6931471805599453,1.0,3.6888794541139363,8.0,6.0,2.0,1.0,1
38036,3,0.0,0.0,2.0,4,5,2.8903717578961645,2.0,3.6375861597263857,8.0,6.0,2.0,1.0,1
38039,3,0.0,0.0,1.0,1,1,2.302585092994046,1.0,3.5263605246161616,1.0,6.0,2.0,1.0,5
38040,3,0.0,0.0,1.0,1,1,2.302585092994046,1.0,3.5263605246161616,1.0,6.0,2.0,1.0,5
38045,3,0.0,0.0,1.0,1,1,2.3978952727983707,1.0,3.871201010907891,8.0,3.0,4.0,2.0,5
38046,3,0.0,0.0,1.0,1,1,2.3978952727983707,1.0,3.871201010907891,8.0,3.0,4.0,2.0,5
38048,2,0.0,0.0,1.0,4,1,1.6094379124341003,2.0,3.332204510175204,8.0,6.0,2.0,1.0,1
38053,2,0.0,0.0,1.0,1,1,1.0986122886681098,1.0,3.8918202981106265,8.0,3.0,4.0,1.0,7
38059,3,0.0,0.0,1.0,4,1,1.9459101490553132,1.0,3.4011973816621555,8.0,6.0,1.0,1.0,3
38063,3,0.0,0.0,2.0,1,1,2.5649493574615367,1.0,3.8066624897703196,3.0,1.0,2.0,1.0,1
38064,3,0.0,0.0,1.0,1,1,1.9459101490553132,1.0,3.4657359027997265,8.0,3.0,4.0,1.0,6
38072,3,0.0,0.0,1.0,1,1,0.6931471805599453,1.0,3.6375861597263857,8.0,6.0,4.0,2.0,5
38074,3,0.0,0.0,1.0,1,1,2.4849066497880004,1.0,3.7376696182833684,8.0,8.0,2.0,2.0,7
38087,2,0.0,1.0,1.0,4,1,1.3862943611198906,1.0,3.7376696182833684,8.0,6.0,2.0,1.0,4
38093,3,0.0,0.0,1.0,1,1,0.6931471805599453,1.0,3.1780538303479458,8.0,3.0,4.0,1.0,7
38100,3,0.0,0.0,2.0,1,2,1.3862943611198906,1.0,3.1354942159291497,8.0,3.0,4.0,1.0,2
38101,3,0.0,0.0,2.0,1,5,1.791759469228055,1.0,3.367295829986474,8.0,6.0,2.0,1.0,2
38102,3,0.0,0.0,1.0,1,1,2.5649493574615367,2.0,2.995732273553991,8.0,3.0,4.0,1.0,7
38116,3,6.0,0.0,1.0,1,1,1.3862943611198906,1.0,4.0943445622221,8.0,1.0,4.0,1.0,3
38117,3,6.0,0.0,1.0,1,1,1.3862943611198906,1.0,4.0943445622221,8.0,1.0,4.0,1.0,3
38118,3,0.0,0.0,1.0,4,1,2.3978952727983707,1.0,4.110873864173311,8.0,6.0,2.0,1.0,2
38121,3,0.0,0.0,1.0,1,1,2.0794415416798357,1.0,2.9444389791664403,8.0,3.0,4.0,1.0,4
38122,3,0.0,0.0,2.0,1,2,0.6931471805599453,1.0,4.174387269895637,8.0,5.0,2.0,1.0,6
38134,3,0.0,0.0,1.0,1,1,1.6094379124341003,1.0,2.995732273553991,8.0,6.0,2.0,1.0,6
38145,3,0.0,0.0,1.0,1,1,2.3978952727983707,2.0,3.7376696182833684,8.0,3.0,4.0,2.0,1
38156,3,4.0,0.0,1.0,1,1,2.70805020110221,2.0,3.5553480614894135,8.0,1.0,2.0,1.0,3
38157,3,0.0,0.0,1.0,4,1,1.3862943611198906,1.0,3.5553480614894135,8.0,7.0,4.0,1.0,7
38161,3,0.0,0.0,1.0,4,1,1.6094379124341003,1.0,3.367295829986474,8.0,6.0,2.0,1.0,1
38163,3,0.0,0.0,2.0,1,1,0.6931471805599453,2.0,3.7376696182833684,1.0,7.0,2.0,1.0,2
38164,3,0.0,0.0,2.0,1,1,2.0794415416798357,2.0,3.6375861597263857,1.0,7.0,2.0,1.0,2
38165,3,0.0,0.0,1.0,1,1,1.9459101490553132,2.0,3.6635616461296463,1.0,2.0,4.0,1.0,5
38176,3,0.0,0.0,1.0,1,1,1.0986122886681098,1.0,3.295836866004329,8.0,6.0,2.0,2.0,3
38178,3,0.0,0.0,1.0,1,1,1.791759469228055,1.0,4.5217885770490405,8.0,3.0,4.0,1.0,5
38182,3,0.0,0.0,1.0,1,1,1.791759469228055,2.0,3.713572066704308,8.0,6.0,2.0,1.0,6
38191,3,0.0,0.0,1.0,1,1,1.0986122886681098,1.0,2.995732273553991,8.0,3.0,4.0,1.0,5
38197,3,0.0,0.0,1.0,1,1,1.6094379124341003,1.0,4.007333185232471,8.0,6.0,2.0,1.0,7
38202,3,0.0,0.0,2.0,4,2,1.0986122886681098,2.0,3.2188758248682006,8.0,1.0,4.0,1.0,2
38204,3,0.0,0.0,1.0,1,1,2.302585092994046,2.0,3.828641396489095,8.0,6.0,2.0,2.0,2
38211,3,0.0,0.0,1.0,1,1,1.791759469228055,1.0,4.060443010546419,8.0,3.0,4.0,1.0,3
38212,3,0.0,0.0,1.0,4,1,1.6094379124341003,1.0,3.2188758248682006,8.0,6.0,2.0,1.0,1
38213,3,0.0,0.0,1.0,4,1,1.6094379124341003,1.0,3.2188758248682006,8.0,6.0,2.0,1.0,1
38221,3,0.0,0.0,1.0,1,1,1.0986122886681098,1.0,3.1354942159291497,8.0,3.0,4.0,1.0,4
38223,3,0.0,0.0,1.0,1,1,1.3862943611198906,1.0,3.4965075614664802,8.0,3.0,4.0,1.0,6
38225,3,0.0,0.0,1.0,4,1,0.6931471805599453,1.0,3.091042453358316,8.0,3.0,4.0,1.0,1
38232,3,0.0,0.0,1.0,1,1,2.302585092994046,1.0,3.713572066704308,8.0,1.0,2.0,1.0,5
38243,3,0.0,0.0,1.0,1,1,1.0986122886681098,1.0,3.713572066704308,8.0,5.0,2.0,1.0,7
38250,3,0.0,0.0,1.0,1,1,2.0794415416798357,1.0,3.332204510175204,8.0,3.0,4.0,1.0,7
38255,3,0.0,1.0,1.0,4,1,2.1972245773362196,2.0,3.4657359027997265,8.0,3.0,4.0,1.0,6
38256,3,0.0,0.0,2.0,1,2,2.4849066497880004,2.0,3.6888794541139363,8.0,3.0,4.0,2.0,3
38260,3,0.0,0.0,1.0,1,1,2.1972245773362196,1.0,3.5553480614894135,8.0,6.0,2.0,1.0,2
38261,3,0.0,0.0,1.0,1,1,2.1972245773362196,1.0,3.5553480614894135,8.0,6.0,2.0,1.0,2
38263,3,0.0,0.0,1.0,1,1,1.9459101490553132,1.0,3.8501476017100584,8.0,3.0,4.0,1.0,5
38266,2,0.0,0.0,1.0,4,1,0.6931471805599453,1.0,3.7376696182833684,8.0,1.0,2.0,1.0,2
38273,3,0.0,0.0,1.0,1,9,2.1972245773362196,1.0,3.091042453358316,8.0,3.0,4.0,1.0,6
38278,3,0.0,0.0,1.0,1,1,1.9459101490553132,2.0,3.8918202981106265,8.0,6.0,2.0,1.0,6
38280,3,0.0,0.0,1.0,4,1,2.302585092994046,1.0,3.4011973816621555,8.0,3.0,4.0,1.0,1
38293,3,0.0,5.0,1.0,1,1,1.0986122886681098,1.0,3.871201010907891,8.0,3.0,4.0,1.0,1
38296,3,0.0,0.0,1.0,4,1,0.6931471805599453,1.0,2.995732273553991,8.0,6.0,2.0,1.0,5
38297,3,0.0,1.0,1.0,4,1,0.6931471805599453,1.0,2.995732273553991,8.0,6.0,2.0,1.0,5
38301,3,0.0,0.0,1.0,4,1,2.772588722239781,2.0,3.58351893845611,8.0,3.0,4.0,1.0,6
38304,3,0.0,0.0,1.0,1,1,1.3862943611198906,1.0,3.332204510175204,8.0,1.0,2.0,1.0,2
38305,3,0.0,0.0,2.0,4,2,2.5649493574615367,1.0,3.044522437723423,8.0,3.0,2.0,1.0,2
38310,3,0.0,0.0,1.0,1,1,1.6094379124341003,1.0,3.5263605246161616,8.0,3.0,4.0,1.0,6
38311,3,0.0,0.0,1.0,1,1,1.3862943611198906,1.0,3.2188758248682006,8.0,6.0,2.0,1.0,6
38314,3,0.0,0.0,1.0,1,1,1.791759469228055,1.0,3.091042453358316,8.0,6.0,2.0,1.0,1
38320,3,0.0,0.0,1.0,4,1,2.1972245773362196,1.0,3.6888794541139363,1.0,1.0,4.0,1.0,2
38321,3,0.0,0.0,1.0,4,1,2.1972245773362196,1.0,3.6888794541139363,1.0,1.0,4.0,1.0,2
38322,3,0.0,0.0,1.0,4,1,2.1972245773362196,1.0,3.6888794541139363,1.0,1.0,4.0,1.0,2
38324,3,0.0,1.0,1.0,1,1,2.4849066497880004,2.0,3.871201010907891,8.0,5.0,2.0,1.0,6
38327,3,0.0,1.0,2.0,1,2,2.4849066497880004,2.0,3.332204510175204,8.0,3.0,4.0,1.0,7
38332,3,0.0,1.0,1.0,1,1,2.3978952727983707,2.0,3.6109179126442243,8.0,3.0,4.0,1.0,4
38333,3,0.0,0.0,1.0,1,1,2.6390573296152584,1.0,3.6375861597263857,8.0,6.0,2.0,1.0,5
38338,3,0.0,0.0,1.0,1,1,2.1972245773362196,1.0,3.6888794541139363,8.0,3.0,4.0,1.0,6
38341,3,0.0,0.0,1.0,1,1,1.791759469228055,2.0,3.6635616461296463,8.0,6.0,2.0,1.0,1
38352,3,0.0,0.0,1.0,1,1,1.9459101490553132,1.0,3.7612001156935624,8.0,6.0,2.0,1.0,5
38353,3,0.0,0.0,1.0,1,1,2.4849066497880004,1.0,3.6635616461296463,8.0,3.0,2.0,1.0,4
38356,3,0.0,0.0,1.0,4,1,2.70805020110221,2.0,3.4657359027997265,8.0,3.0,4.0,1.0,6
38364,3,0.0,5.0,1.0,4,1,1.0986122886681098,1.0,4.110873864173311,8.0,3.0,4.0,1.0,7
38366,3,0.0,0.0,1.0,4,1,0.6931471805599453,1.0,3.7612001156935624,8.0,1.0,2.0,1.0,7
38369,3,0.0,0.0,2.0,4,2,2.5649493574615367,2.0,3.5263605246161616,8.0,1.0,4.0,2.0,3
38371,3,0.0,0.0,1.0,1,1,2.302585092994046,2.0,3.4965075614664802,8.0,2.0,4.0,2.0,4
38376,3,0.0,0.0,2.0,4,1,1.791759469228055,1.0,3.091042453358316,8.0,3.0,4.0,1.0,3
38377,2,0.0,1.0,1.0,1,1,2.3978952727983707,2.0,3.6375861597263857,8.0,3.0,3.0,1.0,3
38378,3,0.0,0.0,1.0,4,1,1.6094379124341003,1.0,3.9318256327243257,8.0,1.0,2.0,2.0,6
38390,3,0.0,0.0,1.0,4,1,2.0794415416798357,1.0,3.258096538021482,8.0,7.0,4.0,1.0,4
38392,3,0.0,0.0,2.0,1,2,2.0794415416798357,1.0,3.828641396489095,8.0,6.0,2.0,1.0,4
38399,3,0.0,0.0,1.0,1,1,2.0794415416798357,1.0,3.9318256327243257,8.0,3.0,4.0,1.0,2
38413,3,0.0,0.0,2.0,4,2,1.791759469228055,1.0,3.044522437723423,8.0,6.0,2.0,1.0,6
38421,3,0.0,0.0,1.0,1,1,1.791759469228055,1.0,3.332204510175204,8.0,3.0,2.0,1.0,5
38422,3,0.0,0.0,1.0,1,1,1.791759469228055,1.0,3.332204510175204,8.0,3.0,2.0,1.0,5
38430,3,0.0,0.0,1.0,4,1,2.772588722239781,1.0,3.912023005428146,8.0,3.0,2.0,1.0,1
38433,3,0.0,0.0,1.0,4,1,2.3978952727983707,1.0,4.127134385045092,8.0,6.0,2.0,1.0,2
38437,3,0.0,0.0,1.0,1,1,2.4849066497880004,2.0,3.1780538303479458,8.0,3.0,2.0,1.0,3
38442,3,0.0,0.0,1.0,4,1,2.1972245773362196,2.0,4.2626798770413155,8.0,6.0,2.0,1.0,2
38443,3,0.0,0.0,1.0,1,1,1.3862943611198906,1.0,2.70805020110221,8.0,7.0,2.0,1.0,6
38446,3,0.0,0.0,1.0,4,1,1.791759469228055,2.0,3.9318256327243257,8.0,3.0,4.0,1.0,6
38452,3,0.0,0.0,1.0,1,1,2.4849066497880004,1.0,3.713572066704308,8.0,6.0,2.0,1.0,3
38461,2,0.0,1.0,2.0,4,1,1.9459101490553132,1.0,3.367295829986474,8.0,6.0,2.0,1.0,6
38464,3,0.0,1.0,1.0,1,1,2.0794415416798357,1.0,3.871201010907891,8.0,3.0,4.0,1.0,6
38473,3,0.0,0.0,2.0,4,1,2.6390573296152584,1.0,2.995732273553991,8.0,3.0,3.0,1.0,7
38474,3,0.0,0.0,2.0,4,1,2.6390573296152584,1.0,2.995732273553991,8.0,3.0,3.0,1.0,7
38475,3,0.0,0.0,2.0,4,1,2.6390573296152584,1.0,2.995732273553991,8.0,3.0,3.0,1.0,7
38478,3,0.0,3.0,1.0,1,1,2.6390573296152584,1.0,3.784189633918261,8.0,3.0,4.0,1.0,6
38479,3,0.0,0.0,1.0,1,1,1.6094379124341003,2.0,3.912023005428146,8.0,6.0,2.0,1.0,7
38481,3,0.0,0.0,1.0,4,1,2.1972245773362196,2.0,3.9889840465642745,8.0,6.0,2.0,1.0,7
38484,3,0.0,1.0,1.0,1,1,2.302585092994046,1.0,3.4011973816621555,8.0,3.0,4.0,1.0,2
38502,2,0.0,0.0,1.0,1,1,1.791759469228055,1.0,4.442651256490317,8.0,6.0,4.0,1.0,7
38503,3,0.0,3.0,1.0,1,1,2.302585092994046,1.0,3.258096538021482,8.0,6.0,2.0,1.0,3
38505,3,0.0,0.0,1.0,1,1,2.5649493574615367,1.0,3.6109179126442243,8.0,3.0,4.0,1.0,4
38506,3,0.0,0.0,1.0,1,1,2.5649493574615367,1.0,3.6109179126442243,8.0,3.0,4.0,1.0,4
38509,3,0.0,0.0,2.0,4,2,2.70805020110221,1.0,3.258096538021482,8.0,5.0,2.0,1.0,3
38511,3,0.0,0.0,1.0,1,1,1.6094379124341003,1.0,4.060443010546419,8.0,3.0,4.0,1.0,6
38514,3,0.0,0.0,1.0,1,1,2.4849066497880004,1.0,3.367295829986474,8.0,6.0,2.0,1.0,4
38515,3,0.0,0.0,1.0,1,1,1.791759469228055,1.0,3.091042453358316,8.0,6.0,2.0,1.0,4
38516,3,0.0,0.0,2.0,1,2,1.9459101490553132,1.0,3.2188758248682006,8.0,1.0,4.0,1.0,3
38521,3,0.0,0.0,2.0,4,5,2.6390573296152584,2.0,3.367295829986474,8.0,2.0,2.0,2.0,2
38523,3,0.0,0.0,1.0,4,1,2.6390573296152584,1.0,3.4657359027997265,8.0,3.0,4.0,1.0,2
38535,3,0.0,0.0,1.0,4,1,1.6094379124341003,1.0,3.091042453358316,1.0,7.0,4.0,1.0,3
38536,3,0.0,0.0,1.0,4,1,1.791759469228055,1.0,4.219507705176107,1.0,7.0,4.0,1.0,3
38537,3,0.0,0.0,1.0,1,1,2.302585092994046,2.0,3.828641396489095,8.0,3.0,4.0,1.0,5
38541,3,0.0,0.0,2.0,4,1,1.791759469228055,2.0,3.1354942159291497,8.0,3.0,3.0,1.0,6
38542,3,0.0,0.0,2.0,4,1,1.791759469228055,2.0,3.1354942159291497,8.0,3.0,3.0,1.0,6
38543,3,0.0,0.0,2.0,4,1,2.4849066497880004,1.0,4.382026634673881,8.0,3.0,3.0,1.0,6
38546,3,0.0,0.0,2.0,4,2,2.3978952727983707,2.0,3.1354942159291497,8.0,3.0,4.0,2.0,1
38548,3,0.0,5.0,2.0,4,2,2.70805020110221,2.0,3.6635616461296463,8.0,3.0,4.0,1.0,2
38549,3,0.0,1.0,2.0,1,2,2.5649493574615367,1.0,4.394449154672439,8.0,3.0,4.0,1.0,6
38555,3,0.0,0.0,1.0,1,1,2.6390573296152584,1.0,4.330733340286331,8.0,6.0,2.0,1.0,3
38559,3,0.0,0.0,1.0,4,1,1.9459101490553132,2.0,3.7376696182833684,8.0,8.0,4.0,1.0,5
38561,3,0.0,0.0,2.0,4,2,1.791759469228055,1.0,3.713572066704308,8.0,5.0,2.0,1.0,3
38564,3,0.0,0.0,1.0,1,1,2.0794415416798357,2.0,2.995732273553991,8.0,3.0,4.0,1.0,6
38570,2,0.0,1.0,1.0,1,1,2.3978952727983707,2.0,4.04305126783455,8.0,7.0,4.0,1.0,1
38571,3,0.0,0.0,1.0,1,1,0.6931471805599453,1.0,2.8903717578961645,8.0,3.0,1.0,1.0,3
38575,3,0.0,0.0,2.0,1,1,0.6931471805599453,1.0,3.1780538303479458,8.0,3.0,4.0,1.0,6
38578,3,0.0,0.0,2.0,4,2,1.6094379124341003,1.0,3.2188758248682006,8.0,8.0,4.0,2.0,1
38587,3,0.0,1.0,1.0,1,1,1.0986122886681098,1.0,4.04305126783455,8.0,6.0,2.0,1.0,2
38588,3,0.0,0.0,1.0,1,1,1.9459101490553132,1.0,4.007333185232471,8.0,1.0,2.0,2.0,3
38589,3,0.0,0.0,1.0,1,1,1.9459101490553132,1.0,4.007333185232471,8.0,1.0,2.0,2.0,3
38595,3,0.0,1.0,1.0,1,1,2.772588722239781,2.0,3.5553480614894135,8.0,3.0,4.0,1.0,6
38598,3,0.0,0.0,1.0,1,1,1.6094379124341003,2.0,4.174387269895637,8.0,3.0,2.0,1.0,3
38600,3,0.0,0.0,2.0,4,2,2.0794415416798357,1.0,3.4011973816621555,8.0,6.0,2.0,1.0,3
38609,3,0.0,0.0,2.0,1,1,1.9459101490553132,1.0,3.4339872044851463,8.0,3.0,4.0,1.0,1
38611,3,0.0,0.0,2.0,1,2,0.6931471805599453,1.0,3.4657359027997265,8.0,6.0,2.0,1.0,3
38614,3,0.0,0.0,1.0,1,1,1.3862943611198906,1.0,3.6375861597263857,8.0,6.0,4.0,1.0,2
38615,3,0.0,0.0,1.0,1,1,1.3862943611198906,1.0,3.6375861597263857,8.0,6.0,4.0,1.0,2
38618,3,0.0,0.0,1.0,4,1,1.0986122886681098,1.0,3.4011973816621555,8.0,3.0,4.0,1.0,7
38620,3,0.0,1.0,1.0,1,1,1.3862943611198906,1.0,3.784189633918261,8.0,3.0,4.0,1.0,5
38621,3,0.0,0.0,1.0,1,1,2.302585092994046,2.0,3.6109179126442243,8.0,2.0,4.0,1.0,2
38625,3,0.0,0.0,2.0,1,2,2.5649493574615367,1.0,3.2188758248682006,8.0,3.0,4.0,2.0,6
38630,3,0.0,0.0,1.0,1,1,2.5649493574615367,1.0,4.007333185232471,1.0,6.0,4.0,1.0,3
38634,3,0.0,0.0,1.0,1,1,2.302585092994046,2.0,3.295836866004329,8.0,6.0,2.0,1.0,2
38635,3,0.0,0.0,1.0,1,1,2.0794415416798357,1.0,3.8501476017100584,8.0,1.0,4.0,2.0,2
38646,3,0.0,0.0,2.0,4,1,2.302585092994046,1.0,3.332204510175204,8.0,3.0,4.0,1.0,4
38650,3,0.0,0.0,2.0,4,2,2.6390573296152584,1.0,3.6109179126442243,8.0,1.0,2.0,1.0,5
38656,3,0.0,0.0,1.0,1,1,2.6390573296152584,1.0,3.4339872044851463,8.0,3.0,4.0,1.0,7
38658,2,0.0,1.0,2.0,4,2,2.6390573296152584,1.0,3.4011973816621555,1.0,3.0,2.0,1.0,1
38659,3,0.0,1.0,1.0,4,1,1.0986122886681098,1.0,2.995732273553991,2.0,3.0,4.0,1.0,2
38660,3,0.0,0.0,2.0,4,1,1.791759469228055,1.0,3.871201010907891,8.0,6.0,2.0,1.0,4
38661,3,0.0,0.0,2.0,4,1,2.302585092994046,2.0,3.091042453358316,8.0,6.0,2.0,1.0,4
38664,3,0.0,0.0,1.0,4,1,2.1972245773362196,1.0,3.091042453358316,8.0,6.0,2.0,1.0,2
38665,3,0.0,0.0,2.0,4,5,2.302585092994046,2.0,3.4657359027997265,8.0,1.0,2.0,1.0,3
38666,3,0.0,0.0,2.0,4,5,2.302585092994046,2.0,3.4657359027997265,8.0,1.0,2.0,1.0,3
38667,3,0.0,0.0,2.0,4,5,2.302585092994046,2.0,3.4657359027997265,8.0,1.0,2.0,1.0,3
38668,3,0.0,0.0,2.0,4,5,2.302585092994046,2.0,3.4657359027997265,8.0,1.0,2.0,1.0,3
38669,3,0.0,0.0,2.0,4,5,2.302585092994046,2.0,3.4657359027997265,8.0,1.0,2.0,1.0,3
38672,2,0.0,3.0,1.0,4,1,1.6094379124341003,1.0,3.1780538303479458,8.0,6.0,2.0,1.0,7
38673,3,0.0,0.0,1.0,1,1,1.791759469228055,1.0,3.58351893845611,8.0,3.0,4.0,2.0,3
38689,3,0.0,0.0,1.0,4,1,2.5649493574615367,1.0,3.6375861597263857,8.0,3.0,4.0,1.0,4
38692,3,0.0,0.0,2.0,4,2,1.9459101490553132,1.0,3.7612001156935624,8.0,5.0,4.0,1.0,2
38711,3,0.0,0.0,2.0,4,2,2.4849066497880004,1.0,3.5263605246161616,8.0,3.0,2.0,2.0,2
38719,3,0.0,0.0,2.0,4,1,1.791759469228055,2.0,3.713572066704308,8.0,6.0,2.0,1.0,4
38720,3,0.0,0.0,2.0,4,1,1.6094379124341003,2.0,3.258096538021482,8.0,6.0,2.0,1.0,4
38731,3,0.0,0.0,1.0,4,1,2.6390573296152584,1.0,3.58351893845611,8.0,3.0,4.0,1.0,1
38732,3,0.0,0.0,1.0,4,1,2.6390573296152584,1.0,3.58351893845611,8.0,3.0,4.0,1.0,1
38741,2,0.0,1.0,1.0,4,1,2.5649493574615367,1.0,3.871201010907891,8.0,3.0,4.0,1.0,7
38747,2,0.0,1.0,1.0,4,1,2.3978952727983707,1.0,4.143134726391533,1.0,6.0,4.0,1.0,2
38753,3,0.0,0.0,2.0,1,1,1.3862943611198906,1.0,3.6375861597263857,8.0,3.0,4.0,1.0,4
38755,3,0.0,0.0,1.0,4,1,0.6931471805599453,1.0,3.091042453358316,8.0,1.0,4.0,1.0,4
38757,3,0.0,0.0,1.0,4,1,1.3862943611198906,1.0,2.995732273553991,1.0,3.0,4.0,1.0,6
38763,3,0.0,0.0,1.0,1,1,2.302585092994046,2.0,4.394449154672439,8.0,3.0,4.0,1.0,1
38764,3,0.0,0.0,1.0,1,1,2.772588722239781,2.0,3.2188758248682006,8.0,3.0,4.0,1.0,1
38765,3,0.0,0.0,1.0,1,1,2.5649493574615367,1.0,3.9512437185814275,8.0,2.0,4.0,2.0,1
38766,3,0.0,0.0,1.0,1,1,2.70805020110221,1.0,3.6109179126442243,1.0,5.0,2.0,2.0,1
38767,3,0.0,0.0,1.0,1,1,2.70805020110221,1.0,3.6109179126442243,1.0,5.0,2.0,2.0,1
38769,3,0.0,0.0,1.0,1,1,2.4849066497880004,1.0,4.143134726391533,8.0,3.0,4.0,1.0,4
38775,3,0.0,0.0,2.0,1,1,1.0986122886681098,1.0,2.8903717578961645,1.0,8.0,4.0,1.0,5
38784,3,0.0,0.0,2.0,1,2,2.833213344056216,1.0,3.5263605246161616,8.0,8.0,4.0,1.0,7
38789,3,0.0,0.0,1.0,1,9,2.3978952727983707,2.0,3.828641396489095,8.0,6.0,4.0,1.0,5
38790,3,0.0,6.0,1.0,4,1,2.4849066497880004,2.0,3.332204510175204,8.0,3.0,4.0,1.0,6
38795,3,0.0,0.0,1.0,1,1,1.791759469228055,1.0,3.828641396489095,8.0,6.0,4.0,1.0,5
38796,3,0.0,0.0,1.0,1,1,0.6931471805599453,1.0,2.995732273553991,1.0,3.0,4.0,1.0,7
38810,3,0.0,1.0,1.0,1,1,2.70805020110221,2.0,4.382026634673881,1.0,3.0,4.0,1.0,3
38811,3,0.0,0.0,1.0,1,1,1.791759469228055,1.0,4.127134385045092,8.0,3.0,4.0,1.0,7
38812,3,0.0,0.0,1.0,1,1,1.791759469228055,1.0,3.7612001156935624,8.0,3.0,4.0,1.0,7
38814,3,0.0,0.0,1.0,1,1,2.4849066497880004,1.0,3.295836866004329,1.0,3.0,4.0,1.0,4
38817,3,0.0,0.0,1.0,1,1,2.4849066497880004,2.0,3.4339872044851463,8.0,3.0,2.0,1.0,1
38837,3,0.0,0.0,1.0,1,1,2.1972245773362196,1.0,3.970291913552122,8.0,2.0,4.0,1.0,2
38842,3,0.0,0.0,1.0,1,1,1.0986122886681098,1.0,3.7376696182833684,8.0,3.0,4.0,1.0,4
38844,3,0.0,0.0,1.0,1,1,2.6390573296152584,2.0,3.6375861597263857,1.0,3.0,2.0,2.0,6
38847,3,0.0,0.0,1.0,1,1,1.791759469228055,1.0,3.7376696182833684,8.0,3.0,4.0,1.0,7
38849,3,0.0,0.0,2.0,4,1,1.9459101490553132,1.0,3.713572066704308,8.0,3.0,4.0,1.0,7
38856,3,0.0,0.0,1.0,1,1,0.6931471805599453,1.0,2.995732273553991,8.0,7.0,4.0,1.0,2
38865,3,0.0,0.0,1.0,1,1,1.791759469228055,1.0,3.091042453358316,1.0,3.0,4.0,1.0,6
38877,3,0.0,3.0,1.0,1,1,1.3862943611198906,1.0,4.127134385045092,8.0,3.0,2.0,1.0,6
38879,2,0.0,0.0,1.0,4,1,1.6094379124341003,1.0,3.091042453358316,8.0,3.0,4.0,1.0,7
38880,3,0.0,0.0,1.0,1,1,1.0986122886681098,2.0,3.6375861597263857,8.0,3.0,4.0,2.0,3
38882,3,0.0,0.0,1.0,1,1,2.6390573296152584,2.0,3.970291913552122,8.0,6.0,2.0,2.0,3
38884,3,0.0,0.0,1.0,1,1,1.9459101490553132,1.0,4.1588830833596715,8.0,3.0,3.0,1.0,2
38885,3,0.0,0.0,1.0,1,1,1.0986122886681098,2.0,3.258096538021482,8.0,3.0,4.0,2.0,3
38889,3,0.0,0.0,1.0,1,1,2.833213344056216,1.0,3.6109179126442243,8.0,3.0,4.0,1.0,7
38898,3,0.0,0.0,1.0,1,1,1.9459101490553132,2.0,4.07753744390572,8.0,3.0,4.0,1.0,7
38906,3,0.0,0.0,1.0,1,1,1.0986122886681098,1.0,3.784189633918261,8.0,1.0,2.0,1.0,6
38908,3,0.0,0.0,1.0,1,1,2.302585092994046,1.0,3.6635616461296463,2.0,6.0,2.0,1.0,1
38909,3,0.0,0.0,1.0,1,1,0.6931471805599453,2.0,3.9889840465642745,8.0,6.0,2.0,1.0,1