accident_severity,special_conditions_at_site,pedestrian_movement,road_surface_conditions,light_conditions,weather_conditions,age_of_vehicle,sex_of_driver,age_of_driver,junction_location,junction_detail,junction_control,did_police_officer_attend_scene_of_accident,day_of_week
38916,3,0.0,0.0,1.0,1,1,2.70805020110221,1.0,3.295836866004329,8.0,3.0,4.0,2.0,3
38917,3,0.0,0.0,1.0,1,1,2.70805020110221,1.0,3.295836866004329,8.0,3.0,4.0,2.0,3
38919,2,0.0,1.0,1.0,4,1,1.0986122886681098,1.0,4.30406509320417,8.0,3.0,4.0,1.0,7
38922,3,0.0,0.0,1.0,1,1,1.9459101490553132,1.0,4.143134726391533,8.0,3.0,4.0,1.0,4
38924,3,0.0,0.0,1.0,1,1,2.3978952727983707,1.0,4.060443010546419,8.0,7.0,4.0,1.0,3
38925,3,0.0,0.0,1.0,1,1,2.3978952727983707,1.0,3.4339872044851463,8.0,3.0,4.0,1.0,4
38929,3,0.0,0.0,1.0,5,1,2.0794415416798357,1.0,3.2188758248682006,8.0,3.0,4.0,1.0,7
38933,3,0.0,0.0,1.0,1,1,2.0794415416798357,1.0,3.2188758248682006,8.0,3.0,4.0,1.0,5
38936,2,0.0,0.0,1.0,1,1,1.3862943611198906,1.0,3.6109179126442243,8.0,3.0,4.0,1.0,5
38939,3,0.0,0.0,1.0,1,1,2.833213344056216,1.0,3.9318256327243257,8.0,3.0,4.0,1.0,4
38941,3,0.0,0.0,1.0,1,1,2.4849066497880004,1.0,3.9318256327243257,8.0,3.0,4.0,1.0,2
38946,3,0.0,0.0,1.0,1,1,2.302585092994046,2.0,3.258096538021482,8.0,3.0,4.0,1.0,1
38949,3,0.0,0.0,1.0,1,1,2.0794415416798357,1.0,3.828641396489095,8.0,3.0,4.0,1.0,6
38950,3,0.0,0.0,1.0,1,1,2.0794415416798357,1.0,3.828641396489095,8.0,3.0,4.0,1.0,6
38954,3,0.0,0.0,1.0,1,1,1.791759469228055,1.0,3.1354942159291497,8.0,3.0,4.0,1.0,3
38955,3,0.0,0.0,1.0,1,1,2.0794415416798357,1.0,3.8918202981106265,8.0,3.0,4.0,1.0,3
38962,3,0.0,0.0,1.0,1,1,1.0986122886681098,1.0,3.7376696182833684,8.0,3.0,4.0,2.0,1
38965,3,0.0,0.0,1.0,1,1,3.091042453358316,2.0,3.1780538303479458,8.0,3.0,4.0,1.0,1
38973,3,0.0,0.0,1.0,1,1,1.3862943611198906,1.0,3.295836866004329,8.0,3.0,4.0,1.0,5
38974,3,0.0,0.0,1.0,1,1,1.3862943611198906,1.0,3.295836866004329,8.0,3.0,4.0,1.0,5
38984,3,0.0,0.0,1.0,1,1,1.791759469228055,2.0,4.110873864173311,8.0,3.0,2.0,1.0,1
38989,3,0.0,0.0,1.0,1,1,1.3862943611198906,1.0,3.9318256327243257,8.0,3.0,4.0,1.0,7
38990,3,0.0,0.0,1.0,1,1,1.0986122886681098,1.0,3.4965075614664802,8.0,1.0,2.0,1.0,7
38994,3,0.0,0.0,1.0,1,1,2.1972245773362196,2.0,3.713572066704308,8.0,3.0,4.0,1.0,3
38997,3,0.0,9.0,1.0,1,1,1.0986122886681098,1.0,3.295836866004329,8.0,3.0,4.0,1.0,5
38998,3,0.0,0.0,1.0,1,1,2.1972245773362196,2.0,3.7376696182833684,8.0,3.0,4.0,1.0,7
39007,3,0.0,0.0,1.0,4,1,1.791759469228055,1.0,3.58351893845611,8.0,7.0,2.0,1.0,7
39008,3,0.0,0.0,1.0,4,1,1.6094379124341003,1.0,4.02535169073515,8.0,7.0,2.0,1.0,7
39009,3,0.0,0.0,1.0,4,1,1.6094379124341003,1.0,4.02535169073515,8.0,7.0,2.0,1.0,7
39012,3,0.0,1.0,1.0,1,1,2.5649493574615367,2.0,3.7612001156935624,2.0,3.0,4.0,1.0,5
39015,3,0.0,0.0,1.0,1,1,1.791759469228055,2.0,3.295836866004329,8.0,3.0,4.0,1.0,7
39016,3,0.0,0.0,1.0,1,1,1.791759469228055,2.0,3.295836866004329,8.0,3.0,4.0,1.0,7
39017,3,0.0,0.0,1.0,1,1,1.9459101490553132,2.0,3.58351893845611,8.0,3.0,4.0,2.0,6
39018,3,0.0,0.0,1.0,1,1,1.9459101490553132,2.0,3.58351893845611,8.0,3.0,4.0,2.0,6
39020,3,0.0,0.0,1.0,1,1,2.70805020110221,1.0,3.713572066704308,8.0,3.0,4.0,1.0,4
39025,3,0.0,0.0,1.0,1,1,2.1972245773362196,1.0,3.1354942159291497,8.0,3.0,4.0,2.0,7
39030,3,0.0,0.0,1.0,1,1,2.0794415416798357,1.0,3.2188758248682006,8.0,3.0,4.0,1.0,4
39035,3,0.0,0.0,1.0,1,1,1.791759469228055,1.0,2.995732273553991,8.0,3.0,4.0,1.0,6
39036,3,0.0,0.0,1.0,1,1,1.9459101490553132,1.0,3.6375861597263857,8.0,3.0,4.0,1.0,6
39050,3,0.0,0.0,1.0,1,1,2.6390573296152584,1.0,3.7612001156935624,8.0,6.0,2.0,1.0,5
39067,3,0.0,0.0,1.0,1,1,1.0986122886681098,1.0,3.295836866004329,8.0,1.0,4.0,1.0,4
39072,3,0.0,0.0,1.0,1,1,2.3978952727983707,2.0,3.6635616461296463,8.0,3.0,4.0,1.0,7
39073,2,0.0,0.0,2.0,4,2,1.3862943611198906,1.0,3.258096538021482,8.0,1.0,4.0,1.0,3
39087,3,0.0,0.0,1.0,1,1,1.791759469228055,1.0,2.9444389791664403,8.0,1.0,4.0,1.0,5
39090,3,0.0,0.0,1.0,1,1,1.6094379124341003,1.0,3.8501476017100584,8.0,3.0,4.0,1.0,4
39093,3,0.0,0.0,1.0,4,1,2.3978952727983707,1.0,4.0943445622221,8.0,3.0,4.0,1.0,4
39095,3,0.0,0.0,1.0,1,1,2.0794415416798357,2.0,3.4011973816621555,8.0,3.0,4.0,1.0,3
39104,3,4.0,0.0,1.0,1,1,2.3978952727983707,1.0,3.8501476017100584,8.0,1.0,2.0,2.0,4
39105,3,0.0,0.0,1.0,1,1,1.0986122886681098,1.0,3.6375861597263857,8.0,3.0,4.0,1.0,7
39106,3,0.0,0.0,1.0,1,1,1.3862943611198906,2.0,3.4339872044851463,8.0,3.0,2.0,1.0,4
39108,3,0.0,0.0,1.0,1,1,1.6094379124341003,1.0,2.995732273553991,8.0,3.0,4.0,1.0,4
39116,3,0.0,0.0,1.0,1,1,2.3978952727983707,2.0,3.8066624897703196,8.0,3.0,4.0,1.0,3
39124,3,0.0,0.0,2.0,1,5,2.1972245773362196,2.0,3.4657359027997265,8.0,3.0,4.0,1.0,4
39126,3,0.0,0.0,1.0,1,1,2.4849066497880004,2.0,3.8066624897703196,8.0,3.0,4.0,1.0,2
39132,2,0.0,0.0,1.0,1,1,1.3862943611198906,1.0,3.7376696182833684,8.0,3.0,4.0,1.0,2
39134,3,0.0,0.0,1.0,4,1,2.0794415416798357,2.0,3.258096538021482,8.0,3.0,4.0,1.0,6
39135,3,0.0,0.0,1.0,1,1,2.5649493574615367,1.0,3.2188758248682006,8.0,3.0,4.0,1.0,7
39140,3,0.0,0.0,1.0,1,1,2.1972245773362196,1.0,3.58351893845611,8.0,3.0,4.0,1.0,6
39143,3,0.0,0.0,1.0,1,1,2.6390573296152584,2.0,3.912023005428146,8.0,3.0,2.0,1.0,3
39157,3,0.0,0.0,1.0,1,1,0.6931471805599453,2.0,3.912023005428146,8.0,3.0,4.0,2.0,3
39162,3,0.0,0.0,2.0,1,2,2.6390573296152584,1.0,3.5263605246161616,8.0,6.0,4.0,2.0,4
39165,3,0.0,0.0,1.0,4,1,2.1972245773362196,1.0,3.044522437723423,8.0,3.0,2.0,1.0,7
39166,3,0.0,9.0,1.0,4,1,2.1972245773362196,1.0,3.044522437723423,8.0,3.0,2.0,1.0,7
39168,3,0.0,0.0,1.0,1,1,2.3978952727983707,1.0,3.713572066704308,8.0,3.0,4.0,1.0,7
39170,3,0.0,0.0,1.0,1,1,2.302585092994046,1.0,4.110873864173311,1.0,3.0,2.0,1.0,4
39172,3,0.0,0.0,1.0,1,1,1.6094379124341003,2.0,3.7376696182833684,8.0,3.0,4.0,1.0,7
39173,3,0.0,0.0,2.0,1,2,2.3978952727983707,2.0,3.6635616461296463,8.0,3.0,4.0,1.0,4
39174,3,0.0,0.0,2.0,1,2,2.5649493574615367,1.0,3.784189633918261,8.0,3.0,4.0,1.0,4
39175,3,0.0,0.0,1.0,1,1,0.6931471805599453,2.0,3.367295829986474,8.0,3.0,2.0,1.0,7
39183,3,0.0,0.0,2.0,1,2,2.5649493574615367,2.0,3.9512437185814275,8.0,3.0,4.0,1.0,5
39184,3,0.0,0.0,1.0,1,1,2.302585092994046,1.0,3.6888794541139363,8.0,3.0,4.0,1.0,3
39187,3,0.0,0.0,1.0,1,1,2.995732273553991,1.0,3.6635616461296463,8.0,1.0,4.0,2.0,6
39188,3,0.0,0.0,1.0,1,1,2.995732273553991,1.0,3.6635616461296463,8.0,1.0,4.0,2.0,6
39193,3,0.0,0.0,1.0,1,1,1.6094379124341003,1.0,3.332204510175204,8.0,3.0,4.0,1.0,2
39194,3,0.0,0.0,1.0,4,1,0.6931471805599453,1.0,3.091042453358316,8.0,3.0,4.0,1.0,6
39204,3,0.0,0.0,2.0,4,2,2.0794415416798357,1.0,3.7376696182833684,8.0,8.0,4.0,1.0,5
39206,3,0.0,0.0,2.0,1,2,2.1972245773362196,2.0,3.091042453358316,1.0,3.0,4.0,1.0,6
39207,3,0.0,0.0,2.0,1,2,2.1972245773362196,2.0,3.6375861597263857,2.0,3.0,4.0,1.0,6
39214,3,0.0,0.0,1.0,1,1,1.791759469228055,1.0,3.8066624897703196,8.0,3.0,4.0,1.0,6
39216,3,0.0,0.0,1.0,1,1,1.9459101490553132,1.0,3.332204510175204,8.0,8.0,4.0,1.0,6
39219,3,0.0,0.0,2.0,1,2,0.6931471805599453,1.0,3.295836866004329,8.0,7.0,4.0,1.0,7
39220,3,0.0,0.0,1.0,4,1,2.833213344056216,1.0,3.4965075614664802,8.0,6.0,4.0,1.0,7
39226,3,0.0,0.0,1.0,1,1,2.70805020110221,1.0,4.1588830833596715,1.0,3.0,4.0,1.0,3
39230,3,0.0,0.0,1.0,4,1,0.6931471805599453,1.0,3.367295829986474,8.0,6.0,4.0,1.0,3
39236,3,0.0,0.0,1.0,4,1,2.1972245773362196,1.0,3.871201010907891,8.0,8.0,4.0,1.0,1
39238,3,0.0,9.0,1.0,1,1,2.3978952727983707,1.0,4.0943445622221,8.0,3.0,4.0,1.0,4
39239,2,0.0,0.0,1.0,4,1,1.0986122886681098,1.0,3.5553480614894135,8.0,3.0,4.0,1.0,4
39247,3,0.0,0.0,1.0,1,1,0.6931471805599453,1.0,3.912023005428146,8.0,3.0,4.0,1.0,2
39248,3,0.0,0.0,1.0,1,1,0.6931471805599453,1.0,3.912023005428146,8.0,3.0,4.0,1.0,2
39249,3,0.0,0.0,1.0,1,1,0.6931471805599453,1.0,3.912023005428146,8.0,3.0,4.0,1.0,2
39254,3,0.0,0.0,2.0,4,2,1.0986122886681098,1.0,3.8501476017100584,8.0,3.0,4.0,1.0,6
39257,3,0.0,0.0,2.0,4,2,0.6931471805599453,1.0,3.258096538021482,8.0,3.0,4.0,1.0,1
39259,3,0.0,0.0,1.0,1,1,1.6094379124341003,1.0,3.332204510175204,8.0,3.0,4.0,1.0,2
39262,3,0.0,0.0,1.0,1,1,2.4849066497880004,2.0,3.4011973816621555,8.0,3.0,4.0,1.0,5
39266,3,0.0,0.0,1.0,1,4,1.6094379124341003,2.0,3.912023005428146,8.0,1.0,2.0,1.0,7
39269,3,0.0,2.0,1.0,1,1,0.6931471805599453,1.0,4.248495242049359,1.0,6.0,4.0,1.0,6
39271,3,0.0,0.0,1.0,1,1,1.6094379124341003,1.0,3.332204510175204,8.0,1.0,4.0,1.0,1
39274,2,0.0,0.0,1.0,4,1,2.0794415416798357,1.0,3.5553480614894135,8.0,3.0,4.0,1.0,2
39275,2,0.0,0.0,1.0,4,1,2.0794415416798357,1.0,3.5553480614894135,8.0,3.0,4.0,1.0,2
39276,2,0.0,0.0,1.0,4,1,2.0794415416798357,1.0,3.5553480614894135,8.0,3.0,4.0,1.0,2
39277,3,0.0,1.0,2.0,1,2,1.3862943611198906,1.0,3.1354942159291497,2.0,3.0,4.0,2.0,3
39288,3,0.0,0.0,1.0,4,1,2.302585092994046,1.0,3.1780538303479458,8.0,3.0,4.0,1.0,6
39289,3,0.0,0.0,1.0,1,1,2.302585092994046,1.0,3.044522437723423,8.0,3.0,4.0,1.0,2
39290,3,0.0,0.0,1.0,1,1,2.302585092994046,1.0,3.044522437723423,8.0,3.0,4.0,1.0,2
39291,3,0.0,0.0,1.0,1,1,2.302585092994046,1.0,3.044522437723423,8.0,3.0,4.0,1.0,2
39292,3,0.0,0.0,1.0,1,1,2.302585092994046,1.0,3.044522437723423,8.0,3.0,4.0,1.0,2
39295,2,0.0,1.0,2.0,4,1,1.3862943611198906,1.0,3.5263605246161616,8.0,3.0,4.0,1.0,3
39303,3,0.0,0.0,1.0,4,1,2.6390573296152584,1.0,3.2188758248682006,8.0,3.0,4.0,2.0,1
39304,3,0.0,0.0,1.0,4,1,2.6390573296152584,1.0,3.2188758248682006,8.0,3.0,4.0,2.0,1
39306,3,0.0,0.0,1.0,1,1,2.5649493574615367,2.0,3.332204510175204,1.0,3.0,4.0,1.0,4
39310,3,0.0,0.0,2.0,4,1,0.6931471805599453,1.0,3.6375861597263857,8.0,6.0,4.0,1.0,3
39315,2,0.0,4.0,1.0,4,1,2.1972245773362196,2.0,4.0943445622221,2.0,3.0,4.0,1.0,4
39316,3,0.0,0.0,1.0,1,1,2.4849066497880004,2.0,3.5553480614894135,8.0,3.0,4.0,2.0,4
39320,3,0.0,0.0,2.0,4,5,2.772588722239781,2.0,3.295836866004329,8.0,3.0,2.0,1.0,3
39322,3,0.0,0.0,1.0,1,1,1.791759469228055,1.0,3.4011973816621555,8.0,3.0,4.0,1.0,1
39325,3,0.0,0.0,2.0,4,2,2.3978952727983707,1.0,3.9889840465642745,8.0,1.0,4.0,2.0,7
39329,3,0.0,0.0,1.0,4,1,1.0986122886681098,1.0,3.5553480614894135,8.0,3.0,4.0,1.0,4
39331,3,0.0,0.0,1.0,1,1,2.833213344056216,1.0,3.6888794541139363,1.0,3.0,4.0,2.0,4
39333,3,0.0,9.0,1.0,1,1,2.4849066497880004,1.0,3.7376696182833684,2.0,3.0,4.0,1.0,5
39341,3,0.0,0.0,1.0,1,1,2.3978952727983707,2.0,3.6375861597263857,8.0,1.0,4.0,1.0,1
39345,3,0.0,0.0,1.0,4,1,2.1972245773362196,2.0,3.912023005428146,1.0,1.0,4.0,2.0,1
39356,3,0.0,3.0,2.0,4,2,2.1972245773362196,2.0,3.8066624897703196,8.0,3.0,4.0,1.0,2
39357,3,0.0,0.0,2.0,4,2,1.3862943611198906,1.0,3.4657359027997265,8.0,3.0,4.0,1.0,2
39363,3,0.0,0.0,1.0,1,1,1.6094379124341003,2.0,3.295836866004329,8.0,3.0,4.0,1.0,2
39364,3,0.0,0.0,1.0,1,1,1.6094379124341003,2.0,3.295836866004329,8.0,3.0,4.0,1.0,2
39368,3,0.0,0.0,1.0,1,1,1.3862943611198906,1.0,3.4339872044851463,8.0,3.0,4.0,1.0,3
39376,3,0.0,0.0,2.0,1,1,2.4849066497880004,1.0,4.060443010546419,8.0,3.0,4.0,1.0,2
39380,3,0.0,0.0,2.0,1,2,2.0794415416798357,1.0,4.330733340286331,8.0,8.0,4.0,1.0,2
39381,3,0.0,0.0,2.0,1,2,2.0794415416798357,1.0,4.330733340286331,8.0,8.0,4.0,1.0,2
39396,3,0.0,9.0,1.0,4,1,2.3978952727983707,1.0,3.6635616461296463,2.0,3.0,4.0,1.0,4
39399,3,0.0,0.0,1.0,1,1,2.4849066497880004,1.0,3.7376696182833684,8.0,3.0,4.0,1.0,2
39400,3,0.0,3.0,4.0,1,1,2.302585092994046,1.0,3.367295829986474,8.0,3.0,4.0,1.0,5
39404,3,0.0,0.0,1.0,1,1,1.791759469228055,2.0,4.143134726391533,8.0,3.0,4.0,1.0,6
39406,3,0.0,3.0,2.0,1,2,2.3978952727983707,1.0,3.6109179126442243,8.0,6.0,2.0,1.0,7
39407,3,0.0,0.0,1.0,4,1,1.3862943611198906,2.0,3.6635616461296463,8.0,3.0,4.0,1.0,5
39409,3,0.0,0.0,2.0,1,1,2.6390573296152584,1.0,3.2188758248682006,8.0,3.0,4.0,1.0,3
39415,3,0.0,0.0,4.0,4,8,0.6931471805599453,1.0,3.6375861597263857,8.0,3.0,4.0,1.0,6
39427,3,0.0,0.0,1.0,1,1,1.0986122886681098,2.0,3.332204510175204,8.0,1.0,4.0,2.0,6
39435,2,0.0,1.0,1.0,4,1,2.3978952727983707,1.0,3.8918202981106265,8.0,3.0,3.0,1.0,6
39440,3,0.0,2.0,1.0,1,1,1.9459101490553132,2.0,3.6888794541139363,8.0,3.0,4.0,1.0,5
39442,3,0.0,0.0,1.0,1,1,1.0986122886681098,1.0,3.4657359027997265,8.0,3.0,4.0,1.0,4
39443,3,0.0,0.0,1.0,1,1,1.0986122886681098,1.0,3.6635616461296463,8.0,6.0,2.0,2.0,3
39445,3,0.0,0.0,1.0,1,1,2.772588722239781,1.0,3.6109179126442243,8.0,3.0,4.0,1.0,4
39447,3,0.0,0.0,1.0,1,1,2.302585092994046,1.0,4.0943445622221,8.0,1.0,2.0,1.0,1
39448,3,0.0,0.0,1.0,1,1,2.302585092994046,1.0,4.0943445622221,8.0,1.0,2.0,1.0,1
39452,3,0.0,0.0,2.0,4,2,2.772588722239781,1.0,3.7612001156935624,1.0,6.0,2.0,1.0,5
39454,3,0.0,5.0,1.0,1,1,1.791759469228055,1.0,3.4339872044851463,1.0,3.0,4.0,1.0,2
39458,3,0.0,0.0,1.0,4,1,2.1972245773362196,1.0,3.091042453358316,1.0,3.0,4.0,1.0,7
39459,3,0.0,4.0,1.0,4,1,1.3862943611198906,1.0,4.143134726391533,1.0,9.0,2.0,1.0,5
39461,2,0.0,1.0,2.0,1,2,1.6094379124341003,1.0,4.0943445622221,8.0,6.0,4.0,1.0,5
39462,3,0.0,0.0,1.0,1,1,1.9459101490553132,1.0,3.367295829986474,8.0,3.0,4.0,1.0,2
39466,3,0.0,0.0,2.0,4,2,1.9459101490553132,2.0,3.4011973816621555,8.0,3.0,4.0,1.0,7
39467,3,0.0,0.0,2.0,4,2,1.9459101490553132,2.0,3.4011973816621555,8.0,3.0,4.0,1.0,7
39468,3,0.0,0.0,2.0,4,2,1.9459101490553132,2.0,3.4011973816621555,8.0,3.0,4.0,1.0,7
39470,3,0.0,3.0,2.0,4,2,2.772588722239781,1.0,3.5553480614894135,8.0,3.0,2.0,1.0,5
39471,3,0.0,9.0,2.0,4,2,2.6390573296152584,1.0,3.367295829986474,8.0,3.0,4.0,1.0,7
39474,2,0.0,0.0,1.0,1,9,2.833213344056216,1.0,3.8066624897703196,8.0,3.0,3.0,1.0,3
39478,3,0.0,0.0,1.0,1,1,1.9459101490553132,2.0,3.6375861597263857,8.0,3.0,4.0,2.0,3
39480,3,0.0,0.0,1.0,1,1,2.772588722239781,1.0,3.828641396489095,8.0,3.0,4.0,1.0,6
39485,3,0.0,0.0,1.0,1,1,0.6931471805599453,1.0,3.367295829986474,8.0,1.0,4.0,1.0,3
39486,3,0.0,0.0,1.0,1,1,1.6094379124341003,1.0,3.295836866004329,8.0,6.0,2.0,1.0,3
39487,3,0.0,0.0,1.0,1,1,1.6094379124341003,1.0,3.295836866004329,8.0,6.0,2.0,1.0,3
39488,3,0.0,0.0,1.0,1,1,1.6094379124341003,1.0,3.295836866004329,8.0,6.0,2.0,1.0,3
39494,3,0.0,0.0,2.0,1,1,2.302585092994046,2.0,3.4657359027997265,8.0,7.0,4.0,1.0,2
39508,2,0.0,0.0,1.0,1,1,0.6931471805599453,1.0,3.091042453358316,8.0,3.0,4.0,1.0,5
39516,3,0.0,0.0,1.0,4,1,1.6094379124341003,1.0,3.367295829986474,8.0,3.0,2.0,1.0,5
39518,3,0.0,0.0,2.0,1,2,1.791759469228055,1.0,3.4657359027997265,8.0,3.0,4.0,1.0,1
39519,3,0.0,0.0,2.0,1,2,1.791759469228055,1.0,3.4657359027997265,8.0,3.0,4.0,1.0,1
39523,3,0.0,1.0,1.0,1,1,2.3978952727983707,1.0,4.204692619390966,8.0,3.0,4.0,1.0,2
39525,3,0.0,0.0,1.0,1,1,1.6094379124341003,1.0,3.4339872044851463,8.0,6.0,2.0,1.0,3
39526,3,0.0,0.0,1.0,1,1,1.6094379124341003,1.0,3.4339872044851463,8.0,6.0,2.0,1.0,3
39531,3,0.0,0.0,1.0,1,1,1.3862943611198906,1.0,3.6635616461296463,8.0,3.0,4.0,1.0,2
39532,3,0.0,0.0,1.0,1,1,1.3862943611198906,1.0,3.6635616461296463,8.0,3.0,4.0,1.0,2
39538,3,0.0,3.0,1.0,1,1,1.0986122886681098,1.0,2.995732273553991,8.0,7.0,4.0,1.0,4
39539,3,0.0,0.0,1.0,1,1,2.0794415416798357,1.0,4.02535169073515,8.0,3.0,2.0,1.0,4
39542,3,0.0,0.0,1.0,1,1,1.0986122886681098,1.0,3.970291913552122,8.0,3.0,4.0,1.0,1
39544,3,0.0,0.0,1.0,1,1,0.6931471805599453,2.0,3.2188758248682006,8.0,3.0,2.0,1.0,1
39546,3,0.0,0.0,1.0,1,1,1.9459101490553132,1.0,3.1780538303479458,8.0,3.0,4.0,1.0,7
39547,3,0.0,0.0,1.0,1,1,2.302585092994046,1.0,3.258096538021482,1.0,6.0,4.0,1.0,3
39549,3,0.0,0.0,1.0,1,1,2.1972245773362196,1.0,4.04305126783455,8.0,3.0,4.0,1.0,3
39551,3,0.0,0.0,1.0,1,1,1.6094379124341003,1.0,3.7612001156935624,8.0,3.0,4.0,1.0,7
39554,3,0.0,0.0,1.0,1,1,1.791759469228055,1.0,3.7376696182833684,8.0,8.0,4.0,1.0,4
39557,3,0.0,0.0,2.0,1,2,2.1972245773362196,1.0,3.5263605246161616,1.0,1.0,2.0,1.0,1
39561,3,0.0,0.0,1.0,4,1,2.1972245773362196,1.0,3.6375861597263857,8.0,3.0,4.0,1.0,5
39562,3,0.0,0.0,1.0,4,1,2.8903717578961645,1.0,3.9318256327243257,8.0,3.0,4.0,1.0,1
39565,3,0.0,0.0,1.0,1,1,2.1972245773362196,2.0,3.9512437185814275,1.0,3.0,4.0,1.0,5
39566,3,0.0,0.0,1.0,1,1,2.1972245773362196,1.0,3.58351893845611,1.0,3.0,4.0,1.0,5
39569,3,0.0,1.0,1.0,4,1,2.4849066497880004,1.0,3.7376696182833684,8.0,3.0,4.0,1.0,2
39573,3,0.0,0.0,1.0,4,1,0.6931471805599453,1.0,3.713572066704308,8.0,3.0,4.0,1.0,1
39592,3,0.0,0.0,1.0,4,1,1.0986122886681098,1.0,3.713572066704308,8.0,3.0,4.0,1.0,6
39594,3,0.0,0.0,1.0,4,1,2.1972245773362196,1.0,3.7612001156935624,8.0,3.0,4.0,1.0,6
39596,3,0.0,0.0,1.0,1,1,2.1972245773362196,2.0,4.330733340286331,1.0,3.0,4.0,1.0,6
39600,3,0.0,0.0,1.0,1,1,1.0986122886681098,1.0,3.1354942159291497,8.0,6.0,4.0,1.0,5
39602,3,0.0,2.0,1.0,1,1,0.6931471805599453,2.0,3.5263605246161616,1.0,6.0,2.0,1.0,5
39603,3,0.0,0.0,1.0,1,1,0.6931471805599453,2.0,4.0943445622221,8.0,3.0,4.0,1.0,4
39609,3,0.0,0.0,1.0,1,1,1.0986122886681098,1.0,4.276666119016055,8.0,1.0,2.0,1.0,6
39610,3,0.0,0.0,1.0,1,1,1.6094379124341003,2.0,4.248495242049359,1.0,1.0,2.0,1.0,6
39611,3,0.0,0.0,1.0,1,1,1.6094379124341003,2.0,4.248495242049359,1.0,1.0,2.0,1.0,6
39624,2,0.0,1.0,1.0,1,1,2.3978952727983707,1.0,3.9318256327243257,8.0,3.0,4.0,1.0,4
39628,3,0.0,0.0,1.0,1,1,1.6094379124341003,1.0,3.6375861597263857,8.0,3.0,4.0,1.0,1
39633,3,0.0,1.0,1.0,1,1,2.302585092994046,2.0,3.5553480614894135,2.0,2.0,4.0,1.0,4
39634,3,0.0,0.0,1.0,4,1,2.0794415416798357,1.0,3.332204510175204,8.0,6.0,2.0,1.0,2
39646,3,0.0,1.0,1.0,1,1,2.4849066497880004,1.0,4.143134726391533,8.0,6.0,2.0,1.0,4
39649,3,0.0,0.0,1.0,1,1,2.3978952727983707,2.0,3.9889840465642745,1.0,1.0,4.0,1.0,3
39650,3,0.0,1.0,1.0,1,1,1.6094379124341003,2.0,4.406719247264253,8.0,7.0,2.0,1.0,7
39652,3,0.0,0.0,1.0,1,1,2.833213344056216,1.0,3.784189633918261,8.0,3.0,4.0,1.0,5
39656,3,0.0,0.0,1.0,1,1,2.833213344056216,1.0,3.9512437185814275,8.0,3.0,2.0,1.0,5
39662,3,0.0,0.0,1.0,1,1,2.302585092994046,2.0,3.332204510175204,8.0,8.0,4.0,1.0,6
39668,3,0.0,0.0,1.0,1,1,2.302585092994046,1.0,3.6375861597263857,8.0,3.0,4.0,1.0,2
39677,3,0.0,0.0,1.0,1,1,1.3862943611198906,2.0,3.4965075614664802,8.0,6.0,4.0,1.0,2
39683,3,0.0,0.0,1.0,1,1,2.1972245773362196,1.0,3.8066624897703196,8.0,3.0,2.0,1.0,6
39689,3,0.0,3.0,1.0,1,1,2.302585092994046,1.0,3.6109179126442243,8.0,3.0,4.0,1.0,2
39700,3,0.0,0.0,1.0,4,1,1.6094379124341003,1.0,3.044522437723423,8.0,3.0,2.0,1.0,6
39702,3,0.0,0.0,1.0,1,1,2.5649493574615367,1.0,3.713572066704308,8.0,3.0,4.0,1.0,4
39710,3,0.0,0.0,2.0,1,2,2.6390573296152584,1.0,3.332204510175204,1.0,3.0,4.0,1.0,6
39713,3,0.0,0.0,1.0,1,1,1.9459101490553132,1.0,3.6109179126442243,1.0,3.0,4.0,1.0,7
39714,3,0.0,3.0,1.0,1,9,2.3978952727983707,2.0,3.2188758248682006,2.0,3.0,4.0,1.0,7
39719,3,0.0,0.0,1.0,1,1,0.6931471805599453,1.0,4.007333185232471,1.0,6.0,4.0,1.0,1
39720,3,0.0,0.0,1.0,1,1,1.791759469228055,1.0,3.9512437185814275,1.0,6.0,4.0,1.0,1
39721,3,0.0,0.0,1.0,1,1,1.791759469228055,1.0,3.9512437185814275,1.0,6.0,4.0,1.0,1
39725,3,0.0,5.0,1.0,1,1,2.5649493574615367,2.0,4.174387269895637,2.0,3.0,4.0,1.0,7
39726,3,0.0,0.0,1.0,1,1,2.6390573296152584,2.0,3.6888794541139363,8.0,9.0,2.0,1.0,6
39730,3,0.0,0.0,1.0,4,1,1.6094379124341003,2.0,3.2188758248682006,8.0,3.0,4.0,1.0,5
39732,3,0.0,1.0,1.0,1,1,1.9459101490553132,1.0,4.204692619390966,8.0,5.0,4.0,1.0,1
39737,3,0.0,0.0,1.0,1,1,1.791759469228055,1.0,4.07753744390572,8.0,3.0,4.0,1.0,4
39743,3,0.0,0.0,1.0,1,1,2.0794415416798357,1.0,3.4339872044851463,1.0,3.0,4.0,1.0,4
39745,3,0.0,0.0,1.0,1,1,1.0986122886681098,1.0,3.2188758248682006,1.0,3.0,4.0,1.0,4