accident_severity,special_conditions_at_site,pedestrian_movement,road_surface_conditions,light_conditions,weather_conditions,age_of_vehicle,sex_of_driver,age_of_driver,junction_location,junction_detail,junction_control,did_police_officer_attend_scene_of_accident,day_of_week
39746,3,0.0,1.0,1.0,4,1,2.302585092994046,1.0,3.8066624897703196,1.0,3.0,4.0,1.0,5
39749,3,0.0,0.0,1.0,1,1,2.1972245773362196,1.0,3.4339872044851463,8.0,6.0,2.0,1.0,4
39757,3,0.0,0.0,1.0,1,1,3.1780538303479458,1.0,3.332204510175204,8.0,8.0,4.0,1.0,4
39759,3,0.0,0.0,1.0,1,1,2.302585092994046,2.0,3.5263605246161616,1.0,1.0,4.0,1.0,1
39763,3,0.0,0.0,1.0,1,1,0.6931471805599453,1.0,3.5553480614894135,8.0,6.0,4.0,2.0,3
39769,3,0.0,0.0,1.0,1,1,2.3978952727983707,1.0,4.174387269895637,1.0,3.0,4.0,1.0,5
39773,2,0.0,1.0,1.0,1,1,1.3862943611198906,1.0,3.332204510175204,8.0,6.0,2.0,1.0,4
39776,3,0.0,0.0,1.0,1,1,1.0986122886681098,1.0,4.007333185232471,1.0,3.0,4.0,2.0,2
39788,3,0.0,1.0,1.0,1,1,2.1972245773362196,1.0,3.6109179126442243,2.0,3.0,4.0,1.0,7
39789,3,0.0,0.0,1.0,1,1,2.4849066497880004,1.0,4.418840607796598,2.0,3.0,4.0,1.0,5
39792,2,0.0,0.0,1.0,1,1,2.0794415416798357,1.0,3.4965075614664802,8.0,8.0,4.0,1.0,1
39793,3,0.0,0.0,1.0,1,1,1.6094379124341003,1.0,3.784189633918261,1.0,3.0,4.0,1.0,1
39799,3,0.0,0.0,1.0,1,1,2.772588722239781,2.0,3.367295829986474,1.0,3.0,4.0,2.0,3
39803,3,0.0,0.0,1.0,1,1,2.1972245773362196,1.0,3.8501476017100584,8.0,9.0,4.0,1.0,4
39816,3,0.0,0.0,1.0,1,1,2.5649493574615367,1.0,3.091042453358316,8.0,6.0,4.0,1.0,5
39823,2,0.0,0.0,1.0,1,1,0.6931471805599453,1.0,3.6375861597263857,8.0,3.0,4.0,1.0,2
39825,3,0.0,0.0,1.0,1,1,2.3978952727983707,1.0,3.295836866004329,8.0,3.0,4.0,1.0,6
39826,3,0.0,0.0,1.0,1,1,1.0986122886681098,2.0,3.5553480614894135,8.0,8.0,4.0,1.0,3
39828,3,0.0,0.0,1.0,1,1,2.0794415416798357,2.0,3.4965075614664802,1.0,3.0,4.0,1.0,2
39836,3,0.0,0.0,1.0,1,1,2.6390573296152584,1.0,4.02535169073515,8.0,3.0,4.0,1.0,2
39845,3,0.0,0.0,1.0,1,1,1.0986122886681098,2.0,3.367295829986474,8.0,3.0,4.0,1.0,1
39846,3,0.0,0.0,1.0,1,1,1.0986122886681098,1.0,3.9318256327243257,8.0,3.0,4.0,1.0,1
39847,3,0.0,0.0,1.0,1,1,1.791759469228055,1.0,3.091042453358316,8.0,3.0,4.0,1.0,3
39851,3,0.0,0.0,1.0,1,1,2.0794415416798357,1.0,3.9512437185814275,8.0,3.0,4.0,1.0,6
39852,3,0.0,0.0,1.0,1,1,2.302585092994046,1.0,4.189654742026425,8.0,3.0,4.0,1.0,6
39866,3,0.0,0.0,1.0,1,1,2.833213344056216,1.0,3.367295829986474,1.0,6.0,2.0,1.0,3
39870,3,0.0,0.0,1.0,1,1,1.0986122886681098,1.0,3.044522437723423,8.0,6.0,2.0,1.0,3
39871,3,0.0,0.0,2.0,4,2,1.0986122886681098,1.0,4.02535169073515,8.0,3.0,4.0,1.0,1
39873,3,0.0,1.0,1.0,1,1,1.9459101490553132,2.0,3.4965075614664802,8.0,3.0,4.0,1.0,3
39876,3,0.0,0.0,1.0,1,1,1.3862943611198906,1.0,3.6375861597263857,8.0,7.0,4.0,1.0,4
39878,3,0.0,0.0,1.0,1,1,1.0986122886681098,1.0,4.127134385045092,8.0,3.0,4.0,1.0,6
39880,3,0.0,0.0,2.0,1,2,2.4849066497880004,1.0,3.6888794541139363,8.0,3.0,4.0,1.0,4
39883,3,0.0,0.0,1.0,1,1,2.302585092994046,1.0,3.044522437723423,8.0,3.0,4.0,1.0,2
39886,3,0.0,0.0,1.0,1,1,2.833213344056216,2.0,3.8918202981106265,1.0,3.0,2.0,1.0,7
39887,3,0.0,0.0,1.0,1,1,2.833213344056216,2.0,3.8918202981106265,1.0,3.0,2.0,1.0,7
39888,3,0.0,0.0,1.0,1,1,2.70805020110221,2.0,3.9512437185814275,1.0,3.0,2.0,1.0,7
39889,3,0.0,0.0,1.0,1,1,2.4849066497880004,1.0,3.044522437723423,1.0,3.0,2.0,1.0,7
39890,3,0.0,0.0,1.0,1,1,2.0794415416798357,2.0,3.6109179126442243,1.0,3.0,2.0,1.0,7
39893,3,0.0,0.0,1.0,1,1,2.5649493574615367,1.0,3.1354942159291497,1.0,6.0,2.0,1.0,3
39898,3,0.0,0.0,1.0,1,1,2.0794415416798357,2.0,3.713572066704308,8.0,3.0,4.0,1.0,6
39899,3,0.0,0.0,1.0,1,1,2.0794415416798357,2.0,3.713572066704308,8.0,3.0,4.0,1.0,6
39910,3,0.0,0.0,1.0,1,1,1.0986122886681098,1.0,3.4965075614664802,8.0,6.0,4.0,1.0,5
39911,3,0.0,0.0,1.0,1,1,1.0986122886681098,1.0,3.4965075614664802,8.0,6.0,4.0,1.0,5
39912,3,0.0,0.0,1.0,1,1,2.772588722239781,1.0,3.258096538021482,8.0,6.0,4.0,1.0,5
39915,3,0.0,0.0,1.0,1,1,2.302585092994046,1.0,3.044522437723423,8.0,3.0,4.0,2.0,1
39916,3,0.0,0.0,1.0,1,1,2.302585092994046,1.0,3.044522437723423,8.0,3.0,4.0,2.0,1
39922,3,0.0,9.0,1.0,1,1,2.4849066497880004,1.0,3.044522437723423,8.0,3.0,4.0,1.0,4
39923,3,0.0,0.0,1.0,1,1,2.4849066497880004,1.0,3.044522437723423,8.0,3.0,4.0,1.0,4
39929,3,0.0,0.0,1.0,1,1,2.302585092994046,1.0,3.5263605246161616,8.0,7.0,2.0,2.0,7
39930,3,0.0,0.0,1.0,1,1,2.302585092994046,1.0,3.5263605246161616,8.0,7.0,2.0,2.0,7
39932,3,0.0,0.0,1.0,1,1,2.6390573296152584,1.0,2.833213344056216,8.0,2.0,4.0,1.0,1
39933,3,0.0,0.0,1.0,4,1,2.1972245773362196,1.0,3.970291913552122,8.0,3.0,4.0,1.0,1
39934,3,0.0,0.0,1.0,4,1,2.1972245773362196,1.0,3.970291913552122,8.0,3.0,4.0,1.0,1
39936,3,0.0,0.0,1.0,1,1,1.0986122886681098,1.0,3.295836866004329,8.0,3.0,4.0,1.0,7
39938,3,0.0,3.0,2.0,1,2,2.4849066497880004,1.0,3.6109179126442243,8.0,3.0,4.0,1.0,2
39940,3,0.0,0.0,1.0,1,1,1.9459101490553132,1.0,3.6109179126442243,8.0,3.0,4.0,1.0,3
39941,3,0.0,0.0,1.0,1,1,2.0794415416798357,2.0,3.295836866004329,8.0,3.0,2.0,1.0,1
39946,2,0.0,0.0,1.0,1,1,2.0794415416798357,1.0,3.6375861597263857,8.0,3.0,4.0,1.0,7
39954,2,0.0,1.0,2.0,1,2,2.3978952727983707,1.0,3.6888794541139363,8.0,3.0,4.0,1.0,7
39957,3,0.0,0.0,1.0,1,1,2.0794415416798357,1.0,3.6635616461296463,8.0,6.0,4.0,1.0,6
39962,3,0.0,0.0,1.0,4,1,1.791759469228055,1.0,4.189654742026425,8.0,3.0,4.0,1.0,3
39963,3,0.0,0.0,1.0,4,1,2.5649493574615367,1.0,3.1354942159291497,8.0,3.0,4.0,1.0,3
39965,3,0.0,5.0,1.0,1,1,0.6931471805599453,2.0,4.174387269895637,8.0,3.0,4.0,1.0,7
39972,3,0.0,0.0,1.0,1,1,2.833213344056216,1.0,3.367295829986474,8.0,3.0,4.0,1.0,7
39977,3,0.0,0.0,1.0,1,1,1.791759469228055,1.0,4.04305126783455,8.0,6.0,4.0,1.0,7
39978,3,0.0,0.0,1.0,1,1,2.1972245773362196,2.0,4.110873864173311,8.0,6.0,4.0,1.0,7
39989,3,0.0,0.0,1.0,1,1,2.6390573296152584,1.0,3.7376696182833684,8.0,3.0,3.0,1.0,7
39993,3,0.0,1.0,1.0,1,1,2.0794415416798357,2.0,3.8501476017100584,8.0,3.0,4.0,1.0,3
39994,3,0.0,0.0,1.0,1,1,1.9459101490553132,2.0,3.9318256327243257,8.0,2.0,4.0,1.0,6
39998,3,0.0,0.0,1.0,1,1,1.3862943611198906,1.0,3.4965075614664802,8.0,8.0,4.0,1.0,4
39999,3,0.0,0.0,1.0,1,1,1.3862943611198906,1.0,3.4965075614664802,8.0,8.0,4.0,1.0,4
40001,3,0.0,0.0,1.0,1,1,2.3978952727983707,2.0,3.4339872044851463,8.0,3.0,4.0,1.0,6
40003,3,0.0,1.0,1.0,4,1,2.1972245773362196,1.0,4.204692619390966,8.0,3.0,4.0,1.0,1
40005,2,0.0,0.0,1.0,1,1,2.772588722239781,1.0,3.4339872044851463,8.0,5.0,2.0,1.0,1
40011,3,0.0,0.0,1.0,1,1,1.6094379124341003,1.0,3.784189633918261,8.0,3.0,2.0,1.0,2
40015,2,0.0,0.0,1.0,4,1,2.833213344056216,1.0,2.833213344056216,2.0,6.0,4.0,1.0,6
40024,3,0.0,0.0,1.0,4,1,2.302585092994046,1.0,3.7376696182833684,8.0,3.0,4.0,1.0,3
40028,3,0.0,0.0,2.0,1,2,2.0794415416798357,1.0,3.7376696182833684,8.0,3.0,3.0,1.0,3
40031,3,0.0,1.0,1.0,1,1,1.3862943611198906,2.0,3.7376696182833684,8.0,3.0,4.0,1.0,5
40036,3,0.0,0.0,1.0,4,1,2.302585092994046,1.0,3.8918202981106265,8.0,1.0,4.0,1.0,7
40039,3,0.0,0.0,1.0,1,1,2.5649493574615367,1.0,3.828641396489095,8.0,8.0,4.0,1.0,2
40040,3,0.0,0.0,1.0,4,1,1.6094379124341003,1.0,3.044522437723423,8.0,3.0,4.0,1.0,3
40042,3,0.0,0.0,1.0,1,1,1.0986122886681098,1.0,2.995732273553991,8.0,3.0,4.0,1.0,3
40050,3,0.0,0.0,1.0,1,1,1.0986122886681098,1.0,3.871201010907891,8.0,3.0,2.0,2.0,5
40052,3,0.0,1.0,1.0,1,1,2.302585092994046,1.0,3.7612001156935624,8.0,6.0,4.0,1.0,6
40054,3,0.0,0.0,1.0,4,1,1.791759469228055,1.0,3.091042453358316,8.0,3.0,3.0,1.0,3
40055,3,0.0,0.0,1.0,1,1,2.0794415416798357,1.0,3.4965075614664802,8.0,8.0,4.0,1.0,5
40056,3,0.0,0.0,1.0,1,1,2.1972245773362196,2.0,3.295836866004329,8.0,8.0,4.0,1.0,5
40057,3,0.0,0.0,1.0,1,1,2.1972245773362196,2.0,3.295836866004329,8.0,8.0,4.0,1.0,5
40058,3,0.0,0.0,1.0,1,1,2.1972245773362196,2.0,3.295836866004329,8.0,8.0,4.0,1.0,5
40059,3,0.0,0.0,1.0,1,1,2.1972245773362196,2.0,3.295836866004329,8.0,8.0,4.0,1.0,5
40065,3,0.0,0.0,1.0,1,1,1.6094379124341003,1.0,3.091042453358316,8.0,3.0,2.0,1.0,4
40067,3,0.0,0.0,1.0,1,1,1.791759469228055,2.0,3.912023005428146,8.0,3.0,4.0,1.0,5
40070,3,0.0,0.0,1.0,1,1,1.3862943611198906,1.0,3.8918202981106265,8.0,3.0,4.0,1.0,7
40073,3,0.0,1.0,1.0,1,1,1.3862943611198906,1.0,3.8918202981106265,8.0,6.0,4.0,1.0,3
40075,3,0.0,0.0,1.0,1,1,2.302585092994046,2.0,3.9512437185814275,8.0,6.0,4.0,1.0,3
40076,3,0.0,0.0,1.0,4,1,2.9444389791664403,1.0,3.7376696182833684,8.0,3.0,4.0,2.0,1
40080,3,0.0,0.0,1.0,4,1,2.5649493574615367,2.0,3.784189633918261,8.0,3.0,4.0,1.0,6
40081,3,0.0,0.0,1.0,4,1,2.5649493574615367,2.0,3.784189633918261,8.0,3.0,4.0,1.0,6
40082,3,0.0,0.0,1.0,4,1,2.4849066497880004,1.0,3.7376696182833684,8.0,3.0,4.0,1.0,6
40083,3,0.0,0.0,1.0,4,1,2.4849066497880004,1.0,3.7376696182833684,8.0,3.0,4.0,1.0,6
40087,3,0.0,0.0,1.0,1,1,2.0794415416798357,2.0,4.04305126783455,8.0,8.0,4.0,1.0,3
40092,3,0.0,0.0,1.0,1,1,1.6094379124341003,2.0,3.58351893845611,1.0,3.0,4.0,2.0,6
40096,3,0.0,0.0,1.0,4,1,2.1972245773362196,1.0,3.091042453358316,8.0,3.0,4.0,1.0,2
40097,3,0.0,0.0,1.0,4,1,2.1972245773362196,1.0,3.091042453358316,8.0,3.0,4.0,1.0,2
40098,3,0.0,0.0,1.0,4,1,2.1972245773362196,1.0,3.091042453358316,8.0,3.0,4.0,1.0,2
40099,3,0.0,0.0,1.0,4,1,2.3978952727983707,1.0,3.6635616461296463,8.0,3.0,4.0,1.0,2
40101,3,0.0,0.0,1.0,1,1,1.6094379124341003,1.0,3.784189633918261,8.0,3.0,4.0,1.0,3
40104,3,0.0,0.0,1.0,4,1,0.6931471805599453,1.0,3.4339872044851463,8.0,6.0,2.0,1.0,7
40105,3,0.0,0.0,1.0,4,1,2.0794415416798357,1.0,3.58351893845611,8.0,3.0,2.0,1.0,7
40109,3,0.0,0.0,1.0,1,1,2.3978952727983707,2.0,3.295836866004329,8.0,3.0,4.0,1.0,4
40111,3,0.0,0.0,2.0,1,2,1.0986122886681098,1.0,3.332204510175204,8.0,3.0,4.0,1.0,2
40112,3,0.0,0.0,1.0,1,1,2.0794415416798357,1.0,3.8066624897703196,8.0,8.0,4.0,1.0,5
40115,3,0.0,0.0,1.0,4,1,0.6931471805599453,1.0,3.1780538303479458,8.0,3.0,4.0,1.0,4
40116,3,0.0,0.0,1.0,1,1,2.1972245773362196,1.0,3.6635616461296463,8.0,3.0,2.0,1.0,6
40121,3,0.0,0.0,1.0,1,1,2.5649493574615367,1.0,4.007333185232471,1.0,1.0,2.0,1.0,7
40122,3,0.0,0.0,1.0,1,1,1.3862943611198906,1.0,3.332204510175204,1.0,1.0,4.0,1.0,1
40123,3,0.0,0.0,1.0,1,1,1.3862943611198906,1.0,3.332204510175204,1.0,1.0,4.0,1.0,1
40124,3,0.0,0.0,1.0,1,1,1.3862943611198906,1.0,3.332204510175204,1.0,1.0,4.0,1.0,1
40125,3,0.0,0.0,1.0,1,1,0.6931471805599453,1.0,4.02535169073515,1.0,1.0,4.0,1.0,1
40126,3,0.0,0.0,1.0,1,1,2.70805020110221,1.0,3.6109179126442243,1.0,1.0,4.0,1.0,1
40132,3,0.0,0.0,1.0,4,1,2.70805020110221,1.0,3.258096538021482,2.0,1.0,4.0,1.0,4
40146,3,0.0,0.0,1.0,4,1,2.3978952727983707,1.0,3.5553480614894135,8.0,3.0,4.0,1.0,7
40148,3,0.0,0.0,1.0,1,1,2.4849066497880004,1.0,3.091042453358316,8.0,1.0,4.0,1.0,4
40152,2,0.0,1.0,1.0,1,1,2.772588722239781,1.0,4.418840607796598,8.0,3.0,4.0,1.0,4
40155,3,0.0,1.0,1.0,1,1,2.1972245773362196,1.0,4.02535169073515,8.0,3.0,4.0,1.0,5
40158,3,0.0,0.0,1.0,1,1,2.4849066497880004,1.0,3.7376696182833684,8.0,3.0,4.0,1.0,3
40159,3,0.0,0.0,1.0,1,1,2.302585092994046,2.0,3.871201010907891,8.0,3.0,4.0,1.0,3
40160,3,0.0,0.0,1.0,1,1,2.302585092994046,2.0,3.871201010907891,8.0,3.0,4.0,1.0,3
40161,3,0.0,0.0,1.0,1,1,2.302585092994046,2.0,3.871201010907891,8.0,3.0,4.0,1.0,3
40164,3,0.0,0.0,1.0,1,1,0.6931471805599453,2.0,3.4657359027997265,8.0,8.0,4.0,1.0,7
40174,3,0.0,0.0,1.0,1,1,2.5649493574615367,2.0,4.0943445622221,8.0,3.0,4.0,1.0,6
40175,3,0.0,0.0,1.0,1,1,2.5649493574615367,2.0,4.0943445622221,8.0,3.0,4.0,1.0,6
40176,3,0.0,0.0,1.0,1,1,2.3978952727983707,1.0,3.5553480614894135,8.0,3.0,4.0,1.0,6
40180,3,0.0,0.0,1.0,4,1,0.6931471805599453,1.0,3.2188758248682006,1.0,3.0,4.0,1.0,3
40181,3,0.0,0.0,1.0,4,1,2.3978952727983707,1.0,3.7376696182833684,8.0,6.0,4.0,1.0,4
40182,3,0.0,0.0,1.0,4,1,2.3978952727983707,1.0,3.7376696182833684,8.0,6.0,4.0,1.0,4
40184,3,0.0,0.0,1.0,1,1,2.772588722239781,1.0,2.9444389791664403,1.0,3.0,2.0,1.0,4
40185,3,0.0,9.0,1.0,1,1,2.772588722239781,1.0,2.9444389791664403,1.0,3.0,2.0,1.0,4
40187,2,0.0,0.0,1.0,7,9,2.1972245773362196,1.0,3.295836866004329,8.0,3.0,4.0,1.0,4
40191,3,0.0,0.0,1.0,1,1,1.3862943611198906,1.0,3.6888794541139363,8.0,3.0,4.0,1.0,1
40192,3,0.0,0.0,1.0,1,1,1.791759469228055,1.0,4.02535169073515,8.0,3.0,4.0,1.0,1
40196,3,0.0,0.0,1.0,1,1,2.6390573296152584,1.0,3.9318256327243257,8.0,3.0,4.0,1.0,4
40200,3,0.0,0.0,1.0,4,1,2.0794415416798357,2.0,3.1780538303479458,8.0,6.0,2.0,1.0,1
40201,3,0.0,0.0,1.0,4,1,2.0794415416798357,2.0,3.1780538303479458,8.0,6.0,2.0,1.0,1
40202,3,0.0,0.0,1.0,4,1,2.0794415416798357,2.0,3.1780538303479458,8.0,6.0,2.0,1.0,1
40214,3,0.0,0.0,1.0,1,1,1.6094379124341003,1.0,3.6635616461296463,1.0,3.0,2.0,1.0,5
40224,3,0.0,0.0,1.0,4,1,2.6390573296152584,1.0,3.044522437723423,8.0,6.0,2.0,1.0,4
40225,3,0.0,0.0,1.0,7,9,2.302585092994046,1.0,4.02535169073515,8.0,6.0,4.0,1.0,6
40226,3,0.0,0.0,1.0,7,9,2.302585092994046,1.0,4.02535169073515,8.0,6.0,4.0,1.0,6
40232,3,0.0,0.0,2.0,1,8,1.0986122886681098,1.0,3.713572066704308,1.0,2.0,4.0,1.0,5
40233,3,0.0,2.0,2.0,4,2,2.3978952727983707,1.0,3.295836866004329,1.0,3.0,2.0,1.0,5
40236,3,0.0,0.0,2.0,4,8,0.6931471805599453,1.0,3.332204510175204,8.0,8.0,4.0,1.0,2
40242,3,0.0,0.0,2.0,4,2,2.6390573296152584,2.0,3.1780538303479458,8.0,3.0,4.0,1.0,6
40257,3,0.0,0.0,1.0,4,1,2.0794415416798357,1.0,3.6635616461296463,8.0,6.0,2.0,1.0,4
40259,3,0.0,1.0,1.0,4,1,0.6931471805599453,1.0,3.4339872044851463,8.0,3.0,4.0,1.0,4
40263,3,0.0,0.0,1.0,4,1,2.0794415416798357,1.0,3.367295829986474,8.0,3.0,4.0,1.0,3
40264,3,0.0,0.0,1.0,1,1,2.4849066497880004,2.0,3.258096538021482,8.0,1.0,2.0,2.0,4
40273,3,0.0,0.0,1.0,7,9,0.6931471805599453,1.0,3.2188758248682006,2.0,3.0,4.0,1.0,6
40276,3,0.0,0.0,2.0,4,2,1.791759469228055,1.0,3.332204510175204,8.0,3.0,4.0,1.0,5
40279,3,0.0,0.0,1.0,4,1,1.9459101490553132,1.0,4.07753744390572,1.0,3.0,2.0,1.0,3
40286,3,0.0,0.0,1.0,4,1,2.302585092994046,1.0,3.1354942159291497,8.0,3.0,2.0,1.0,2
40287,3,0.0,0.0,1.0,4,1,2.833213344056216,1.0,3.4011973816621555,8.0,3.0,2.0,1.0,2
40288,3,0.0,0.0,1.0,4,1,2.833213344056216,1.0,3.4011973816621555,8.0,3.0,2.0,1.0,2
40290,3,0.0,0.0,1.0,4,1,3.5263605246161616,1.0,2.9444389791664403,8.0,6.0,2.0,1.0,4
40291,3,0.0,2.0,1.0,1,1,0.6931471805599453,1.0,3.871201010907891,1.0,3.0,4.0,1.0,3
40292,3,0.0,0.0,1.0,1,1,2.0794415416798357,1.0,3.4965075614664802,8.0,5.0,2.0,1.0,5
40293,3,0.0,0.0,1.0,1,1,0.6931471805599453,2.0,3.2188758248682006,8.0,5.0,2.0,1.0,5
40294,3,0.0,0.0,2.0,4,1,1.791759469228055,1.0,3.258096538021482,8.0,3.0,4.0,1.0,4
40298,3,0.0,0.0,1.0,1,1,2.4849066497880004,1.0,4.02535169073515,8.0,3.0,2.0,1.0,3
40307,3,0.0,0.0,2.0,4,1,2.0794415416798357,1.0,3.1780538303479458,8.0,6.0,2.0,1.0,7
40308,3,0.0,0.0,2.0,4,1,1.3862943611198906,2.0,3.332204510175204,8.0,6.0,2.0,1.0,7
40309,3,0.0,0.0,2.0,4,1,2.5649493574615367,2.0,3.2188758248682006,8.0,6.0,2.0,1.0,2
40312,3,0.0,0.0,1.0,1,1,2.1972245773362196,1.0,3.9318256327243257,1.0,6.0,2.0,1.0,4
40313,3,0.0,0.0,1.0,1,1,2.1972245773362196,1.0,3.9318256327243257,1.0,6.0,2.0,1.0,4
40314,3,0.0,0.0,2.0,4,2,2.4849066497880004,1.0,3.367295829986474,8.0,1.0,4.0,1.0,6
40316,3,0.0,0.0,1.0,4,1,2.833213344056216,2.0,3.1354942159291497,8.0,6.0,2.0,1.0,6
40317,3,0.0,0.0,1.0,4,1,2.833213344056216,2.0,3.1354942159291497,8.0,6.0,2.0,1.0,6
40319,3,0.0,0.0,1.0,1,1,2.5649493574615367,1.0,3.4339872044851463,1.0,3.0,4.0,1.0,1
40326,3,0.0,0.0,1.0,1,1,2.302585092994046,2.0,3.6888794541139363,8.0,8.0,4.0,1.0,4
40327,3,0.0,2.0,1.0,4,1,2.5649493574615367,1.0,4.127134385045092,2.0,3.0,4.0,1.0,5
40330,3,0.0,0.0,2.0,4,2,1.0986122886681098,1.0,3.912023005428146,8.0,3.0,4.0,1.0,3
40332,3,0.0,0.0,1.0,1,1,0.6931471805599453,1.0,3.6109179126442243,2.0,1.0,4.0,1.0,2
40337,3,0.0,1.0,2.0,4,1,2.70805020110221,1.0,3.713572066704308,8.0,3.0,2.0,1.0,3
40343,3,0.0,0.0,1.0,1,1,1.791759469228055,1.0,3.7376696182833684,8.0,3.0,4.0,2.0,6
40345,3,0.0,0.0,1.0,1,1,2.3978952727983707,1.0,3.367295829986474,8.0,8.0,4.0,2.0,1
40351,3,0.0,1.0,1.0,1,1,1.6094379124341003,1.0,3.713572066704308,8.0,6.0,4.0,1.0,3
40353,3,0.0,0.0,2.0,4,4,2.0794415416798357,1.0,3.58351893845611,8.0,3.0,2.0,1.0,6
40358,3,0.0,0.0,2.0,4,1,1.9459101490553132,1.0,3.044522437723423,8.0,3.0,4.0,1.0,7
40360,3,0.0,0.0,1.0,4,1,1.3862943611198906,1.0,3.044522437723423,8.0,6.0,2.0,2.0,2
40362,3,0.0,0.0,1.0,4,1,2.5649493574615367,1.0,2.995732273553991,8.0,3.0,2.0,1.0,1
40363,3,0.0,0.0,1.0,4,1,2.5649493574615367,1.0,2.995732273553991,8.0,3.0,2.0,1.0,1
40368,2,0.0,0.0,1.0,1,1,2.3978952727983707,1.0,3.332204510175204,8.0,3.0,4.0,2.0,6
40370,3,0.0,0.0,1.0,1,1,2.0794415416798357,1.0,3.332204510175204,8.0,3.0,4.0,2.0,1
40372,3,0.0,0.0,1.0,1,1,1.0986122886681098,2.0,3.091042453358316,2.0,6.0,4.0,2.0,3
40377,3,0.0,0.0,2.0,4,1,0.6931471805599453,1.0,3.332204510175204,8.0,6.0,4.0,1.0,3
40379,3,0.0,0.0,2.0,4,1,2.6390573296152584,1.0,3.1354942159291497,8.0,8.0,4.0,1.0,7
40389,3,0.0,0.0,2.0,4,1,2.4849066497880004,1.0,4.07753744390572,1.0,2.0,4.0,1.0,3
40391,3,0.0,1.0,2.0,4,1,2.4849066497880004,2.0,3.258096538021482,1.0,2.0,4.0,1.0,4
40392,3,0.0,1.0,2.0,4,5,2.1972245773362196,1.0,3.912023005428146,1.0,6.0,2.0,1.0,4
40395,3,0.0,0.0,1.0,4,1,1.3862943611198906,1.0,3.295836866004329,8.0,1.0,4.0,1.0,7
40399,3,0.0,0.0,1.0,1,1,1.791759469228055,1.0,3.9512437185814275,2.0,3.0,4.0,2.0,7
40401,3,0.0,0.0,1.0,4,1,2.3978952727983707,1.0,3.6635616461296463,1.0,3.0,4.0,1.0,2
40402,3,0.0,0.0,2.0,1,1,2.4849066497880004,1.0,3.871201010907891,8.0,3.0,2.0,1.0,5
40403,3,0.0,0.0,2.0,1,1,0.6931471805599453,1.0,3.6109179126442243,8.0,3.0,2.0,1.0,5
40405,3,0.0,0.0,1.0,1,1,1.791759469228055,1.0,3.6888794541139363,1.0,6.0,2.0,1.0,6
40425,3,0.0,0.0,2.0,4,2,0.6931471805599453,1.0,3.1780538303479458,8.0,3.0,4.0,1.0,4
40427,3,0.0,0.0,2.0,4,2,2.3978952727983707,1.0,3.6109179126442243,1.0,3.0,4.0,1.0,4
40437,3,0.0,0.0,1.0,1,1,1.0986122886681098,1.0,3.5553480614894135,8.0,6.0,2.0,1.0,1
40441,3,0.0,0.0,2.0,4,1,2.5649493574615367,2.0,3.332204510175204,8.0,3.0,4.0,1.0,4
40446,3,0.0,0.0,2.0,4,2,1.791759469228055,1.0,3.4965075614664802,8.0,6.0,2.0,1.0,5
40452,2,0.0,9.0,1.0,4,1,0.6931471805599453,1.0,3.295836866004329,8.0,6.0,2.0,1.0,6
40453,3,0.0,0.0,1.0,1,1,2.5649493574615367,1.0,3.4965075614664802,8.0,3.0,4.0,1.0,2
40454,3,0.0,0.0,1.0,1,1,2.5649493574615367,1.0,3.4965075614664802,8.0,3.0,4.0,1.0,2
40456,3,0.0,0.0,2.0,1,2,2.302585092994046,1.0,3.367295829986474,8.0,3.0,4.0,1.0,6
40460,3,0.0,1.0,1.0,4,1,2.1972245773362196,2.0,3.6375861597263857,2.0,3.0,4.0,1.0,1
40468,2,0.0,1.0,1.0,1,4,2.6390573296152584,1.0,4.143134726391533,8.0,3.0,4.0,1.0,6
40469,3,0.0,0.0,1.0,4,1,1.791759469228055,2.0,3.367295829986474,8.0,3.0,4.0,2.0,7
40470,3,0.0,0.0,1.0,4,1,1.791759469228055,2.0,3.367295829986474,8.0,3.0,4.0,2.0,7
40477,3,0.0,0.0,1.0,4,1,2.772588722239781,1.0,3.295836866004329,8.0,8.0,4.0,1.0,3
40479,2,0.0,0.0,1.0,4,1,1.6094379124341003,1.0,3.58351893845611,8.0,6.0,2.0,1.0,4
40482,2,0.0,3.0,1.0,1,1,2.4849066497880004,2.0,3.9512437185814275,8.0,3.0,4.0,1.0,4
40483,3,0.0,0.0,2.0,4,1,0.6931471805599453,1.0,3.6888794541139363,8.0,3.0,4.0,1.0,6
40492,3,0.0,0.0,1.0,1,1,1.3862943611198906,1.0,3.5263605246161616,8.0,3.0,4.0,1.0,1
40493,3,0.0,0.0,1.0,4,1,1.6094379124341003,1.0,3.7376696182833684,1.0,3.0,4.0,2.0,7
40498,3,0.0,0.0,1.0,4,1,1.9459101490553132,1.0,3.044522437723423,8.0,3.0,4.0,1.0,4
40507,3,0.0,0.0,1.0,4,1,1.3862943611198906,1.0,3.044522437723423,8.0,3.0,2.0,1.0,1