accident_severity,special_conditions_at_site,pedestrian_movement,road_surface_conditions,light_conditions,weather_conditions,age_of_vehicle,sex_of_driver,age_of_driver,junction_location,junction_detail,junction_control,did_police_officer_attend_scene_of_accident,day_of_week
40516,3,0.0,0.0,2.0,4,8,1.9459101490553132,1.0,2.9444389791664403,8.0,3.0,4.0,1.0,5
40517,3,0.0,1.0,1.0,1,1,2.4849066497880004,1.0,3.6635616461296463,8.0,3.0,4.0,1.0,2
40518,3,0.0,0.0,1.0,1,1,2.70805020110221,2.0,3.7612001156935624,8.0,3.0,3.0,2.0,4
40520,2,0.0,9.0,2.0,4,1,1.791759469228055,1.0,3.9318256327243257,8.0,6.0,4.0,1.0,5
40522,3,0.0,0.0,1.0,1,1,1.3862943611198906,1.0,3.58351893845611,8.0,3.0,4.0,1.0,1
40523,3,0.0,0.0,1.0,4,1,2.8903717578961645,1.0,3.7612001156935624,8.0,3.0,4.0,1.0,6
40525,3,0.0,3.0,1.0,1,1,1.791759469228055,2.0,4.219507705176107,8.0,8.0,4.0,1.0,5
40526,3,0.0,3.0,1.0,1,1,1.791759469228055,2.0,4.219507705176107,8.0,8.0,4.0,1.0,5
40530,3,0.0,0.0,1.0,4,1,2.302585092994046,1.0,2.995732273553991,8.0,3.0,4.0,1.0,1
40531,3,0.0,0.0,2.0,1,8,1.0986122886681098,1.0,3.295836866004329,8.0,3.0,4.0,1.0,7
40533,3,0.0,0.0,2.0,1,1,2.0794415416798357,1.0,3.5553480614894135,8.0,6.0,2.0,1.0,2
40534,3,0.0,0.0,2.0,1,1,2.0794415416798357,1.0,3.5553480614894135,8.0,6.0,2.0,1.0,2
40536,3,0.0,0.0,1.0,4,1,2.3978952727983707,1.0,3.912023005428146,8.0,3.0,4.0,1.0,3
40547,3,0.0,3.0,1.0,1,4,0.6931471805599453,1.0,3.828641396489095,8.0,6.0,3.0,1.0,5
40548,3,0.0,0.0,1.0,1,1,1.6094379124341003,1.0,3.091042453358316,8.0,3.0,4.0,1.0,1
40549,3,0.0,0.0,1.0,1,1,1.6094379124341003,1.0,3.091042453358316,8.0,3.0,4.0,1.0,1
40552,3,0.0,0.0,2.0,4,2,2.5649493574615367,2.0,3.4657359027997265,8.0,8.0,4.0,1.0,5
40557,2,0.0,0.0,1.0,4,1,1.6094379124341003,2.0,3.295836866004329,8.0,3.0,4.0,1.0,3
40561,3,0.0,0.0,1.0,1,1,2.833213344056216,1.0,4.04305126783455,8.0,3.0,4.0,1.0,1
40563,3,0.0,0.0,1.0,4,1,2.302585092994046,1.0,3.828641396489095,1.0,3.0,4.0,1.0,6
40564,3,0.0,0.0,1.0,4,1,2.302585092994046,1.0,3.828641396489095,1.0,3.0,4.0,1.0,6
40571,3,0.0,0.0,1.0,4,1,0.6931471805599453,1.0,3.4965075614664802,8.0,6.0,2.0,1.0,5
40574,3,0.0,0.0,2.0,1,1,2.302585092994046,1.0,3.6109179126442243,8.0,2.0,4.0,1.0,2
40580,3,0.0,1.0,2.0,4,2,1.9459101490553132,1.0,3.8066624897703196,8.0,3.0,2.0,1.0,7
40581,3,0.0,0.0,2.0,1,1,0.6931471805599453,2.0,3.871201010907891,8.0,6.0,2.0,1.0,3
40582,3,0.0,0.0,1.0,5,1,2.302585092994046,1.0,3.1354942159291497,7.0,3.0,4.0,2.0,4
40587,3,0.0,0.0,2.0,1,2,1.0986122886681098,2.0,3.713572066704308,8.0,3.0,4.0,1.0,4
40591,3,0.0,1.0,1.0,4,1,2.6390573296152584,1.0,3.9512437185814275,8.0,3.0,2.0,1.0,1
40595,3,0.0,0.0,1.0,1,1,0.6931471805599453,1.0,3.4339872044851463,8.0,3.0,4.0,1.0,6
40598,3,0.0,0.0,1.0,1,1,2.302585092994046,1.0,3.295836866004329,8.0,7.0,2.0,1.0,4
40602,3,0.0,0.0,2.0,4,1,1.791759469228055,1.0,3.295836866004329,8.0,3.0,4.0,1.0,1
40604,3,0.0,0.0,1.0,4,8,2.70805020110221,1.0,2.9444389791664403,8.0,3.0,4.0,1.0,4
40605,3,0.0,0.0,1.0,4,8,2.70805020110221,1.0,2.9444389791664403,8.0,3.0,4.0,1.0,4
40607,3,0.0,0.0,1.0,1,1,2.3978952727983707,1.0,3.58351893845611,8.0,3.0,4.0,1.0,6
40611,3,0.0,0.0,1.0,1,1,2.302585092994046,1.0,3.1780538303479458,8.0,3.0,4.0,1.0,7
40614,3,0.0,0.0,2.0,1,5,1.9459101490553132,1.0,3.4657359027997265,1.0,3.0,4.0,1.0,1
40615,3,0.0,0.0,1.0,4,1,2.995732273553991,1.0,4.2626798770413155,8.0,6.0,4.0,1.0,7
40616,3,0.0,0.0,1.0,4,1,2.995732273553991,1.0,4.2626798770413155,8.0,6.0,4.0,1.0,7
40620,3,0.0,0.0,1.0,4,1,1.3862943611198906,2.0,3.5263605246161616,8.0,3.0,2.0,2.0,7
40627,3,0.0,0.0,1.0,1,1,0.6931471805599453,1.0,3.7612001156935624,8.0,3.0,4.0,1.0,4
40628,3,0.0,0.0,1.0,4,1,1.6094379124341003,1.0,3.6375861597263857,8.0,3.0,4.0,1.0,7
40630,3,0.0,0.0,2.0,1,1,2.1972245773362196,1.0,3.713572066704308,8.0,3.0,2.0,1.0,2
40634,3,0.0,9.0,1.0,1,1,2.3978952727983707,1.0,3.58351893845611,1.0,3.0,4.0,1.0,6
40639,3,0.0,0.0,1.0,1,1,1.6094379124341003,1.0,3.871201010907891,8.0,6.0,2.0,1.0,3
40649,3,0.0,0.0,1.0,1,1,1.0986122886681098,1.0,3.713572066704308,8.0,3.0,4.0,1.0,1
40656,3,0.0,3.0,1.0,1,1,0.6931471805599453,2.0,3.5263605246161616,8.0,3.0,2.0,2.0,3
40660,3,0.0,0.0,1.0,1,1,2.5649493574615367,1.0,4.276666119016055,8.0,3.0,4.0,1.0,7
40661,3,0.0,0.0,1.0,1,1,2.5649493574615367,1.0,4.276666119016055,8.0,3.0,4.0,1.0,7
40663,3,0.0,0.0,2.0,1,2,2.302585092994046,1.0,2.8903717578961645,8.0,3.0,4.0,1.0,3
40666,2,0.0,0.0,1.0,1,1,2.6390573296152584,1.0,3.713572066704308,8.0,3.0,4.0,1.0,4
40672,3,0.0,0.0,1.0,1,1,3.4657359027997265,1.0,3.9318256327243257,1.0,6.0,2.0,1.0,6
40678,3,0.0,0.0,1.0,4,1,2.833213344056216,1.0,3.6635616461296463,8.0,6.0,2.0,1.0,6
40679,3,0.0,0.0,1.0,4,1,1.9459101490553132,1.0,3.6635616461296463,8.0,6.0,2.0,1.0,6
40680,3,0.0,0.0,1.0,1,1,1.791759469228055,1.0,2.995732273553991,2.0,5.0,4.0,1.0,6
40681,3,0.0,0.0,1.0,1,1,2.302585092994046,1.0,3.295836866004329,8.0,8.0,4.0,1.0,2
40683,3,0.0,1.0,1.0,4,1,2.70805020110221,2.0,3.9318256327243257,8.0,3.0,4.0,1.0,6
40692,3,0.0,3.0,1.0,1,1,2.0794415416798357,2.0,3.5263605246161616,8.0,3.0,4.0,1.0,4
40693,3,0.0,1.0,1.0,1,1,2.3978952727983707,1.0,3.8066624897703196,8.0,3.0,4.0,1.0,3
40696,3,0.0,3.0,2.0,4,1,2.302585092994046,1.0,3.295836866004329,8.0,6.0,2.0,1.0,3
40697,2,0.0,1.0,1.0,1,1,2.4849066497880004,1.0,3.9318256327243257,8.0,3.0,4.0,1.0,5
40699,3,0.0,0.0,1.0,1,1,2.1972245773362196,1.0,3.5263605246161616,8.0,3.0,4.0,1.0,5
40707,3,0.0,0.0,1.0,4,1,2.3978952727983707,1.0,3.713572066704308,8.0,3.0,4.0,1.0,1
40708,3,0.0,0.0,1.0,4,1,2.3978952727983707,1.0,3.713572066704308,8.0,3.0,4.0,1.0,1
40709,3,0.0,0.0,1.0,4,1,2.3978952727983707,1.0,3.713572066704308,8.0,3.0,4.0,1.0,1
40710,3,0.0,0.0,1.0,4,1,2.3978952727983707,1.0,3.713572066704308,8.0,3.0,4.0,1.0,1
40711,3,0.0,0.0,1.0,4,1,2.3978952727983707,1.0,3.4011973816621555,8.0,3.0,4.0,1.0,1
40718,3,0.0,1.0,1.0,1,1,2.1972245773362196,2.0,3.58351893845611,8.0,3.0,2.0,1.0,3
40722,3,0.0,0.0,1.0,1,1,2.1972245773362196,1.0,3.258096538021482,8.0,7.0,4.0,1.0,2
40725,3,0.0,0.0,1.0,1,1,1.0986122886681098,1.0,3.9889840465642745,8.0,3.0,4.0,1.0,3
40728,3,0.0,9.0,1.0,1,1,2.4849066497880004,1.0,3.1354942159291497,8.0,3.0,4.0,1.0,7
40730,3,0.0,1.0,1.0,1,1,2.1972245773362196,2.0,4.23410650459726,8.0,3.0,4.0,1.0,1
40747,2,0.0,0.0,1.0,4,1,0.6931471805599453,1.0,3.5263605246161616,1.0,3.0,2.0,1.0,4
40752,3,0.0,0.0,1.0,4,1,1.9459101490553132,1.0,3.1354942159291497,1.0,3.0,4.0,1.0,6
40754,3,0.0,0.0,1.0,1,1,2.8903717578961645,2.0,4.276666119016055,1.0,6.0,2.0,2.0,6
40759,3,0.0,0.0,1.0,1,1,2.3978952727983707,1.0,3.6375861597263857,8.0,1.0,4.0,1.0,2
40766,3,0.0,0.0,1.0,1,1,2.0794415416798357,1.0,4.02535169073515,8.0,2.0,4.0,1.0,1
40767,3,0.0,0.0,1.0,1,1,1.3862943611198906,1.0,3.258096538021482,1.0,3.0,4.0,1.0,2
40770,3,0.0,0.0,1.0,1,1,1.791759469228055,2.0,3.367295829986474,2.0,3.0,2.0,1.0,6
40771,3,0.0,0.0,1.0,1,1,2.1972245773362196,1.0,3.091042453358316,8.0,3.0,2.0,1.0,1
40778,3,0.0,1.0,2.0,1,2,2.302585092994046,1.0,3.7376696182833684,1.0,6.0,2.0,1.0,5
40779,3,0.0,0.0,1.0,1,1,0.6931471805599453,1.0,4.110873864173311,8.0,3.0,2.0,1.0,2
40781,3,0.0,1.0,2.0,4,1,1.9459101490553132,1.0,3.784189633918261,8.0,3.0,4.0,1.0,1
40788,3,0.0,0.0,1.0,4,1,2.0794415416798357,1.0,3.295836866004329,1.0,3.0,4.0,1.0,6
40794,3,0.0,0.0,1.0,1,1,1.3862943611198906,2.0,4.189654742026425,8.0,3.0,2.0,1.0,6
40795,3,0.0,0.0,1.0,1,1,1.3862943611198906,2.0,4.189654742026425,8.0,3.0,2.0,1.0,6
40797,3,0.0,1.0,1.0,1,1,0.6931471805599453,2.0,3.713572066704308,1.0,6.0,2.0,1.0,3
40800,3,0.0,0.0,2.0,1,1,2.1972245773362196,2.0,3.713572066704308,2.0,3.0,4.0,1.0,5
40806,3,0.0,0.0,1.0,1,1,1.0986122886681098,1.0,4.060443010546419,2.0,3.0,2.0,1.0,2
40809,2,0.0,3.0,1.0,4,1,1.6094379124341003,1.0,3.9318256327243257,1.0,6.0,2.0,1.0,2
40814,3,0.0,0.0,1.0,1,1,1.0986122886681098,1.0,3.4011973816621555,1.0,3.0,4.0,1.0,4
40822,3,0.0,0.0,1.0,1,1,0.6931471805599453,2.0,4.1588830833596715,8.0,3.0,2.0,1.0,7
40825,3,0.0,0.0,1.0,1,1,2.4849066497880004,1.0,3.1780538303479458,8.0,3.0,4.0,1.0,7
40826,3,0.0,0.0,1.0,1,1,2.4849066497880004,1.0,3.1780538303479458,8.0,3.0,4.0,1.0,7
40828,3,0.0,0.0,2.0,1,2,2.3978952727983707,2.0,4.143134726391533,8.0,8.0,4.0,1.0,6
40835,3,0.0,0.0,1.0,4,1,1.6094379124341003,1.0,3.6635616461296463,1.0,3.0,4.0,2.0,7
40844,3,0.0,0.0,1.0,1,1,1.0986122886681098,2.0,3.295836866004329,8.0,3.0,4.0,1.0,2
40849,3,0.0,0.0,1.0,4,1,2.3978952727983707,1.0,3.6109179126442243,8.0,8.0,4.0,1.0,7
40860,3,0.0,0.0,1.0,1,1,1.6094379124341003,1.0,3.258096538021482,8.0,3.0,4.0,1.0,7
40877,3,0.0,0.0,1.0,1,1,2.0794415416798357,1.0,3.6888794541139363,1.0,3.0,2.0,1.0,1
40885,3,0.0,0.0,1.0,1,1,2.0794415416798357,1.0,3.2188758248682006,8.0,8.0,4.0,1.0,3
40889,3,0.0,0.0,1.0,1,1,2.0794415416798357,1.0,3.713572066704308,8.0,3.0,2.0,1.0,6
40898,3,0.0,1.0,1.0,1,1,2.5649493574615367,1.0,3.713572066704308,8.0,3.0,4.0,1.0,1
40906,3,0.0,0.0,2.0,4,2,2.302585092994046,1.0,3.1354942159291497,8.0,8.0,4.0,1.0,7
40919,3,0.0,0.0,1.0,1,1,1.6094379124341003,1.0,3.4011973816621555,8.0,6.0,4.0,1.0,7
40920,3,0.0,3.0,1.0,1,1,1.3862943611198906,1.0,3.4657359027997265,8.0,3.0,4.0,1.0,7
40921,3,0.0,0.0,1.0,4,1,1.791759469228055,1.0,3.258096538021482,2.0,3.0,4.0,2.0,5
40924,2,0.0,0.0,1.0,1,1,2.772588722239781,1.0,3.7612001156935624,8.0,3.0,4.0,1.0,5
40925,3,0.0,0.0,1.0,1,1,2.70805020110221,1.0,4.04305126783455,8.0,3.0,4.0,1.0,2
40926,3,0.0,0.0,1.0,1,1,2.70805020110221,2.0,4.204692619390966,8.0,3.0,4.0,1.0,2
40930,3,0.0,0.0,1.0,1,1,1.3862943611198906,1.0,4.060443010546419,1.0,3.0,4.0,1.0,4
40931,3,0.0,1.0,1.0,1,1,1.3862943611198906,1.0,4.060443010546419,1.0,3.0,4.0,1.0,4
40936,2,0.0,0.0,2.0,4,2,1.6094379124341003,1.0,3.5553480614894135,8.0,3.0,2.0,1.0,2
40937,2,0.0,0.0,2.0,4,2,2.302585092994046,1.0,3.912023005428146,8.0,3.0,2.0,1.0,2
40938,2,0.0,0.0,2.0,4,2,2.302585092994046,1.0,3.912023005428146,8.0,3.0,2.0,1.0,2
40943,3,0.0,1.0,1.0,1,1,2.302585092994046,1.0,4.0943445622221,8.0,3.0,4.0,1.0,4
40948,3,0.0,0.0,1.0,1,1,1.791759469228055,1.0,3.5263605246161616,8.0,7.0,2.0,1.0,2
40949,3,0.0,0.0,1.0,1,1,2.0794415416798357,1.0,3.2188758248682006,8.0,7.0,2.0,1.0,2
40953,2,0.0,0.0,1.0,1,1,0.6931471805599453,1.0,3.6375861597263857,8.0,8.0,4.0,1.0,6
40971,3,0.0,3.0,1.0,1,1,1.6094379124341003,1.0,3.6109179126442243,8.0,3.0,4.0,1.0,6
40977,3,0.0,0.0,2.0,1,2,2.6390573296152584,2.0,3.58351893845611,8.0,3.0,4.0,2.0,5
40980,3,0.0,0.0,1.0,1,1,2.6390573296152584,1.0,3.9318256327243257,8.0,6.0,2.0,1.0,2
40981,3,0.0,0.0,1.0,4,1,0.6931471805599453,1.0,3.6109179126442243,8.0,3.0,4.0,1.0,7
40984,3,0.0,0.0,1.0,1,1,1.6094379124341003,2.0,3.295836866004329,8.0,3.0,4.0,1.0,4
40988,3,0.0,0.0,2.0,1,2,1.3862943611198906,1.0,3.091042453358316,8.0,3.0,4.0,1.0,5
40991,2,0.0,0.0,2.0,1,2,2.3978952727983707,1.0,3.8066624897703196,8.0,3.0,3.0,1.0,5
40996,3,0.0,0.0,1.0,1,1,2.4849066497880004,2.0,3.4011973816621555,8.0,6.0,4.0,2.0,3
41005,3,0.0,0.0,2.0,1,1,2.0794415416798357,1.0,3.6635616461296463,8.0,2.0,4.0,1.0,3
41006,3,0.0,0.0,2.0,1,1,2.302585092994046,1.0,3.4011973816621555,8.0,2.0,4.0,1.0,3
41011,3,0.0,0.0,1.0,1,1,0.6931471805599453,1.0,3.1354942159291497,8.0,3.0,4.0,1.0,2
41013,3,0.0,2.0,1.0,1,1,2.302585092994046,2.0,3.5553480614894135,8.0,2.0,4.0,1.0,7
41021,3,0.0,0.0,1.0,1,1,2.302585092994046,1.0,3.1780538303479458,8.0,6.0,2.0,1.0,3
41024,3,0.0,0.0,1.0,1,1,1.9459101490553132,2.0,3.8066624897703196,8.0,3.0,4.0,2.0,4
41026,3,0.0,0.0,1.0,4,1,1.9459101490553132,1.0,3.6888794541139363,8.0,7.0,2.0,1.0,7
41030,3,0.0,0.0,1.0,1,1,2.3978952727983707,1.0,3.6109179126442243,8.0,3.0,4.0,1.0,5
41033,3,0.0,0.0,1.0,1,1,2.1972245773362196,1.0,3.4657359027997265,8.0,7.0,2.0,1.0,6
41040,3,0.0,0.0,1.0,1,1,0.6931471805599453,1.0,3.1780538303479458,8.0,3.0,2.0,2.0,7
41048,3,0.0,0.0,1.0,1,1,1.3862943611198906,1.0,3.912023005428146,8.0,3.0,3.0,1.0,2
41054,3,0.0,0.0,1.0,1,1,1.6094379124341003,1.0,3.9318256327243257,8.0,2.0,4.0,2.0,3
41056,3,0.0,0.0,1.0,4,1,2.833213344056216,1.0,4.143134726391533,8.0,3.0,4.0,2.0,7
41060,3,0.0,0.0,1.0,1,1,2.995732273553991,1.0,3.7376696182833684,1.0,3.0,4.0,1.0,1
41061,3,0.0,0.0,1.0,1,1,2.995732273553991,1.0,3.7376696182833684,1.0,3.0,4.0,1.0,1
41067,3,0.0,0.0,1.0,1,1,0.6931471805599453,1.0,3.58351893845611,8.0,3.0,4.0,2.0,5
41077,3,0.0,0.0,1.0,1,1,2.4849066497880004,1.0,3.1354942159291497,8.0,6.0,4.0,1.0,3
41083,3,0.0,0.0,1.0,1,1,2.772588722239781,1.0,3.9512437185814275,8.0,3.0,4.0,1.0,7
41086,2,0.0,0.0,1.0,4,1,2.6390573296152584,1.0,4.465908118654584,8.0,3.0,4.0,1.0,2
41087,3,0.0,0.0,1.0,1,1,1.791759469228055,1.0,3.332204510175204,8.0,3.0,4.0,1.0,3
41103,3,0.0,0.0,1.0,1,1,2.70805020110221,2.0,3.9318256327243257,8.0,3.0,4.0,1.0,2
41109,3,0.0,0.0,1.0,1,1,2.4849066497880004,1.0,3.4011973816621555,8.0,3.0,4.0,1.0,6
41112,3,0.0,0.0,1.0,1,1,1.6094379124341003,1.0,4.07753744390572,8.0,1.0,2.0,1.0,4
41114,3,0.0,0.0,1.0,4,1,1.3862943611198906,1.0,3.9512437185814275,8.0,8.0,4.0,1.0,6
41132,3,0.0,0.0,1.0,1,1,2.302585092994046,2.0,4.204692619390966,1.0,3.0,4.0,1.0,2
41135,3,0.0,0.0,1.0,1,1,2.6390573296152584,1.0,3.8066624897703196,8.0,6.0,2.0,1.0,2
41137,3,0.0,0.0,1.0,4,1,2.302585092994046,1.0,2.995732273553991,8.0,3.0,4.0,1.0,6
41139,3,0.0,0.0,1.0,1,1,2.1972245773362196,1.0,3.9889840465642745,8.0,3.0,4.0,1.0,5
41143,3,0.0,0.0,1.0,1,1,1.791759469228055,1.0,4.330733340286331,8.0,8.0,4.0,1.0,4
41157,3,0.0,0.0,1.0,1,1,1.791759469228055,1.0,3.5263605246161616,2.0,3.0,4.0,1.0,1
41158,3,0.0,0.0,1.0,4,1,0.6931471805599453,1.0,3.367295829986474,8.0,3.0,4.0,1.0,1
41162,3,0.0,0.0,1.0,1,1,1.6094379124341003,1.0,3.4011973816621555,8.0,3.0,4.0,1.0,3
41168,3,0.0,0.0,1.0,1,1,3.295836866004329,1.0,3.6375861597263857,8.0,6.0,2.0,1.0,4
41180,3,0.0,0.0,1.0,1,1,2.833213344056216,1.0,4.1588830833596715,8.0,3.0,2.0,1.0,5
41191,3,0.0,0.0,1.0,1,1,2.4849066497880004,2.0,3.9512437185814275,8.0,3.0,4.0,1.0,4
41199,3,0.0,0.0,1.0,1,1,2.833213344056216,1.0,3.713572066704308,2.0,7.0,2.0,1.0,3
41201,3,0.0,0.0,1.0,1,1,2.4849066497880004,2.0,4.04305126783455,8.0,3.0,4.0,1.0,6
41202,3,0.0,0.0,1.0,1,1,2.6390573296152584,2.0,3.4657359027997265,8.0,3.0,4.0,1.0,6
41206,3,0.0,0.0,1.0,1,1,0.6931471805599453,1.0,3.367295829986474,8.0,3.0,4.0,1.0,5
41208,3,0.0,9.0,1.0,1,1,0.6931471805599453,1.0,3.6635616461296463,8.0,3.0,4.0,1.0,3
41211,3,0.0,0.0,1.0,1,1,1.9459101490553132,1.0,2.995732273553991,8.0,1.0,2.0,1.0,4
41212,3,0.0,0.0,1.0,1,1,1.9459101490553132,1.0,2.995732273553991,8.0,1.0,2.0,1.0,4
41213,3,0.0,0.0,1.0,1,1,1.9459101490553132,1.0,2.995732273553991,8.0,1.0,2.0,1.0,4
41214,3,0.0,0.0,1.0,1,1,1.9459101490553132,1.0,2.995732273553991,8.0,1.0,2.0,1.0,4
41216,3,0.0,0.0,1.0,1,1,1.9459101490553132,1.0,3.784189633918261,8.0,6.0,2.0,2.0,6
41217,3,0.0,0.0,1.0,1,1,1.9459101490553132,1.0,3.784189633918261,8.0,6.0,2.0,2.0,6
41233,3,0.0,0.0,1.0,1,1,2.1972245773362196,1.0,3.4011973816621555,8.0,6.0,2.0,2.0,6
41239,3,0.0,0.0,1.0,1,1,1.6094379124341003,2.0,3.9889840465642745,8.0,3.0,4.0,1.0,1
41243,2,0.0,0.0,1.0,4,1,2.4849066497880004,1.0,3.6635616461296463,8.0,3.0,2.0,1.0,1
41244,3,0.0,0.0,1.0,1,1,1.0986122886681098,1.0,3.295836866004329,8.0,3.0,4.0,1.0,7
41245,3,0.0,0.0,1.0,1,1,1.0986122886681098,1.0,3.295836866004329,8.0,3.0,4.0,1.0,7
41249,3,0.0,9.0,1.0,1,1,2.4849066497880004,1.0,3.6375861597263857,1.0,3.0,4.0,1.0,7
41252,3,0.0,0.0,1.0,1,1,0.6931471805599453,1.0,2.9444389791664403,8.0,3.0,4.0,1.0,3
41254,3,0.0,0.0,1.0,1,1,2.302585092994046,2.0,3.4657359027997265,8.0,6.0,4.0,1.0,5
41257,3,0.0,0.0,1.0,1,1,2.3978952727983707,1.0,3.332204510175204,8.0,3.0,4.0,1.0,7
41258,3,0.0,0.0,1.0,1,1,2.3978952727983707,1.0,3.332204510175204,8.0,3.0,4.0,1.0,7
41268,3,0.0,0.0,1.0,4,1,1.0986122886681098,1.0,3.2188758248682006,1.0,6.0,2.0,1.0,7
41270,3,0.0,0.0,1.0,1,1,2.6390573296152584,1.0,3.1354942159291497,8.0,3.0,4.0,2.0,2
41272,3,0.0,0.0,1.0,1,1,1.6094379124341003,1.0,3.258096538021482,8.0,6.0,2.0,1.0,7
41280,3,0.0,0.0,1.0,4,1,0.6931471805599453,1.0,3.2188758248682006,8.0,6.0,2.0,1.0,6
41283,3,0.0,0.0,1.0,4,1,2.8903717578961645,1.0,3.1780538303479458,1.0,6.0,2.0,1.0,1
41285,3,0.0,9.0,1.0,4,1,2.1972245773362196,1.0,3.5553480614894135,1.0,3.0,2.0,2.0,3
41287,3,0.0,0.0,1.0,4,1,1.6094379124341003,1.0,3.6888794541139363,8.0,6.0,2.0,1.0,1
41289,3,0.0,0.0,2.0,1,1,1.0986122886681098,1.0,3.091042453358316,8.0,3.0,4.0,1.0,1
41290,3,0.0,0.0,1.0,4,1,2.302585092994046,1.0,3.58351893845611,8.0,3.0,2.0,1.0,1
41291,3,0.0,0.0,1.0,4,1,0.6931471805599453,1.0,4.04305126783455,8.0,3.0,2.0,1.0,1
41293,3,0.0,0.0,1.0,1,1,2.0794415416798357,1.0,3.367295829986474,8.0,3.0,4.0,1.0,4
41300,3,0.0,3.0,1.0,1,1,0.6931471805599453,1.0,4.127134385045092,8.0,3.0,4.0,1.0,7
41307,2,0.0,0.0,1.0,1,1,1.3862943611198906,1.0,3.332204510175204,8.0,3.0,4.0,1.0,3
41309,3,0.0,0.0,1.0,1,1,2.1972245773362196,1.0,3.2188758248682006,8.0,3.0,4.0,1.0,7
41311,3,0.0,0.0,1.0,1,1,2.70805020110221,2.0,3.4011973816621555,8.0,3.0,4.0,1.0,2
41312,3,0.0,0.0,1.0,1,1,1.0986122886681098,1.0,3.9512437185814275,8.0,3.0,4.0,1.0,2
41314,3,0.0,0.0,1.0,1,1,2.4849066497880004,1.0,3.713572066704308,2.0,3.0,4.0,2.0,2
41316,3,0.0,0.0,1.0,1,1,2.1972245773362196,1.0,3.295836866004329,8.0,3.0,4.0,1.0,7
41317,3,0.0,0.0,1.0,1,1,2.1972245773362196,1.0,3.295836866004329,8.0,3.0,4.0,1.0,7
41318,3,0.0,0.0,1.0,4,1,1.0986122886681098,1.0,3.4965075614664802,8.0,6.0,2.0,2.0,1
41320,3,0.0,0.0,1.0,1,1,2.1972245773362196,1.0,3.9318256327243257,8.0,3.0,2.0,1.0,3
41324,3,0.0,0.0,1.0,1,1,2.3978952727983707,1.0,3.091042453358316,8.0,3.0,4.0,1.0,6
41325,3,0.0,0.0,1.0,4,1,1.9459101490553132,1.0,3.1354942159291497,8.0,3.0,2.0,1.0,1
41329,3,0.0,1.0,1.0,1,1,2.70805020110221,2.0,3.4657359027997265,1.0,3.0,4.0,1.0,3
41337,3,0.0,0.0,1.0,1,1,2.0794415416798357,2.0,3.7612001156935624,8.0,6.0,4.0,1.0,5
41338,3,0.0,0.0,1.0,4,1,2.1972245773362196,1.0,2.995732273553991,8.0,3.0,4.0,1.0,3
41341,2,0.0,0.0,1.0,1,1,2.995732273553991,1.0,3.9512437185814275,2.0,3.0,4.0,1.0,2
41348,2,0.0,0.0,1.0,1,1,2.1972245773362196,1.0,4.04305126783455,8.0,6.0,2.0,1.0,5
41356,3,0.0,1.0,1.0,1,1,1.0986122886681098,1.0,3.5263605246161616,1.0,3.0,4.0,1.0,6
41358,3,0.0,0.0,1.0,1,1,2.0794415416798357,1.0,3.7376696182833684,8.0,6.0,2.0,1.0,2
41359,3,0.0,0.0,2.0,1,2,1.9459101490553132,1.0,3.4657359027997265,8.0,3.0,4.0,1.0,4
41364,3,0.0,0.0,1.0,1,1,1.3862943611198906,2.0,3.6375861597263857,8.0,6.0,2.0,1.0,7
41366,3,0.0,0.0,1.0,4,1,1.9459101490553132,1.0,3.1780538303479458,2.0,3.0,4.0,1.0,6
41367,3,0.0,0.0,1.0,1,1,2.302585092994046,1.0,3.784189633918261,8.0,3.0,4.0,1.0,6
41371,3,0.0,0.0,1.0,1,1,2.4849066497880004,1.0,3.5263605246161616,8.0,3.0,4.0,1.0,2
41380,3,0.0,0.0,1.0,1,1,1.9459101490553132,1.0,3.713572066704308,8.0,3.0,4.0,1.0,4
41384,3,0.0,0.0,1.0,1,1,0.6931471805599453,1.0,3.044522437723423,8.0,6.0,4.0,1.0,5
41385,3,0.0,0.0,1.0,4,1,2.1972245773362196,1.0,3.8066624897703196,8.0,3.0,4.0,1.0,5
41392,3,0.0,0.0,1.0,4,1,1.9459101490553132,1.0,3.970291913552122,8.0,6.0,2.0,1.0,3
41394,3,0.0,0.0,1.0,1,1,1.6094379124341003,1.0,3.6635616461296463,8.0,6.0,4.0,1.0,1
41398,3,0.0,0.0,1.0,1,1,2.1972245773362196,1.0,3.871201010907891,8.0,3.0,4.0,1.0,3
41406,3,0.0,0.0,1.0,1,1,2.5649493574615367,1.0,4.007333185232471,8.0,3.0,4.0,1.0,5
41409,3,0.0,0.0,1.0,1,1,1.0986122886681098,1.0,3.4339872044851463,8.0,6.0,4.0,1.0,4
41412,3,0.0,0.0,2.0,1,2,2.302585092994046,2.0,4.174387269895637,8.0,1.0,2.0,1.0,6