accident_severity,special_conditions_at_site,pedestrian_movement,road_surface_conditions,light_conditions,weather_conditions,age_of_vehicle,sex_of_driver,age_of_driver,junction_location,junction_detail,junction_control,did_police_officer_attend_scene_of_accident,day_of_week
41416,3,0.0,0.0,1.0,1,1,1.0986122886681098,1.0,3.6635616461296463,8.0,3.0,4.0,1.0,2
41417,3,0.0,0.0,1.0,1,1,1.3862943611198906,1.0,3.6109179126442243,8.0,3.0,4.0,1.0,3
41424,3,0.0,0.0,1.0,1,1,2.302585092994046,1.0,4.0943445622221,1.0,3.0,4.0,1.0,1
41425,3,0.0,0.0,1.0,1,1,1.791759469228055,1.0,3.5263605246161616,8.0,3.0,4.0,1.0,7
41427,3,0.0,0.0,1.0,1,1,2.5649493574615367,2.0,3.713572066704308,8.0,3.0,4.0,1.0,7
41428,3,0.0,0.0,1.0,1,1,2.5649493574615367,2.0,3.713572066704308,8.0,3.0,4.0,1.0,7
41435,3,0.0,0.0,1.0,4,1,2.3978952727983707,1.0,2.8903717578961645,8.0,3.0,4.0,1.0,7
41442,3,0.0,0.0,1.0,4,1,2.3978952727983707,1.0,3.58351893845611,2.0,6.0,4.0,1.0,4
41447,3,0.0,0.0,1.0,1,1,1.3862943611198906,1.0,3.258096538021482,8.0,6.0,4.0,1.0,4
41450,3,0.0,0.0,1.0,1,1,2.1972245773362196,1.0,3.8501476017100584,8.0,3.0,4.0,1.0,3
41459,3,0.0,0.0,1.0,4,1,1.9459101490553132,1.0,3.258096538021482,8.0,6.0,2.0,1.0,5
41463,3,0.0,0.0,1.0,4,1,2.0794415416798357,1.0,3.044522437723423,8.0,6.0,2.0,1.0,2
41466,3,0.0,0.0,1.0,1,1,1.791759469228055,2.0,3.828641396489095,8.0,6.0,4.0,1.0,3
41467,3,0.0,0.0,1.0,1,1,2.833213344056216,1.0,3.871201010907891,8.0,6.0,4.0,1.0,3
41469,2,0.0,0.0,1.0,1,1,1.3862943611198906,1.0,3.9512437185814275,8.0,6.0,4.0,1.0,4
41470,2,0.0,0.0,1.0,1,1,2.1972245773362196,1.0,3.7376696182833684,1.0,6.0,4.0,1.0,5
41471,3,0.0,0.0,1.0,1,1,1.9459101490553132,1.0,3.784189633918261,8.0,3.0,4.0,1.0,3
41472,3,0.0,0.0,1.0,1,1,1.9459101490553132,1.0,3.784189633918261,8.0,3.0,4.0,1.0,3
41481,3,0.0,0.0,1.0,1,1,2.3978952727983707,1.0,3.4011973816621555,8.0,3.0,2.0,1.0,1
41483,3,0.0,0.0,1.0,1,1,2.9444389791664403,1.0,3.5553480614894135,8.0,3.0,4.0,1.0,3
41491,3,0.0,0.0,1.0,1,1,2.1972245773362196,1.0,3.4339872044851463,8.0,6.0,2.0,1.0,6
41494,3,0.0,0.0,1.0,4,1,1.0986122886681098,1.0,3.1780538303479458,8.0,3.0,4.0,1.0,4
41497,3,0.0,0.0,1.0,1,1,2.3978952727983707,1.0,4.219507705176107,8.0,3.0,2.0,1.0,7
41498,3,0.0,0.0,1.0,1,1,0.6931471805599453,1.0,3.258096538021482,8.0,3.0,2.0,2.0,7
41502,3,0.0,0.0,1.0,1,1,2.1972245773362196,1.0,3.367295829986474,8.0,3.0,4.0,2.0,4
41507,2,0.0,0.0,1.0,4,1,2.0794415416798357,1.0,3.5263605246161616,8.0,6.0,4.0,1.0,2
41508,3,0.0,0.0,1.0,1,1,1.9459101490553132,1.0,3.8066624897703196,8.0,6.0,4.0,2.0,2
41510,2,0.0,0.0,1.0,4,1,0.6931471805599453,1.0,3.367295829986474,8.0,3.0,4.0,1.0,1
41512,3,0.0,0.0,1.0,1,1,2.1972245773362196,1.0,3.6375861597263857,8.0,8.0,4.0,2.0,5
41513,3,0.0,0.0,1.0,1,1,2.1972245773362196,1.0,3.6375861597263857,8.0,8.0,4.0,2.0,5
41516,3,0.0,0.0,2.0,4,2,1.791759469228055,1.0,2.9444389791664403,8.0,3.0,4.0,1.0,3
41520,3,0.0,0.0,1.0,1,1,3.258096538021482,1.0,2.833213344056216,8.0,7.0,2.0,1.0,1
41534,3,0.0,0.0,1.0,1,1,2.772588722239781,1.0,3.970291913552122,8.0,6.0,2.0,1.0,6
41539,3,0.0,0.0,1.0,1,1,1.9459101490553132,1.0,3.6109179126442243,8.0,3.0,4.0,1.0,5
41543,3,0.0,3.0,1.0,1,1,1.3862943611198906,1.0,3.5553480614894135,8.0,3.0,2.0,1.0,7
41551,3,0.0,0.0,1.0,1,1,1.0986122886681098,1.0,3.4965075614664802,8.0,1.0,2.0,1.0,3
41558,3,0.0,0.0,1.0,1,1,0.6931471805599453,1.0,3.5553480614894135,8.0,6.0,4.0,1.0,3
41560,3,0.0,0.0,1.0,1,1,1.9459101490553132,2.0,3.6375861597263857,8.0,2.0,4.0,1.0,6
41563,3,0.0,0.0,2.0,1,1,0.6931471805599453,1.0,3.970291913552122,8.0,3.0,4.0,1.0,5
41566,3,0.0,0.0,1.0,1,1,1.9459101490553132,1.0,3.6635616461296463,8.0,3.0,4.0,1.0,5
41567,3,0.0,0.0,1.0,1,1,1.3862943611198906,1.0,3.912023005428146,8.0,3.0,4.0,1.0,5
41579,3,0.0,0.0,1.0,1,1,2.4849066497880004,1.0,3.295836866004329,8.0,8.0,4.0,1.0,2
41580,3,0.0,0.0,1.0,1,1,2.302585092994046,1.0,3.5263605246161616,8.0,8.0,4.0,1.0,2
41584,3,0.0,0.0,1.0,1,1,0.6931471805599453,1.0,3.58351893845611,8.0,3.0,4.0,1.0,6
41587,3,0.0,0.0,1.0,1,1,1.791759469228055,1.0,2.8903717578961645,8.0,3.0,4.0,1.0,2
41588,3,0.0,0.0,1.0,1,1,1.6094379124341003,1.0,3.367295829986474,1.0,6.0,4.0,1.0,1
41589,3,0.0,0.0,1.0,1,1,2.70805020110221,1.0,3.295836866004329,8.0,6.0,4.0,1.0,1
41594,3,0.0,0.0,1.0,4,1,2.302585092994046,2.0,3.4965075614664802,8.0,6.0,2.0,1.0,4
41601,3,0.0,1.0,1.0,1,1,1.791759469228055,1.0,3.6375861597263857,2.0,6.0,4.0,1.0,7
41619,3,0.0,0.0,1.0,1,1,2.6390573296152584,1.0,4.02535169073515,8.0,3.0,4.0,1.0,2
41623,3,0.0,0.0,2.0,1,1,2.4849066497880004,1.0,3.6888794541139363,8.0,3.0,4.0,1.0,1
41626,3,0.0,0.0,1.0,4,1,1.3862943611198906,2.0,3.828641396489095,1.0,6.0,2.0,1.0,7
41632,3,0.0,0.0,1.0,1,1,1.9459101490553132,1.0,3.332204510175204,8.0,3.0,4.0,1.0,6
41636,2,0.0,0.0,2.0,4,1,1.3862943611198906,1.0,3.4965075614664802,8.0,3.0,4.0,1.0,5
41639,3,0.0,0.0,1.0,1,1,0.6931471805599453,1.0,3.9512437185814275,8.0,3.0,4.0,2.0,3
41643,3,0.0,0.0,1.0,1,1,2.6390573296152584,1.0,3.9889840465642745,8.0,3.0,2.0,2.0,2
41644,3,0.0,0.0,1.0,1,1,2.6390573296152584,1.0,3.9889840465642745,8.0,3.0,2.0,2.0,2
41648,3,0.0,0.0,1.0,1,1,1.791759469228055,1.0,3.367295829986474,8.0,3.0,4.0,1.0,6
41649,3,0.0,0.0,1.0,1,1,2.1972245773362196,1.0,3.713572066704308,8.0,3.0,4.0,1.0,6
41653,3,0.0,0.0,1.0,1,1,2.0794415416798357,1.0,3.970291913552122,8.0,3.0,4.0,1.0,3
41658,3,0.0,0.0,1.0,1,1,2.0794415416798357,1.0,3.828641396489095,8.0,3.0,4.0,1.0,2
41663,3,0.0,0.0,1.0,1,1,2.3978952727983707,1.0,3.912023005428146,8.0,8.0,4.0,1.0,7
41665,3,0.0,0.0,1.0,1,1,1.6094379124341003,1.0,3.4339872044851463,8.0,6.0,2.0,1.0,5
41670,3,0.0,0.0,1.0,1,1,1.0986122886681098,1.0,3.6375861597263857,8.0,3.0,4.0,1.0,1
41687,3,0.0,0.0,1.0,4,1,2.5649493574615367,1.0,3.8918202981106265,8.0,6.0,2.0,1.0,3
41691,3,0.0,0.0,1.0,1,1,2.5649493574615367,1.0,4.02535169073515,1.0,3.0,4.0,1.0,7
41695,3,0.0,0.0,1.0,1,1,2.3978952727983707,1.0,3.713572066704308,8.0,6.0,4.0,1.0,5
41699,3,0.0,0.0,2.0,1,2,1.791759469228055,1.0,3.4011973816621555,8.0,3.0,4.0,1.0,5
41704,3,0.0,0.0,1.0,1,1,2.1972245773362196,1.0,3.4965075614664802,8.0,1.0,4.0,1.0,2
41709,3,0.0,1.0,1.0,1,1,2.5649493574615367,1.0,3.6109179126442243,1.0,6.0,4.0,1.0,4
41714,3,0.0,0.0,1.0,1,1,2.302585092994046,1.0,3.828641396489095,8.0,3.0,4.0,1.0,4
41715,3,0.0,0.0,1.0,1,1,2.302585092994046,1.0,3.828641396489095,8.0,3.0,4.0,1.0,4
41722,3,0.0,0.0,1.0,1,1,1.9459101490553132,1.0,3.1354942159291497,8.0,3.0,4.0,2.0,3
41724,3,0.0,9.0,1.0,1,1,2.5649493574615367,1.0,4.007333185232471,8.0,3.0,4.0,1.0,4
41728,3,0.0,0.0,1.0,1,1,2.6390573296152584,1.0,3.58351893845611,8.0,3.0,4.0,2.0,6
41732,3,0.0,0.0,2.0,4,8,1.0986122886681098,1.0,3.9512437185814275,8.0,8.0,4.0,1.0,2
41735,3,0.0,1.0,1.0,1,1,2.70805020110221,1.0,4.02535169073515,8.0,3.0,4.0,1.0,5
41739,3,0.0,0.0,1.0,1,1,1.791759469228055,1.0,3.1780538303479458,8.0,3.0,4.0,1.0,6
41742,3,0.0,0.0,1.0,1,1,2.5649493574615367,1.0,3.6375861597263857,8.0,1.0,2.0,1.0,1
41755,3,0.0,0.0,1.0,1,1,0.6931471805599453,1.0,3.4965075614664802,8.0,3.0,4.0,1.0,5
41762,3,0.0,4.0,1.0,1,1,2.0794415416798357,1.0,3.6888794541139363,8.0,3.0,2.0,1.0,7
41764,3,0.0,0.0,1.0,1,1,1.791759469228055,1.0,4.04305126783455,8.0,6.0,2.0,1.0,4
41766,3,0.0,0.0,1.0,4,8,2.8903717578961645,1.0,4.174387269895637,8.0,8.0,4.0,1.0,3
41767,3,0.0,0.0,1.0,4,1,0.6931471805599453,1.0,3.5553480614894135,8.0,3.0,4.0,1.0,5
41769,3,0.0,0.0,1.0,1,1,0.6931471805599453,1.0,3.1354942159291497,8.0,3.0,4.0,1.0,2
41772,3,0.0,0.0,1.0,4,1,1.0986122886681098,1.0,3.4339872044851463,1.0,3.0,4.0,1.0,7
41775,3,0.0,0.0,1.0,4,1,2.3978952727983707,1.0,4.499809670330265,8.0,3.0,2.0,1.0,1
41776,3,0.0,0.0,1.0,4,1,2.3978952727983707,1.0,4.499809670330265,8.0,3.0,2.0,1.0,1
41777,3,0.0,0.0,1.0,4,1,2.6390573296152584,1.0,3.58351893845611,8.0,3.0,2.0,1.0,1
41782,3,0.0,0.0,1.0,1,1,1.3862943611198906,1.0,3.1354942159291497,8.0,2.0,4.0,1.0,5
41783,3,0.0,0.0,1.0,1,1,1.791759469228055,1.0,3.4339872044851463,8.0,6.0,4.0,1.0,4
41787,3,0.0,0.0,1.0,4,1,2.0794415416798357,1.0,3.4011973816621555,8.0,3.0,4.0,1.0,5
41805,3,0.0,0.0,1.0,4,1,2.1972245773362196,1.0,3.044522437723423,8.0,3.0,4.0,1.0,1
41809,3,0.0,0.0,1.0,1,1,1.6094379124341003,1.0,3.871201010907891,8.0,3.0,4.0,1.0,6
41819,3,0.0,0.0,1.0,1,1,2.4849066497880004,1.0,3.4011973816621555,8.0,3.0,4.0,1.0,6
41837,3,0.0,0.0,1.0,1,1,2.1972245773362196,1.0,3.9318256327243257,8.0,3.0,4.0,1.0,5
41839,3,0.0,0.0,1.0,1,1,2.5649493574615367,1.0,3.4657359027997265,8.0,6.0,2.0,1.0,2
41844,3,0.0,0.0,1.0,1,1,2.3978952727983707,1.0,3.7376696182833684,8.0,3.0,4.0,1.0,3
41845,3,0.0,0.0,1.0,4,1,1.791759469228055,1.0,3.258096538021482,2.0,3.0,4.0,1.0,5
41847,3,0.0,0.0,1.0,1,1,1.0986122886681098,1.0,3.9512437185814275,8.0,3.0,4.0,1.0,7
41850,3,0.0,0.0,1.0,4,1,2.5649493574615367,1.0,3.970291913552122,2.0,3.0,4.0,1.0,7
41853,3,0.0,0.0,1.0,4,1,0.6931471805599453,1.0,3.4011973816621555,8.0,3.0,4.0,1.0,5
41858,3,0.0,0.0,1.0,4,1,2.70805020110221,1.0,3.713572066704308,8.0,8.0,4.0,1.0,7
41859,3,0.0,0.0,1.0,1,1,1.791759469228055,1.0,4.007333185232471,8.0,3.0,4.0,1.0,4
41871,3,0.0,1.0,3.0,4,1,2.1972245773362196,1.0,3.4965075614664802,8.0,3.0,4.0,1.0,7
41873,3,0.0,0.0,1.0,1,1,2.4849066497880004,1.0,4.02535169073515,8.0,6.0,2.0,1.0,7
41874,3,0.0,3.0,1.0,4,1,2.1972245773362196,2.0,4.0943445622221,8.0,3.0,4.0,1.0,2
41875,3,0.0,0.0,1.0,1,1,2.1972245773362196,1.0,3.828641396489095,1.0,6.0,2.0,1.0,6
41882,3,0.0,0.0,1.0,1,1,0.6931471805599453,1.0,3.4965075614664802,8.0,3.0,2.0,1.0,2
41886,3,0.0,1.0,1.0,1,1,2.0794415416798357,1.0,4.219507705176107,8.0,3.0,4.0,1.0,4
41887,3,0.0,0.0,1.0,1,1,1.3862943611198906,1.0,3.044522437723423,8.0,3.0,4.0,1.0,7
41891,3,0.0,0.0,1.0,4,1,2.70805020110221,1.0,3.367295829986474,8.0,3.0,4.0,2.0,7
41897,3,0.0,0.0,2.0,4,2,2.0794415416798357,1.0,3.8918202981106265,8.0,1.0,2.0,1.0,5
41898,3,0.0,3.0,2.0,4,2,2.0794415416798357,1.0,3.8918202981106265,8.0,1.0,2.0,1.0,5
41899,3,0.0,0.0,1.0,1,1,2.70805020110221,1.0,4.07753744390572,8.0,3.0,4.0,1.0,4
41903,3,0.0,0.0,1.0,1,1,1.6094379124341003,1.0,3.713572066704308,2.0,3.0,2.0,1.0,2
41905,3,0.0,0.0,1.0,4,1,2.1972245773362196,1.0,3.1780538303479458,8.0,3.0,4.0,1.0,4
41908,3,0.0,0.0,1.0,1,1,2.0794415416798357,1.0,3.6888794541139363,8.0,8.0,4.0,1.0,2
41910,3,0.0,0.0,1.0,4,1,1.3862943611198906,1.0,3.784189633918261,8.0,6.0,2.0,1.0,2
41913,3,0.0,0.0,1.0,1,1,2.3978952727983707,1.0,3.5263605246161616,8.0,3.0,4.0,1.0,7
41919,3,0.0,0.0,2.0,4,7,2.4849066497880004,1.0,3.295836866004329,8.0,8.0,4.0,1.0,1
41921,3,0.0,1.0,1.0,1,1,1.0986122886681098,1.0,4.0943445622221,8.0,6.0,2.0,1.0,2
41922,3,0.0,0.0,2.0,1,2,0.6931471805599453,1.0,3.4011973816621555,8.0,6.0,4.0,1.0,6
41924,3,0.0,9.0,1.0,1,1,2.3978952727983707,1.0,3.8918202981106265,2.0,6.0,4.0,1.0,1
41936,2,0.0,0.0,1.0,1,1,1.6094379124341003,1.0,3.58351893845611,8.0,3.0,4.0,1.0,7
41939,3,0.0,0.0,1.0,4,1,0.6931471805599453,1.0,3.332204510175204,8.0,3.0,4.0,1.0,2
41947,3,0.0,3.0,1.0,1,1,2.6390573296152584,2.0,3.8066624897703196,1.0,6.0,2.0,1.0,7
41953,3,0.0,0.0,1.0,1,1,1.0986122886681098,1.0,3.5553480614894135,8.0,6.0,4.0,1.0,1
41955,2,0.0,0.0,2.0,4,2,1.0986122886681098,1.0,4.07753744390572,8.0,6.0,2.0,1.0,4
41957,3,0.0,0.0,1.0,1,1,2.6390573296152584,1.0,3.5553480614894135,8.0,3.0,4.0,1.0,7
41970,3,0.0,0.0,1.0,7,9,2.6390573296152584,1.0,4.02535169073515,1.0,3.0,4.0,1.0,4
41977,3,0.0,0.0,1.0,1,1,1.791759469228055,1.0,3.4011973816621555,8.0,3.0,2.0,1.0,3
41990,3,0.0,0.0,1.0,1,1,1.9459101490553132,1.0,3.5263605246161616,8.0,6.0,2.0,1.0,2
41991,3,0.0,0.0,1.0,1,1,1.9459101490553132,1.0,3.5263605246161616,8.0,6.0,2.0,1.0,2
41992,3,0.0,0.0,1.0,1,1,1.9459101490553132,1.0,3.5263605246161616,8.0,6.0,2.0,1.0,2
42006,3,0.0,0.0,1.0,1,1,2.8903717578961645,1.0,3.4339872044851463,8.0,3.0,4.0,1.0,6
42016,3,0.0,3.0,1.0,1,1,2.6390573296152584,1.0,4.31748811353631,8.0,3.0,2.0,1.0,1
42019,2,0.0,0.0,1.0,4,1,2.3978952727983707,1.0,3.58351893845611,8.0,6.0,4.0,2.0,6
42021,3,0.0,1.0,1.0,1,1,0.6931471805599453,1.0,3.912023005428146,8.0,3.0,4.0,2.0,3
42025,2,0.0,0.0,2.0,4,1,1.6094379124341003,1.0,3.6888794541139363,8.0,6.0,2.0,1.0,1
42026,3,4.0,0.0,1.0,4,1,0.6931471805599453,1.0,3.4339872044851463,8.0,3.0,4.0,1.0,4
42028,3,0.0,0.0,2.0,5,1,2.302585092994046,1.0,3.6635616461296463,8.0,3.0,2.0,1.0,5
42029,3,0.0,0.0,2.0,5,1,2.302585092994046,1.0,3.6635616461296463,8.0,3.0,2.0,1.0,5
42039,3,0.0,0.0,1.0,1,1,2.0794415416798357,1.0,3.6375861597263857,8.0,3.0,4.0,1.0,3
42042,3,0.0,0.0,2.0,1,2,1.6094379124341003,1.0,3.871201010907891,8.0,1.0,2.0,1.0,5
42045,3,0.0,0.0,2.0,1,2,2.6390573296152584,1.0,3.4657359027997265,8.0,6.0,2.0,1.0,4
42046,3,0.0,1.0,1.0,4,1,2.3978952727983707,1.0,3.6375861597263857,8.0,6.0,2.0,1.0,5
42050,3,0.0,0.0,1.0,1,1,2.302585092994046,1.0,3.828641396489095,8.0,6.0,2.0,1.0,6
42059,3,0.0,1.0,2.0,4,2,1.791759469228055,1.0,3.58351893845611,8.0,6.0,2.0,1.0,6
42061,3,0.0,0.0,2.0,4,1,1.6094379124341003,1.0,3.6375861597263857,8.0,3.0,4.0,2.0,3
42065,3,0.0,1.0,1.0,4,1,2.4849066497880004,1.0,3.784189633918261,8.0,3.0,4.0,1.0,3
42083,3,0.0,0.0,1.0,1,1,2.70805020110221,1.0,3.713572066704308,8.0,3.0,4.0,1.0,6
42084,3,0.0,0.0,1.0,1,1,2.70805020110221,1.0,3.713572066704308,8.0,3.0,4.0,1.0,6
42086,3,0.0,0.0,1.0,1,1,1.9459101490553132,1.0,3.6635616461296463,8.0,3.0,4.0,1.0,4
42088,3,0.0,0.0,1.0,1,1,0.6931471805599453,1.0,3.4339872044851463,8.0,6.0,4.0,1.0,2
42089,3,0.0,0.0,1.0,1,1,2.6390573296152584,1.0,3.6375861597263857,8.0,6.0,4.0,1.0,2
42090,3,0.0,0.0,1.0,1,1,2.5649493574615367,1.0,3.258096538021482,8.0,6.0,4.0,1.0,2
42097,3,0.0,0.0,1.0,1,1,1.9459101490553132,2.0,3.295836866004329,1.0,3.0,4.0,1.0,2
42098,3,0.0,0.0,1.0,1,1,2.4849066497880004,2.0,3.713572066704308,1.0,3.0,4.0,1.0,2
42101,3,0.0,0.0,1.0,4,1,2.5649493574615367,1.0,3.4011973816621555,8.0,3.0,4.0,1.0,7
42103,2,0.0,0.0,1.0,1,1,1.9459101490553132,1.0,3.7376696182833684,8.0,3.0,4.0,1.0,2
42104,3,0.0,0.0,1.0,4,1,1.0986122886681098,2.0,3.1354942159291497,2.0,3.0,4.0,2.0,3
42108,3,0.0,0.0,2.0,4,2,2.3978952727983707,1.0,3.044522437723423,8.0,3.0,4.0,1.0,6
42109,3,0.0,0.0,2.0,4,2,2.3978952727983707,1.0,3.044522437723423,8.0,3.0,4.0,1.0,6
42118,3,0.0,0.0,2.0,4,2,0.6931471805599453,1.0,3.091042453358316,8.0,6.0,2.0,1.0,2
42120,3,0.0,0.0,1.0,1,1,1.6094379124341003,1.0,3.295836866004329,8.0,3.0,4.0,1.0,7
42124,3,0.0,0.0,2.0,4,2,1.9459101490553132,1.0,3.295836866004329,8.0,1.0,2.0,1.0,1
42130,3,0.0,0.0,1.0,4,1,2.70805020110221,1.0,3.58351893845611,8.0,3.0,2.0,1.0,4
42133,3,0.0,0.0,1.0,1,1,2.3978952727983707,1.0,3.4339872044851463,8.0,3.0,4.0,1.0,6
42134,3,0.0,1.0,2.0,4,2,1.0986122886681098,1.0,3.9889840465642745,8.0,3.0,2.0,1.0,5
42140,3,0.0,0.0,1.0,1,1,1.6094379124341003,1.0,4.060443010546419,8.0,3.0,4.0,2.0,2
42143,3,0.0,0.0,1.0,1,1,2.1972245773362196,1.0,3.5553480614894135,1.0,6.0,2.0,1.0,5
42151,3,0.0,1.0,1.0,1,1,2.4849066497880004,1.0,4.356708826689592,8.0,6.0,4.0,1.0,6
42154,3,0.0,0.0,1.0,1,1,1.791759469228055,1.0,3.367295829986474,8.0,3.0,4.0,1.0,4
42166,3,0.0,0.0,1.0,4,1,1.3862943611198906,1.0,3.367295829986474,8.0,8.0,4.0,1.0,6
42169,3,0.0,0.0,1.0,1,1,2.70805020110221,1.0,3.7612001156935624,8.0,3.0,4.0,1.0,6
42185,3,0.0,0.0,1.0,1,1,2.302585092994046,1.0,3.871201010907891,8.0,6.0,2.0,1.0,5
42187,3,0.0,1.0,1.0,1,1,3.1780538303479458,2.0,4.07753744390572,8.0,3.0,4.0,1.0,5
42192,3,0.0,0.0,1.0,4,1,1.3862943611198906,1.0,2.9444389791664403,8.0,3.0,4.0,1.0,1
42196,3,0.0,1.0,1.0,4,1,1.0986122886681098,1.0,3.4657359027997265,8.0,3.0,2.0,1.0,4
42203,3,0.0,0.0,1.0,4,1,2.4849066497880004,1.0,3.912023005428146,8.0,3.0,4.0,1.0,6
42205,3,0.0,0.0,1.0,4,1,1.9459101490553132,1.0,3.58351893845611,8.0,3.0,4.0,1.0,7
42208,3,0.0,0.0,1.0,4,1,0.6931471805599453,1.0,3.5263605246161616,8.0,3.0,4.0,1.0,1
42209,3,0.0,3.0,2.0,4,2,3.295836866004329,2.0,4.060443010546419,8.0,3.0,4.0,1.0,2
42211,3,0.0,0.0,1.0,1,1,2.3978952727983707,1.0,4.060443010546419,8.0,6.0,4.0,1.0,4
42212,3,0.0,0.0,1.0,4,1,1.791759469228055,1.0,3.8501476017100584,8.0,3.0,4.0,2.0,1
42219,3,0.0,0.0,1.0,1,1,2.70805020110221,1.0,3.1354942159291497,8.0,3.0,4.0,1.0,1
42222,3,0.0,3.0,1.0,1,1,0.6931471805599453,1.0,3.4339872044851463,8.0,3.0,4.0,1.0,3
42227,3,0.0,0.0,1.0,1,1,1.791759469228055,1.0,2.995732273553991,8.0,3.0,4.0,1.0,1
42231,3,0.0,0.0,2.0,4,2,1.3862943611198906,1.0,2.995732273553991,8.0,3.0,4.0,1.0,3
42232,3,0.0,0.0,2.0,4,2,1.3862943611198906,1.0,2.995732273553991,8.0,3.0,4.0,1.0,3
42234,3,0.0,0.0,1.0,1,1,2.4849066497880004,1.0,3.9889840465642745,2.0,3.0,4.0,2.0,5
42236,3,0.0,0.0,2.0,4,2,1.791759469228055,1.0,3.091042453358316,8.0,3.0,4.0,1.0,5
42243,3,0.0,3.0,1.0,1,1,2.302585092994046,1.0,4.23410650459726,8.0,3.0,4.0,1.0,5
42245,3,0.0,0.0,1.0,4,1,0.6931471805599453,1.0,3.6375861597263857,8.0,3.0,4.0,1.0,5
42247,3,0.0,0.0,1.0,1,1,2.5649493574615367,2.0,3.1780538303479458,8.0,3.0,4.0,1.0,4
42248,3,0.0,0.0,1.0,1,1,2.772588722239781,1.0,3.713572066704308,8.0,3.0,4.0,1.0,4
42254,3,0.0,0.0,1.0,4,1,2.4849066497880004,1.0,3.7612001156935624,8.0,3.0,4.0,1.0,1
42258,3,0.0,0.0,2.0,4,2,2.302585092994046,2.0,3.1780538303479458,8.0,3.0,4.0,1.0,2
42259,3,0.0,0.0,2.0,4,2,2.302585092994046,2.0,3.1780538303479458,8.0,3.0,4.0,1.0,2
42266,3,0.0,0.0,1.0,4,1,2.1972245773362196,2.0,3.8918202981106265,8.0,1.0,4.0,1.0,7
42267,3,0.0,0.0,1.0,4,1,2.302585092994046,2.0,3.9318256327243257,8.0,6.0,4.0,1.0,4
42275,3,0.0,0.0,2.0,4,2,2.302585092994046,1.0,3.1354942159291497,8.0,3.0,4.0,1.0,3
42281,3,0.0,0.0,2.0,1,2,2.1972245773362196,2.0,3.4011973816621555,8.0,3.0,4.0,2.0,5
42284,3,0.0,0.0,1.0,1,1,2.3978952727983707,2.0,3.6109179126442243,8.0,3.0,2.0,1.0,3
42285,3,0.0,0.0,1.0,1,1,2.3978952727983707,2.0,3.6109179126442243,8.0,3.0,2.0,1.0,3
42291,3,0.0,0.0,1.0,1,1,2.1972245773362196,1.0,3.6888794541139363,8.0,1.0,4.0,1.0,5
42299,3,0.0,0.0,1.0,1,1,3.332204510175204,2.0,3.6109179126442243,8.0,3.0,4.0,1.0,2
42301,3,0.0,0.0,2.0,1,2,2.302585092994046,1.0,3.091042453358316,8.0,3.0,2.0,1.0,3
42306,3,0.0,1.0,2.0,4,1,1.3862943611198906,1.0,3.258096538021482,8.0,3.0,4.0,1.0,2
42313,3,0.0,0.0,1.0,1,1,2.70805020110221,1.0,3.6375861597263857,8.0,3.0,4.0,1.0,3
42317,3,0.0,1.0,1.0,1,1,2.772588722239781,2.0,3.258096538021482,8.0,6.0,2.0,1.0,5
42321,3,0.0,1.0,1.0,1,1,0.6931471805599453,1.0,3.7376696182833684,8.0,3.0,4.0,1.0,3
42323,3,0.0,0.0,2.0,4,1,2.1972245773362196,1.0,3.6888794541139363,8.0,3.0,4.0,1.0,4
42324,3,0.0,0.0,1.0,4,1,2.0794415416798357,2.0,3.6635616461296463,8.0,1.0,4.0,1.0,3
42328,3,0.0,1.0,1.0,1,1,1.9459101490553132,2.0,3.295836866004329,8.0,1.0,4.0,1.0,3
42332,3,0.0,0.0,4.0,1,9,2.772588722239781,1.0,3.6635616461296463,8.0,3.0,4.0,2.0,5
42335,3,0.0,0.0,1.0,1,1,2.3978952727983707,1.0,3.784189633918261,8.0,3.0,4.0,2.0,4
42346,3,0.0,0.0,1.0,1,1,1.0986122886681098,2.0,3.828641396489095,8.0,6.0,4.0,1.0,5
42350,3,0.0,0.0,1.0,4,1,2.1972245773362196,1.0,3.1780538303479458,8.0,2.0,4.0,2.0,3
42351,3,0.0,0.0,1.0,4,1,2.1972245773362196,1.0,3.1780538303479458,8.0,2.0,4.0,2.0,3
42361,3,0.0,0.0,1.0,1,1,0.6931471805599453,2.0,3.1780538303479458,8.0,1.0,2.0,1.0,4
42362,3,0.0,0.0,2.0,4,2,2.1972245773362196,1.0,3.091042453358316,8.0,3.0,4.0,1.0,4
42364,3,0.0,0.0,4.0,1,1,2.833213344056216,1.0,3.6888794541139363,8.0,3.0,4.0,1.0,2
42365,3,0.0,0.0,4.0,1,1,2.833213344056216,1.0,3.6888794541139363,8.0,3.0,4.0,1.0,2
42369,3,0.0,2.0,1.0,1,1,2.0794415416798357,1.0,3.044522437723423,8.0,6.0,4.0,1.0,6
42374,3,0.0,0.0,1.0,4,9,0.6931471805599453,1.0,3.332204510175204,8.0,6.0,4.0,1.0,1