accident_severity,special_conditions_at_site,pedestrian_movement,road_surface_conditions,light_conditions,weather_conditions,age_of_vehicle,sex_of_driver,age_of_driver,junction_location,junction_detail,junction_control,did_police_officer_attend_scene_of_accident,day_of_week
44074,3,0.0,0.0,2.0,4,5,1.6094379124341003,1.0,3.367295829986474,8.0,3.0,4.0,2.0,4
44076,3,0.0,1.0,2.0,4,1,2.4849066497880004,1.0,3.4339872044851463,8.0,6.0,4.0,1.0,6
44079,3,0.0,0.0,1.0,4,1,2.1972245773362196,1.0,3.970291913552122,8.0,3.0,4.0,1.0,1
44080,3,0.0,0.0,1.0,1,1,2.6390573296152584,2.0,3.912023005428146,8.0,3.0,4.0,1.0,5
44082,3,0.0,3.0,1.0,1,1,0.6931471805599453,1.0,3.4965075614664802,8.0,3.0,4.0,1.0,6
44083,3,0.0,0.0,1.0,1,1,0.6931471805599453,1.0,3.4965075614664802,8.0,3.0,4.0,1.0,6
44084,3,0.0,0.0,1.0,1,1,2.5649493574615367,1.0,3.6888794541139363,8.0,3.0,4.0,1.0,5
44091,3,0.0,0.0,1.0,4,1,1.0986122886681098,1.0,3.4657359027997265,8.0,5.0,2.0,1.0,7
44101,3,0.0,0.0,2.0,4,2,2.1972245773362196,1.0,3.332204510175204,8.0,3.0,4.0,1.0,1
44109,3,0.0,0.0,1.0,4,1,2.302585092994046,2.0,3.4965075614664802,8.0,3.0,4.0,1.0,7
44110,3,0.0,0.0,1.0,4,1,1.791759469228055,1.0,3.6635616461296463,8.0,3.0,4.0,1.0,7
44118,3,0.0,0.0,2.0,4,2,2.3978952727983707,1.0,3.8918202981106265,8.0,6.0,2.0,2.0,6
44126,3,0.0,0.0,1.0,1,1,1.9459101490553132,1.0,3.044522437723423,2.0,6.0,2.0,1.0,5
44128,3,0.0,0.0,1.0,4,1,1.0986122886681098,1.0,3.1354942159291497,8.0,3.0,4.0,1.0,4
44131,2,0.0,0.0,1.0,1,1,2.3978952727983707,1.0,4.007333185232471,8.0,3.0,4.0,1.0,5
44138,3,0.0,0.0,2.0,4,1,2.70805020110221,1.0,3.58351893845611,8.0,3.0,4.0,1.0,6
44143,3,0.0,0.0,1.0,1,1,1.791759469228055,1.0,4.174387269895637,8.0,1.0,2.0,1.0,5
44145,3,0.0,0.0,1.0,1,1,0.6931471805599453,1.0,4.143134726391533,8.0,3.0,4.0,1.0,2
44148,3,0.0,0.0,1.0,4,1,1.9459101490553132,1.0,3.4965075614664802,8.0,3.0,4.0,1.0,6
44152,3,0.0,0.0,1.0,4,1,1.791759469228055,1.0,3.4339872044851463,7.0,6.0,4.0,2.0,4
44160,3,0.0,0.0,1.0,4,1,2.8903717578961645,1.0,3.4011973816621555,8.0,3.0,4.0,2.0,7
44167,3,0.0,0.0,1.0,1,1,2.3978952727983707,2.0,3.295836866004329,8.0,3.0,4.0,1.0,5
44168,3,0.0,0.0,1.0,1,1,2.3978952727983707,2.0,3.295836866004329,8.0,3.0,4.0,1.0,5
44170,3,0.0,0.0,2.0,1,2,2.5649493574615367,1.0,4.174387269895637,8.0,6.0,4.0,1.0,2
44174,3,0.0,1.0,2.0,1,4,1.0986122886681098,1.0,4.007333185232471,8.0,6.0,4.0,1.0,4
44175,3,0.0,0.0,1.0,1,1,1.9459101490553132,1.0,3.258096538021482,8.0,3.0,4.0,1.0,4
44180,3,0.0,1.0,1.0,4,1,1.0986122886681098,1.0,3.58351893845611,8.0,6.0,2.0,1.0,1
44190,3,0.0,0.0,2.0,4,2,2.302585092994046,2.0,3.6109179126442243,8.0,1.0,4.0,2.0,3
44194,3,0.0,1.0,1.0,4,1,1.9459101490553132,2.0,3.258096538021482,8.0,3.0,4.0,1.0,4
44195,3,0.0,0.0,1.0,1,1,2.5649493574615367,2.0,3.8066624897703196,8.0,3.0,2.0,1.0,4
44200,3,0.0,0.0,1.0,1,1,2.70805020110221,2.0,3.784189633918261,1.0,6.0,2.0,1.0,4
44207,3,0.0,0.0,1.0,1,1,2.6390573296152584,2.0,3.7376696182833684,8.0,3.0,4.0,1.0,4
44208,3,0.0,0.0,1.0,1,1,2.6390573296152584,2.0,3.7376696182833684,8.0,3.0,4.0,1.0,4
44210,3,0.0,0.0,1.0,1,1,2.70805020110221,1.0,3.871201010907891,8.0,2.0,4.0,1.0,2
44213,3,0.0,0.0,1.0,1,1,2.1972245773362196,1.0,3.4011973816621555,8.0,3.0,4.0,1.0,3
44219,3,0.0,0.0,1.0,1,1,2.3978952727983707,2.0,3.4339872044851463,8.0,5.0,4.0,2.0,5
44223,3,0.0,0.0,1.0,4,1,1.9459101490553132,1.0,3.091042453358316,8.0,6.0,2.0,1.0,6
44224,3,0.0,0.0,1.0,4,1,1.9459101490553132,1.0,3.091042453358316,8.0,6.0,2.0,1.0,6
44229,3,0.0,0.0,2.0,4,2,2.70805020110221,1.0,3.4339872044851463,8.0,3.0,2.0,2.0,3
44235,3,0.0,1.0,1.0,1,1,2.0794415416798357,1.0,4.02535169073515,8.0,6.0,2.0,1.0,3
44236,3,0.0,0.0,2.0,4,2,2.302585092994046,1.0,3.784189633918261,8.0,3.0,4.0,1.0,5
44241,3,0.0,0.0,2.0,4,1,2.302585092994046,1.0,3.4339872044851463,5.0,3.0,4.0,1.0,5
44243,3,0.0,0.0,2.0,1,5,2.302585092994046,1.0,4.04305126783455,8.0,3.0,4.0,1.0,2
44249,2,0.0,0.0,2.0,1,1,1.6094379124341003,1.0,2.995732273553991,1.0,3.0,4.0,1.0,4
44250,2,0.0,0.0,2.0,1,1,1.6094379124341003,1.0,2.995732273553991,1.0,3.0,4.0,1.0,4
44251,2,0.0,0.0,2.0,1,1,1.6094379124341003,1.0,2.995732273553991,1.0,3.0,4.0,1.0,4
44258,3,0.0,0.0,1.0,1,1,2.4849066497880004,1.0,3.8066624897703196,8.0,5.0,4.0,1.0,5
44259,3,0.0,0.0,1.0,1,1,2.4849066497880004,1.0,3.8066624897703196,8.0,5.0,4.0,1.0,5
44260,3,0.0,0.0,1.0,1,1,2.4849066497880004,1.0,3.8066624897703196,8.0,5.0,4.0,1.0,5
44262,3,0.0,0.0,1.0,1,1,2.302585092994046,2.0,3.1354942159291497,8.0,5.0,4.0,1.0,5
44267,3,0.0,0.0,1.0,7,1,1.6094379124341003,2.0,3.7612001156935624,8.0,6.0,2.0,2.0,3
44273,3,0.0,1.0,4.0,4,1,1.0986122886681098,1.0,3.7612001156935624,5.0,8.0,4.0,1.0,3
44275,3,0.0,0.0,2.0,1,1,0.6931471805599453,2.0,3.7376696182833684,8.0,6.0,4.0,1.0,5
44276,3,0.0,0.0,2.0,4,1,1.3862943611198906,1.0,3.091042453358316,2.0,3.0,4.0,1.0,6
44279,3,2.0,0.0,1.0,1,1,2.8903717578961645,1.0,3.5553480614894135,5.0,6.0,2.0,1.0,7
44280,3,2.0,0.0,1.0,1,1,2.0794415416798357,1.0,3.332204510175204,8.0,6.0,2.0,1.0,7
44281,3,2.0,0.0,1.0,1,1,2.0794415416798357,1.0,3.332204510175204,8.0,6.0,2.0,1.0,7
44282,3,2.0,0.0,1.0,1,1,2.0794415416798357,1.0,3.332204510175204,8.0,6.0,2.0,1.0,7
44286,3,0.0,0.0,1.0,1,1,1.9459101490553132,1.0,3.9318256327243257,8.0,3.0,2.0,1.0,4
44292,3,0.0,1.0,2.0,1,1,2.0794415416798357,2.0,3.4011973816621555,1.0,3.0,2.0,2.0,6
44296,3,0.0,0.0,1.0,1,1,2.302585092994046,1.0,3.8066624897703196,8.0,6.0,2.0,1.0,4
44300,3,0.0,0.0,1.0,4,1,1.3862943611198906,1.0,4.174387269895637,1.0,1.0,4.0,1.0,5
44306,3,0.0,3.0,1.0,1,1,2.1972245773362196,2.0,3.4339872044851463,1.0,3.0,4.0,1.0,7
44307,3,0.0,0.0,1.0,1,1,2.0794415416798357,1.0,3.9318256327243257,8.0,3.0,4.0,1.0,6
44313,3,0.0,0.0,2.0,4,3,1.3862943611198906,2.0,3.258096538021482,1.0,1.0,4.0,1.0,6
44314,3,0.0,0.0,2.0,4,3,1.3862943611198906,2.0,3.258096538021482,1.0,1.0,4.0,1.0,6
44321,3,0.0,0.0,2.0,4,1,2.5649493574615367,1.0,3.8501476017100584,2.0,3.0,4.0,1.0,2
44326,2,0.0,0.0,1.0,7,1,2.772588722239781,1.0,3.9512437185814275,2.0,6.0,4.0,1.0,4
44327,2,0.0,0.0,1.0,7,1,2.5649493574615367,1.0,3.044522437723423,2.0,6.0,4.0,1.0,4
44328,2,0.0,0.0,1.0,7,1,2.5649493574615367,1.0,3.044522437723423,2.0,6.0,4.0,1.0,4
44329,3,0.0,0.0,1.0,4,1,1.6094379124341003,1.0,3.828641396489095,8.0,3.0,4.0,1.0,5
44332,3,0.0,0.0,1.0,1,1,2.5649493574615367,2.0,3.1354942159291497,8.0,6.0,4.0,1.0,1
44336,3,0.0,0.0,1.0,1,1,2.302585092994046,1.0,3.871201010907891,8.0,3.0,4.0,1.0,2
44338,3,1.0,0.0,2.0,4,1,2.3978952727983707,1.0,3.4011973816621555,8.0,6.0,2.0,1.0,1
44340,3,0.0,0.0,1.0,1,1,2.5649493574615367,2.0,3.367295829986474,1.0,3.0,4.0,1.0,4
44341,3,0.0,0.0,1.0,1,1,2.5649493574615367,2.0,3.367295829986474,1.0,3.0,4.0,1.0,4
44345,2,0.0,0.0,2.0,1,2,1.0986122886681098,1.0,3.091042453358316,6.0,8.0,4.0,2.0,5
44349,3,0.0,0.0,2.0,4,1,1.0986122886681098,1.0,3.4339872044851463,8.0,6.0,4.0,1.0,4
44354,3,0.0,0.0,1.0,4,1,1.6094379124341003,1.0,3.828641396489095,8.0,5.0,4.0,1.0,4
44355,3,0.0,0.0,1.0,4,1,1.6094379124341003,1.0,3.828641396489095,8.0,5.0,4.0,1.0,4
44366,3,0.0,3.0,1.0,1,1,2.0794415416798357,1.0,3.58351893845611,1.0,3.0,4.0,1.0,2
44367,3,0.0,1.0,1.0,1,1,2.1972245773362196,1.0,3.8918202981106265,2.0,3.0,4.0,1.0,3
44376,3,0.0,9.0,2.0,4,9,2.302585092994046,1.0,3.332204510175204,6.0,2.0,4.0,1.0,6
44377,3,0.0,1.0,1.0,4,1,0.6931471805599453,2.0,3.784189633918261,6.0,8.0,4.0,1.0,6
44379,3,0.0,0.0,1.0,7,1,0.6931471805599453,1.0,3.2188758248682006,8.0,6.0,4.0,1.0,6
44383,3,0.0,0.0,2.0,1,9,2.70805020110221,1.0,3.4339872044851463,8.0,1.0,2.0,2.0,3
44389,3,0.0,0.0,1.0,1,1,1.6094379124341003,2.0,3.970291913552122,1.0,3.0,4.0,2.0,4
44391,3,0.0,0.0,1.0,1,1,2.6390573296152584,2.0,3.9512437185814275,8.0,3.0,4.0,1.0,4
44392,3,0.0,0.0,1.0,1,1,2.3978952727983707,1.0,3.2188758248682006,8.0,3.0,4.0,1.0,4
44397,3,2.0,0.0,2.0,4,2,2.5649493574615367,2.0,3.6888794541139363,8.0,3.0,2.0,1.0,7
44398,3,2.0,0.0,2.0,4,2,2.5649493574615367,2.0,3.6888794541139363,8.0,3.0,2.0,1.0,7
44399,3,2.0,0.0,2.0,4,2,2.5649493574615367,2.0,3.6888794541139363,8.0,3.0,2.0,1.0,7
44402,3,0.0,0.0,2.0,4,1,1.3862943611198906,1.0,3.4965075614664802,5.0,1.0,4.0,1.0,6
44408,3,0.0,0.0,2.0,4,2,2.4849066497880004,1.0,4.174387269895637,8.0,1.0,2.0,2.0,6
44410,3,0.0,3.0,1.0,1,8,2.6390573296152584,1.0,4.04305126783455,2.0,3.0,4.0,1.0,4
44411,3,0.0,0.0,1.0,1,1,1.0986122886681098,2.0,3.9318256327243257,1.0,1.0,4.0,1.0,5
44414,3,0.0,0.0,1.0,1,1,2.302585092994046,2.0,3.784189633918261,8.0,3.0,4.0,1.0,5
44415,3,0.0,0.0,1.0,1,1,1.0986122886681098,1.0,3.091042453358316,1.0,6.0,4.0,1.0,6
44416,3,0.0,0.0,1.0,1,1,1.0986122886681098,1.0,3.091042453358316,1.0,6.0,4.0,1.0,6
44417,3,0.0,0.0,1.0,1,1,2.6390573296152584,1.0,3.58351893845611,1.0,6.0,4.0,1.0,6
44423,3,0.0,0.0,1.0,1,1,1.3862943611198906,2.0,3.367295829986474,8.0,3.0,4.0,1.0,7
44424,3,0.0,0.0,1.0,1,1,2.1972245773362196,1.0,3.784189633918261,8.0,3.0,4.0,1.0,7
44427,2,0.0,3.0,2.0,1,2,1.3862943611198906,2.0,4.3694478524670215,1.0,3.0,4.0,1.0,5
44438,3,0.0,0.0,1.0,1,1,2.4849066497880004,1.0,3.8918202981106265,1.0,3.0,4.0,1.0,2
44439,3,0.0,0.0,1.0,1,1,2.6390573296152584,2.0,3.1354942159291497,1.0,3.0,4.0,1.0,2
44441,3,0.0,0.0,1.0,1,1,1.6094379124341003,2.0,3.367295829986474,8.0,3.0,4.0,1.0,2
44442,2,0.0,0.0,1.0,1,1,0.6931471805599453,1.0,3.5553480614894135,8.0,5.0,4.0,1.0,2
44444,3,0.0,0.0,1.0,1,1,2.0794415416798357,1.0,3.6635616461296463,2.0,3.0,4.0,2.0,3
44445,3,0.0,0.0,1.0,1,1,2.5649493574615367,2.0,2.8903717578961645,2.0,3.0,4.0,2.0,3
44447,3,0.0,9.0,1.0,1,1,2.1972245773362196,2.0,3.1354942159291497,1.0,5.0,4.0,2.0,1
44451,3,0.0,3.0,1.0,1,1,2.3978952727983707,1.0,3.6375861597263857,8.0,6.0,4.0,1.0,3
44452,3,0.0,0.0,1.0,1,1,2.5649493574615367,1.0,3.332204510175204,8.0,6.0,2.0,1.0,5
44456,3,0.0,0.0,1.0,4,1,0.6931471805599453,1.0,4.007333185232471,1.0,1.0,4.0,1.0,4
44460,3,0.0,0.0,1.0,1,1,2.1972245773362196,2.0,4.219507705176107,1.0,3.0,4.0,1.0,6
44461,3,0.0,3.0,1.0,1,1,2.1972245773362196,2.0,4.219507705176107,1.0,3.0,4.0,1.0,6
44463,3,0.0,9.0,1.0,1,1,2.70805020110221,1.0,3.295836866004329,1.0,3.0,4.0,1.0,2
44466,3,0.0,0.0,1.0,1,1,0.6931471805599453,2.0,3.8501476017100584,8.0,3.0,4.0,1.0,3
44467,3,0.0,0.0,1.0,1,1,1.791759469228055,2.0,2.995732273553991,8.0,3.0,4.0,1.0,3
44468,3,0.0,0.0,1.0,1,1,1.0986122886681098,2.0,3.6109179126442243,8.0,3.0,4.0,1.0,4
44469,3,0.0,0.0,1.0,1,1,1.0986122886681098,2.0,3.6109179126442243,8.0,3.0,4.0,1.0,4
44471,3,0.0,0.0,1.0,1,1,2.1972245773362196,1.0,3.258096538021482,8.0,3.0,4.0,1.0,4
44472,3,0.0,0.0,1.0,1,1,2.70805020110221,2.0,3.6375861597263857,8.0,3.0,4.0,1.0,4
44473,3,0.0,0.0,1.0,4,1,0.6931471805599453,1.0,3.1354942159291497,2.0,3.0,4.0,1.0,5
44476,3,0.0,0.0,1.0,4,1,0.6931471805599453,1.0,3.828641396489095,1.0,3.0,4.0,1.0,4
44482,3,0.0,0.0,1.0,1,1,2.70805020110221,1.0,3.9512437185814275,1.0,3.0,4.0,1.0,4
44488,3,0.0,0.0,1.0,1,1,1.9459101490553132,1.0,3.6888794541139363,8.0,6.0,4.0,1.0,6
44489,3,0.0,0.0,1.0,4,1,2.70805020110221,1.0,2.8903717578961645,8.0,6.0,2.0,1.0,5
44490,3,0.0,0.0,1.0,4,1,2.70805020110221,1.0,2.8903717578961645,8.0,6.0,2.0,1.0,5
44491,3,0.0,0.0,1.0,4,1,2.6390573296152584,1.0,3.4011973816621555,8.0,6.0,2.0,1.0,5
44501,3,0.0,0.0,1.0,1,9,2.3978952727983707,2.0,3.6375861597263857,1.0,7.0,2.0,2.0,1
44502,3,0.0,0.0,1.0,1,9,2.3978952727983707,2.0,3.6375861597263857,1.0,7.0,2.0,2.0,1
44503,3,0.0,0.0,1.0,1,9,2.3978952727983707,2.0,3.6375861597263857,1.0,7.0,2.0,2.0,1
44504,3,0.0,0.0,1.0,1,9,2.3978952727983707,2.0,3.6375861597263857,1.0,7.0,2.0,2.0,1
44508,3,0.0,0.0,1.0,4,1,1.6094379124341003,1.0,3.8501476017100584,8.0,3.0,4.0,1.0,5
44509,3,0.0,0.0,1.0,4,1,1.6094379124341003,1.0,3.8501476017100584,8.0,3.0,4.0,1.0,5
44511,3,0.0,0.0,1.0,4,1,2.70805020110221,1.0,3.044522437723423,8.0,3.0,4.0,1.0,4
44512,3,0.0,0.0,1.0,4,1,2.70805020110221,1.0,3.044522437723423,8.0,3.0,4.0,1.0,4
44516,3,0.0,0.0,1.0,1,1,1.0986122886681098,2.0,3.258096538021482,1.0,3.0,4.0,1.0,4
44519,2,0.0,0.0,1.0,4,1,0.6931471805599453,1.0,3.2188758248682006,1.0,6.0,4.0,1.0,6
44520,3,0.0,0.0,1.0,1,9,2.1972245773362196,1.0,2.9444389791664403,8.0,1.0,4.0,2.0,6
44522,2,0.0,0.0,1.0,1,4,1.9459101490553132,1.0,3.4657359027997265,8.0,3.0,2.0,2.0,1
44525,3,0.0,0.0,2.0,4,3,2.1972245773362196,1.0,3.1354942159291497,8.0,1.0,2.0,1.0,3
44527,3,1.0,0.0,1.0,1,1,2.3978952727983707,1.0,3.5263605246161616,6.0,6.0,2.0,1.0,4
44532,3,0.0,0.0,1.0,4,1,1.0986122886681098,1.0,3.295836866004329,8.0,1.0,4.0,1.0,6
44533,3,0.0,0.0,1.0,1,1,1.0986122886681098,1.0,3.295836866004329,8.0,1.0,4.0,1.0,7
44536,2,0.0,0.0,2.0,4,2,0.6931471805599453,1.0,3.258096538021482,6.0,9.0,2.0,1.0,5
44538,3,0.0,0.0,1.0,1,9,2.5649493574615367,1.0,3.713572066704308,1.0,9.0,4.0,1.0,6
44542,3,0.0,0.0,1.0,1,1,2.772588722239781,2.0,3.9318256327243257,8.0,8.0,4.0,2.0,1
44545,3,0.0,0.0,1.0,1,1,1.791759469228055,1.0,3.8501476017100584,8.0,1.0,4.0,1.0,4
44546,3,3.0,0.0,1.0,1,1,1.0986122886681098,2.0,4.356708826689592,2.0,6.0,4.0,1.0,6
44548,3,0.0,0.0,1.0,1,1,1.0986122886681098,1.0,2.9444389791664403,8.0,1.0,4.0,1.0,1
44551,3,0.0,3.0,2.0,1,1,2.302585092994046,1.0,4.07753744390572,2.0,3.0,4.0,1.0,6
44554,3,0.0,0.0,1.0,1,1,2.6390573296152584,2.0,3.912023005428146,1.0,1.0,4.0,1.0,3
44562,3,0.0,0.0,1.0,1,1,2.3978952727983707,1.0,4.0943445622221,8.0,1.0,4.0,1.0,1
44563,3,0.0,0.0,1.0,1,1,0.6931471805599453,1.0,3.8918202981106265,6.0,6.0,4.0,1.0,2
44564,3,0.0,0.0,1.0,1,1,2.5649493574615367,2.0,2.9444389791664403,8.0,6.0,4.0,1.0,2
44565,3,0.0,0.0,1.0,4,1,2.70805020110221,1.0,3.6888794541139363,1.0,3.0,4.0,1.0,3
44567,3,0.0,0.0,1.0,1,1,1.791759469228055,1.0,3.332204510175204,1.0,3.0,4.0,1.0,3
44571,3,0.0,0.0,1.0,1,1,2.4849066497880004,1.0,3.044522437723423,8.0,6.0,2.0,1.0,5
44572,3,0.0,0.0,1.0,1,1,2.4849066497880004,1.0,3.044522437723423,8.0,6.0,2.0,1.0,5
44573,3,0.0,0.0,1.0,1,1,2.4849066497880004,1.0,3.044522437723423,8.0,6.0,2.0,1.0,5
44574,3,0.0,0.0,1.0,1,1,2.772588722239781,1.0,3.4011973816621555,8.0,6.0,2.0,1.0,5
44575,3,0.0,0.0,1.0,1,1,2.772588722239781,1.0,3.4011973816621555,8.0,6.0,2.0,1.0,5
44578,3,0.0,0.0,1.0,1,1,0.6931471805599453,1.0,3.091042453358316,1.0,3.0,4.0,1.0,7
44583,3,0.0,0.0,1.0,1,1,2.1972245773362196,2.0,3.367295829986474,1.0,5.0,4.0,1.0,2
44588,3,0.0,0.0,1.0,1,1,2.6390573296152584,1.0,3.871201010907891,1.0,3.0,4.0,1.0,5
44589,3,0.0,0.0,1.0,1,1,2.6390573296152584,1.0,3.871201010907891,1.0,3.0,4.0,1.0,5
44590,3,0.0,0.0,2.0,4,2,2.0794415416798357,1.0,3.9318256327243257,5.0,3.0,2.0,1.0,6
44594,3,0.0,0.0,1.0,1,1,1.6094379124341003,1.0,3.7376696182833684,1.0,3.0,4.0,1.0,7
44595,3,0.0,0.0,1.0,1,1,1.6094379124341003,1.0,3.7376696182833684,1.0,3.0,4.0,1.0,7
44607,3,0.0,0.0,1.0,1,1,1.0986122886681098,1.0,3.4965075614664802,3.0,1.0,4.0,1.0,4
44608,3,0.0,0.0,1.0,1,1,2.302585092994046,1.0,3.367295829986474,1.0,3.0,4.0,1.0,4
44611,3,0.0,0.0,1.0,1,1,2.302585092994046,2.0,3.4339872044851463,1.0,3.0,4.0,1.0,6
44612,3,0.0,0.0,1.0,1,1,2.302585092994046,2.0,3.4339872044851463,1.0,3.0,4.0,1.0,6
44613,3,0.0,0.0,1.0,1,1,2.302585092994046,2.0,3.6635616461296463,8.0,1.0,2.0,1.0,2
44627,3,0.0,0.0,1.0,1,1,1.3862943611198906,1.0,3.871201010907891,8.0,8.0,4.0,1.0,5
44628,3,0.0,0.0,1.0,1,1,1.3862943611198906,1.0,3.871201010907891,8.0,8.0,4.0,1.0,5
44629,3,0.0,0.0,1.0,1,1,1.3862943611198906,1.0,3.871201010907891,8.0,8.0,4.0,1.0,5
44630,3,0.0,0.0,1.0,1,1,1.3862943611198906,1.0,3.871201010907891,8.0,8.0,4.0,1.0,5
44631,3,0.0,0.0,1.0,1,1,1.3862943611198906,1.0,3.871201010907891,8.0,8.0,4.0,1.0,5
44632,3,0.0,0.0,1.0,1,1,1.3862943611198906,1.0,3.871201010907891,8.0,8.0,4.0,1.0,5
44633,3,0.0,0.0,1.0,1,1,1.3862943611198906,1.0,3.871201010907891,8.0,8.0,4.0,1.0,5
44634,3,0.0,0.0,1.0,1,1,1.3862943611198906,1.0,3.871201010907891,8.0,8.0,4.0,1.0,5
44635,3,0.0,0.0,1.0,1,1,1.3862943611198906,1.0,3.871201010907891,8.0,8.0,4.0,1.0,5
44636,3,0.0,0.0,1.0,1,1,1.3862943611198906,1.0,3.871201010907891,8.0,8.0,4.0,1.0,5
44637,3,0.0,0.0,1.0,1,1,1.3862943611198906,1.0,3.871201010907891,8.0,8.0,4.0,1.0,5
44638,3,0.0,0.0,1.0,1,1,1.3862943611198906,1.0,3.871201010907891,8.0,8.0,4.0,1.0,5
44639,3,0.0,0.0,1.0,1,1,1.3862943611198906,1.0,3.871201010907891,8.0,8.0,4.0,1.0,5
44642,3,0.0,0.0,2.0,4,1,1.0986122886681098,2.0,3.8066624897703196,8.0,3.0,4.0,1.0,1
44645,2,0.0,0.0,1.0,1,1,1.0986122886681098,1.0,4.060443010546419,8.0,8.0,4.0,1.0,6
44646,3,0.0,0.0,1.0,1,1,1.9459101490553132,1.0,3.7612001156935624,1.0,3.0,2.0,1.0,6
44647,3,0.0,0.0,1.0,1,1,2.70805020110221,2.0,3.970291913552122,1.0,3.0,2.0,1.0,6
44656,3,0.0,0.0,1.0,1,1,2.833213344056216,1.0,3.6109179126442243,8.0,6.0,4.0,1.0,2
44668,3,0.0,0.0,1.0,1,1,2.772588722239781,1.0,4.110873864173311,8.0,3.0,2.0,1.0,2
44672,3,0.0,0.0,2.0,4,1,2.302585092994046,2.0,3.828641396489095,1.0,8.0,4.0,1.0,3
44674,3,0.0,0.0,2.0,1,1,1.9459101490553132,2.0,3.367295829986474,8.0,3.0,4.0,1.0,4
44675,3,0.0,0.0,2.0,1,1,1.9459101490553132,2.0,3.258096538021482,8.0,3.0,4.0,1.0,4
44679,3,0.0,0.0,1.0,1,1,1.0986122886681098,1.0,4.04305126783455,1.0,3.0,4.0,1.0,5
44683,3,0.0,3.0,2.0,4,1,1.9459101490553132,1.0,3.4011973816621555,2.0,3.0,4.0,1.0,3
44689,3,0.0,1.0,1.0,1,1,2.3978952727983707,1.0,3.713572066704308,2.0,2.0,4.0,1.0,4
44690,3,0.0,1.0,1.0,1,1,2.3978952727983707,1.0,3.713572066704308,2.0,2.0,4.0,1.0,4
44691,3,0.0,0.0,1.0,1,1,2.4849066497880004,2.0,3.7376696182833684,8.0,3.0,4.0,1.0,4
44692,3,0.0,0.0,1.0,1,1,2.4849066497880004,2.0,3.7376696182833684,8.0,3.0,4.0,1.0,4
44695,3,0.0,0.0,2.0,4,8,2.1972245773362196,1.0,3.1354942159291497,8.0,3.0,2.0,1.0,4
44696,3,0.0,0.0,2.0,4,8,2.1972245773362196,1.0,3.1354942159291497,8.0,3.0,2.0,1.0,4
44697,3,0.0,0.0,2.0,1,1,1.791759469228055,1.0,4.007333185232471,1.0,3.0,2.0,1.0,4
44698,3,0.0,0.0,1.0,1,1,1.3862943611198906,2.0,3.4339872044851463,8.0,1.0,4.0,2.0,3
44702,3,0.0,9.0,1.0,1,1,2.302585092994046,2.0,3.828641396489095,1.0,3.0,4.0,2.0,3
44704,3,0.0,0.0,2.0,4,2,2.3978952727983707,1.0,2.995732273553991,1.0,3.0,4.0,1.0,6
44705,3,0.0,0.0,1.0,1,1,0.6931471805599453,2.0,2.9444389791664403,2.0,3.0,4.0,1.0,1
44710,3,0.0,0.0,1.0,1,1,2.3978952727983707,1.0,4.07753744390572,8.0,6.0,2.0,1.0,1
44712,3,0.0,0.0,1.0,1,1,2.5649493574615367,1.0,4.02535169073515,2.0,3.0,4.0,1.0,2
44713,3,0.0,0.0,1.0,1,1,2.6390573296152584,2.0,4.02535169073515,1.0,3.0,4.0,1.0,2
44714,3,0.0,0.0,2.0,4,2,2.995732273553991,1.0,3.1780538303479458,8.0,3.0,4.0,1.0,5
44715,3,0.0,0.0,2.0,4,2,1.9459101490553132,1.0,3.8501476017100584,8.0,3.0,4.0,1.0,5
44716,3,0.0,0.0,2.0,4,2,1.9459101490553132,1.0,3.8501476017100584,8.0,3.0,4.0,1.0,5
44717,3,0.0,0.0,2.0,4,2,1.9459101490553132,1.0,3.8501476017100584,8.0,3.0,4.0,1.0,5
44719,3,0.0,0.0,1.0,1,1,1.6094379124341003,2.0,3.1354942159291497,2.0,2.0,4.0,1.0,5
44724,3,0.0,0.0,1.0,1,1,2.4849066497880004,1.0,2.995732273553991,8.0,3.0,4.0,1.0,7
44725,3,0.0,0.0,1.0,1,1,0.6931471805599453,2.0,3.58351893845611,1.0,3.0,4.0,1.0,1
44729,3,0.0,0.0,1.0,1,1,1.3862943611198906,2.0,3.9318256327243257,2.0,3.0,4.0,2.0,5
44730,3,0.0,0.0,1.0,1,1,1.3862943611198906,2.0,3.9318256327243257,2.0,3.0,4.0,2.0,5
44734,3,0.0,0.0,1.0,1,1,2.6390573296152584,2.0,3.4339872044851463,1.0,3.0,4.0,1.0,7
44735,3,0.0,0.0,1.0,1,1,2.4849066497880004,1.0,3.4657359027997265,1.0,3.0,4.0,1.0,7
44739,3,0.0,0.0,1.0,1,1,2.1972245773362196,2.0,3.4965075614664802,8.0,3.0,2.0,1.0,3
44741,3,0.0,0.0,1.0,1,1,1.0986122886681098,2.0,3.58351893845611,8.0,3.0,4.0,1.0,4
44742,3,0.0,0.0,1.0,1,1,2.3978952727983707,1.0,3.828641396489095,8.0,3.0,4.0,1.0,4