accident_severity,special_conditions_at_site,pedestrian_movement,road_surface_conditions,light_conditions,weather_conditions,age_of_vehicle,sex_of_driver,age_of_driver,junction_location,junction_detail,junction_control,did_police_officer_attend_scene_of_accident,day_of_week
46714,3,0.0,0.0,1.0,1,1,1.6094379124341003,1.0,4.0943445622221,8.0,3.0,4.0,1.0,6
46716,3,0.0,0.0,1.0,4,1,1.0986122886681098,1.0,3.258096538021482,8.0,3.0,4.0,1.0,7
46723,3,0.0,0.0,2.0,1,2,2.302585092994046,1.0,3.912023005428146,1.0,6.0,2.0,1.0,4
46728,3,0.0,0.0,1.0,1,1,2.0794415416798357,2.0,3.8501476017100584,2.0,3.0,4.0,1.0,7
46730,3,0.0,0.0,1.0,1,1,2.5649493574615367,1.0,3.295836866004329,2.0,3.0,4.0,1.0,7
46731,3,0.0,0.0,1.0,1,1,1.791759469228055,1.0,3.871201010907891,1.0,6.0,4.0,2.0,2
46732,3,0.0,0.0,1.0,1,1,1.791759469228055,1.0,3.871201010907891,1.0,6.0,4.0,2.0,2
46735,3,0.0,0.0,2.0,4,2,1.6094379124341003,1.0,3.5553480614894135,8.0,1.0,4.0,1.0,7
46736,3,0.0,0.0,2.0,4,2,1.791759469228055,1.0,4.04305126783455,8.0,1.0,4.0,1.0,7
46737,3,0.0,5.0,1.0,1,1,2.1972245773362196,1.0,4.394449154672439,1.0,3.0,4.0,1.0,1
46745,3,0.0,0.0,1.0,1,1,2.4849066497880004,2.0,3.7376696182833684,2.0,3.0,4.0,2.0,2
46746,3,0.0,0.0,1.0,1,1,2.4849066497880004,2.0,3.7376696182833684,2.0,3.0,4.0,2.0,2
46750,3,0.0,1.0,1.0,1,1,2.3978952727983707,1.0,4.430816798843313,1.0,3.0,4.0,1.0,1
46751,3,0.0,1.0,1.0,1,1,2.6390573296152584,2.0,3.9889840465642745,1.0,3.0,4.0,1.0,6
46753,3,0.0,0.0,1.0,1,1,1.0986122886681098,2.0,4.31748811353631,8.0,1.0,4.0,1.0,2
46754,3,0.0,0.0,1.0,1,1,3.1354942159291497,2.0,4.394449154672439,8.0,1.0,4.0,1.0,2
46755,3,0.0,0.0,2.0,1,2,1.6094379124341003,2.0,3.1354942159291497,8.0,8.0,4.0,2.0,2
46757,3,0.0,0.0,1.0,4,1,1.0986122886681098,1.0,3.4657359027997265,8.0,3.0,4.0,1.0,7
46760,3,0.0,0.0,2.0,1,2,1.6094379124341003,1.0,3.367295829986474,8.0,3.0,4.0,1.0,4
46761,3,0.0,1.0,1.0,4,1,2.3978952727983707,2.0,3.4657359027997265,1.0,3.0,4.0,1.0,5
46767,3,0.0,0.0,2.0,1,2,1.791759469228055,2.0,3.9512437185814275,8.0,3.0,4.0,1.0,3
46768,2,0.0,3.0,1.0,1,1,2.4849066497880004,1.0,3.871201010907891,2.0,3.0,2.0,1.0,6
46769,3,0.0,0.0,1.0,1,1,2.6390573296152584,2.0,4.1588830833596715,8.0,3.0,4.0,1.0,5
46770,3,0.0,0.0,1.0,1,1,2.3978952727983707,1.0,3.5263605246161616,8.0,3.0,4.0,1.0,5
46773,3,0.0,0.0,1.0,1,1,2.4849066497880004,1.0,3.784189633918261,1.0,1.0,4.0,1.0,2
46778,3,0.0,0.0,1.0,1,1,2.302585092994046,2.0,3.5263605246161616,8.0,8.0,2.0,1.0,1
46780,3,0.0,0.0,1.0,1,1,2.70805020110221,1.0,4.0943445622221,8.0,3.0,2.0,1.0,3
46782,3,0.0,0.0,1.0,1,1,1.0986122886681098,1.0,3.4011973816621555,8.0,3.0,4.0,2.0,5
46790,3,0.0,0.0,1.0,1,1,1.791759469228055,1.0,3.6635616461296463,8.0,6.0,2.0,1.0,6
46791,3,0.0,0.0,1.0,1,1,1.791759469228055,1.0,3.6635616461296463,8.0,6.0,2.0,1.0,6
46792,3,0.0,0.0,1.0,1,1,1.791759469228055,1.0,3.6635616461296463,8.0,6.0,2.0,1.0,6
46794,3,0.0,9.0,1.0,1,1,1.6094379124341003,2.0,3.713572066704308,5.0,3.0,4.0,1.0,6
46795,3,0.0,0.0,1.0,1,1,1.9459101490553132,2.0,3.8066624897703196,8.0,8.0,4.0,1.0,7
46797,3,0.0,0.0,2.0,4,2,2.6390573296152584,2.0,3.828641396489095,8.0,6.0,2.0,1.0,2
46801,3,0.0,1.0,1.0,1,1,2.5649493574615367,1.0,4.30406509320417,2.0,3.0,4.0,1.0,2
46805,3,0.0,5.0,2.0,4,2,1.6094379124341003,2.0,4.343805421853684,8.0,8.0,4.0,1.0,1
46806,3,0.0,5.0,2.0,4,2,1.6094379124341003,2.0,4.343805421853684,8.0,8.0,4.0,1.0,1
46827,3,0.0,0.0,2.0,4,1,2.4849066497880004,1.0,3.1354942159291497,8.0,6.0,2.0,1.0,7
46829,3,0.0,0.0,2.0,4,1,2.3978952727983707,1.0,3.091042453358316,2.0,3.0,4.0,1.0,3
46830,3,0.0,0.0,1.0,1,1,1.6094379124341003,2.0,3.1780538303479458,1.0,3.0,4.0,2.0,5
46834,3,0.0,3.0,2.0,1,2,2.1972245773362196,2.0,3.8066624897703196,8.0,3.0,4.0,1.0,2
46836,3,0.0,0.0,1.0,1,1,2.302585092994046,1.0,3.332204510175204,8.0,8.0,4.0,1.0,6
46837,3,0.0,0.0,1.0,4,1,2.3978952727983707,1.0,3.4965075614664802,8.0,1.0,4.0,2.0,3
46844,3,0.0,0.0,2.0,4,2,0.6931471805599453,1.0,3.8066624897703196,5.0,9.0,2.0,1.0,3
46846,3,0.0,0.0,1.0,1,1,2.1972245773362196,2.0,3.713572066704308,2.0,5.0,4.0,2.0,1
46847,3,0.0,0.0,1.0,1,1,2.1972245773362196,2.0,3.713572066704308,2.0,5.0,4.0,2.0,1
46852,3,0.0,0.0,1.0,1,8,2.3978952727983707,2.0,3.6635616461296463,1.0,3.0,4.0,1.0,5
46854,3,0.0,2.0,1.0,1,1,2.5649493574615367,2.0,3.1354942159291497,1.0,3.0,4.0,1.0,3
46862,3,0.0,0.0,1.0,1,1,2.5649493574615367,1.0,3.9512437185814275,1.0,3.0,4.0,1.0,4
46864,3,0.0,0.0,1.0,1,1,2.302585092994046,1.0,3.4657359027997265,1.0,9.0,4.0,2.0,3
46866,2,0.0,1.0,1.0,1,1,1.6094379124341003,1.0,3.912023005428146,1.0,3.0,4.0,1.0,2
46867,3,0.0,3.0,1.0,7,9,1.9459101490553132,1.0,3.4965075614664802,1.0,3.0,4.0,1.0,5
46868,3,0.0,0.0,2.0,1,2,2.4849066497880004,1.0,3.2188758248682006,1.0,8.0,4.0,1.0,4
46872,3,0.0,0.0,1.0,1,1,2.772588722239781,1.0,3.9889840465642745,2.0,1.0,4.0,1.0,6
46873,3,0.0,0.0,1.0,1,1,2.772588722239781,1.0,3.9889840465642745,2.0,1.0,4.0,1.0,6
46879,3,0.0,0.0,1.0,1,1,0.6931471805599453,2.0,3.6375861597263857,8.0,1.0,4.0,2.0,2
46881,3,0.0,0.0,1.0,1,1,1.9459101490553132,1.0,2.9444389791664403,2.0,3.0,4.0,1.0,7
46882,3,0.0,1.0,2.0,4,2,1.9459101490553132,1.0,3.9512437185814275,2.0,3.0,4.0,1.0,7
46889,3,0.0,0.0,1.0,7,9,2.0794415416798357,2.0,3.4965075614664802,1.0,3.0,4.0,2.0,2
46891,3,0.0,0.0,1.0,1,1,0.6931471805599453,1.0,3.367295829986474,1.0,3.0,4.0,1.0,4
46893,2,0.0,0.0,1.0,1,1,2.6390573296152584,1.0,4.248495242049359,2.0,2.0,4.0,1.0,7
46894,2,0.0,0.0,1.0,1,1,2.6390573296152584,1.0,4.248495242049359,2.0,2.0,4.0,1.0,7
46897,3,0.0,0.0,1.0,1,1,2.5649493574615367,1.0,3.367295829986474,5.0,6.0,4.0,1.0,1
46898,3,0.0,0.0,1.0,1,1,2.772588722239781,1.0,3.1780538303479458,8.0,6.0,4.0,1.0,1
46899,3,0.0,0.0,1.0,1,1,2.6390573296152584,2.0,4.174387269895637,8.0,3.0,4.0,2.0,5
46901,3,0.0,0.0,1.0,1,1,3.091042453358316,1.0,3.4011973816621555,8.0,5.0,4.0,1.0,1
46905,3,0.0,0.0,1.0,1,1,2.1972245773362196,2.0,3.6635616461296463,8.0,9.0,4.0,2.0,7
46906,3,0.0,0.0,1.0,1,1,2.1972245773362196,2.0,3.6635616461296463,8.0,9.0,4.0,2.0,7
46908,3,0.0,0.0,1.0,7,1,1.6094379124341003,2.0,4.04305126783455,1.0,3.0,4.0,1.0,2
46909,3,0.0,0.0,1.0,7,1,2.6390573296152584,1.0,3.8501476017100584,1.0,3.0,4.0,1.0,2
46910,3,0.0,0.0,1.0,7,1,1.9459101490553132,2.0,3.1780538303479458,1.0,3.0,4.0,1.0,2
46912,3,0.0,0.0,1.0,4,1,2.1972245773362196,2.0,4.04305126783455,8.0,5.0,4.0,2.0,6
46914,3,0.0,0.0,2.0,1,2,2.6390573296152584,1.0,4.07753744390572,2.0,3.0,4.0,1.0,2
46916,2,0.0,0.0,1.0,4,1,1.791759469228055,1.0,4.0943445622221,5.0,3.0,4.0,1.0,7
46917,2,0.0,0.0,1.0,4,1,1.791759469228055,1.0,4.0943445622221,5.0,3.0,4.0,1.0,7
46918,2,0.0,0.0,1.0,4,1,1.791759469228055,1.0,4.0943445622221,5.0,3.0,4.0,1.0,7
46919,2,0.0,0.0,1.0,4,1,1.791759469228055,1.0,4.0943445622221,5.0,3.0,4.0,1.0,7
46920,2,0.0,0.0,1.0,4,1,1.791759469228055,1.0,4.0943445622221,5.0,3.0,4.0,1.0,7
46921,2,0.0,0.0,1.0,4,1,1.791759469228055,1.0,4.0943445622221,5.0,3.0,4.0,1.0,7
46922,2,0.0,0.0,1.0,4,1,0.6931471805599453,2.0,3.1354942159291497,8.0,3.0,4.0,1.0,7
46923,2,0.0,0.0,1.0,4,1,0.6931471805599453,2.0,3.1354942159291497,8.0,3.0,4.0,1.0,7
46925,3,0.0,0.0,2.0,1,1,0.6931471805599453,2.0,3.6375861597263857,8.0,3.0,4.0,2.0,2
46927,3,0.0,0.0,2.0,4,1,2.4849066497880004,1.0,3.4965075614664802,1.0,3.0,4.0,1.0,6
46931,3,0.0,0.0,1.0,4,8,1.3862943611198906,1.0,3.6109179126442243,8.0,6.0,2.0,1.0,6
46932,3,0.0,0.0,2.0,4,2,1.0986122886681098,1.0,3.871201010907891,2.0,1.0,4.0,2.0,7
46936,3,0.0,0.0,1.0,1,1,1.0986122886681098,2.0,3.7376696182833684,1.0,9.0,4.0,1.0,3
46938,3,0.0,2.0,2.0,1,1,2.0794415416798357,1.0,3.295836866004329,2.0,6.0,4.0,2.0,7
46948,3,0.0,0.0,1.0,1,1,2.1972245773362196,1.0,3.7376696182833684,8.0,6.0,4.0,1.0,2
46950,3,0.0,0.0,2.0,1,8,2.302585092994046,1.0,2.995732273553991,8.0,3.0,4.0,1.0,6
46959,3,0.0,0.0,1.0,1,9,2.6390573296152584,1.0,3.7376696182833684,1.0,3.0,2.0,2.0,6
46966,3,0.0,0.0,1.0,1,7,1.9459101490553132,1.0,3.784189633918261,8.0,6.0,2.0,1.0,1
46968,3,0.0,0.0,1.0,1,1,1.9459101490553132,2.0,4.04305126783455,8.0,9.0,2.0,2.0,2
46970,3,0.0,0.0,1.0,1,9,2.302585092994046,1.0,3.7612001156935624,1.0,3.0,4.0,1.0,5
46973,3,0.0,0.0,1.0,1,8,1.791759469228055,2.0,3.6635616461296463,1.0,3.0,4.0,1.0,2
46974,3,0.0,0.0,1.0,1,8,1.791759469228055,2.0,3.6635616461296463,1.0,3.0,4.0,1.0,2
46975,3,0.0,0.0,1.0,1,8,1.791759469228055,2.0,3.6635616461296463,1.0,3.0,4.0,1.0,2
46983,3,0.0,0.0,1.0,1,1,2.3978952727983707,1.0,3.367295829986474,1.0,6.0,2.0,2.0,4
46984,3,0.0,0.0,1.0,1,1,2.3978952727983707,1.0,3.367295829986474,1.0,6.0,2.0,2.0,4
46986,3,0.0,0.0,1.0,1,1,1.0986122886681098,1.0,4.110873864173311,2.0,6.0,2.0,1.0,3
46987,3,0.0,0.0,1.0,1,1,1.0986122886681098,1.0,4.110873864173311,2.0,6.0,2.0,1.0,3
46988,3,0.0,0.0,1.0,1,9,2.3978952727983707,1.0,4.007333185232471,1.0,8.0,4.0,2.0,6
46990,3,0.0,0.0,1.0,1,9,2.772588722239781,1.0,3.2188758248682006,8.0,1.0,4.0,1.0,5
46991,3,0.0,0.0,1.0,1,9,1.3862943611198906,2.0,3.6375861597263857,8.0,1.0,4.0,1.0,5
46993,3,0.0,0.0,1.0,1,9,2.9444389791664403,2.0,3.784189633918261,1.0,3.0,4.0,1.0,1
46994,3,0.0,0.0,2.0,1,2,2.3978952727983707,2.0,3.970291913552122,2.0,3.0,4.0,1.0,5
46995,3,0.0,0.0,2.0,1,2,2.302585092994046,1.0,4.174387269895637,1.0,3.0,4.0,1.0,5
46996,3,0.0,0.0,2.0,1,2,2.302585092994046,1.0,4.174387269895637,1.0,3.0,4.0,1.0,5
46997,3,0.0,1.0,1.0,1,1,2.772588722239781,1.0,3.828641396489095,1.0,3.0,4.0,1.0,2
46998,3,0.0,1.0,1.0,1,1,2.772588722239781,1.0,3.828641396489095,1.0,3.0,4.0,1.0,2
46999,3,0.0,0.0,1.0,4,1,0.6931471805599453,1.0,4.060443010546419,8.0,6.0,2.0,1.0,3
47000,3,0.0,0.0,1.0,4,1,0.6931471805599453,1.0,4.060443010546419,8.0,6.0,2.0,1.0,3
47001,3,0.0,0.0,1.0,4,1,0.6931471805599453,1.0,4.060443010546419,8.0,6.0,2.0,1.0,3
47004,3,0.0,3.0,2.0,4,2,2.302585092994046,1.0,3.912023005428146,8.0,3.0,4.0,1.0,5
47013,3,0.0,0.0,1.0,4,1,1.6094379124341003,1.0,4.0943445622221,1.0,3.0,4.0,1.0,7
47022,2,0.0,0.0,1.0,1,1,2.6390573296152584,1.0,3.4657359027997265,8.0,3.0,4.0,1.0,1
47023,3,0.0,0.0,1.0,1,1,2.0794415416798357,2.0,3.58351893845611,8.0,3.0,4.0,1.0,7
47025,3,0.0,0.0,1.0,4,1,1.9459101490553132,2.0,3.6888794541139363,1.0,1.0,2.0,2.0,3
47041,3,0.0,0.0,1.0,1,1,2.302585092994046,2.0,4.02535169073515,8.0,3.0,4.0,1.0,3
47049,3,0.0,0.0,1.0,1,1,2.772588722239781,1.0,3.258096538021482,8.0,8.0,4.0,2.0,6
47059,3,0.0,0.0,1.0,1,1,2.1972245773362196,1.0,3.912023005428146,2.0,3.0,4.0,2.0,2
47060,3,0.0,0.0,1.0,1,1,2.1972245773362196,1.0,3.912023005428146,2.0,3.0,4.0,2.0,2
47062,3,0.0,0.0,1.0,1,1,1.6094379124341003,1.0,3.58351893845611,8.0,2.0,4.0,1.0,3
47064,3,0.0,0.0,1.0,1,1,1.791759469228055,2.0,3.58351893845611,8.0,1.0,2.0,1.0,3
47067,3,0.0,0.0,2.0,4,1,2.1972245773362196,1.0,3.295836866004329,1.0,6.0,2.0,1.0,1
47069,3,0.0,0.0,2.0,4,1,1.6094379124341003,2.0,3.8918202981106265,1.0,3.0,4.0,1.0,3
47070,3,0.0,0.0,2.0,1,1,2.0794415416798357,1.0,4.02535169073515,1.0,3.0,2.0,1.0,6
47072,3,0.0,1.0,1.0,4,1,1.791759469228055,1.0,2.8903717578961645,1.0,6.0,2.0,1.0,3
47073,3,0.0,0.0,2.0,1,1,1.0986122886681098,1.0,3.1354942159291497,8.0,3.0,4.0,1.0,6
47077,3,0.0,0.0,2.0,1,1,2.70805020110221,1.0,3.8501476017100584,8.0,3.0,4.0,1.0,2
47079,2,0.0,0.0,2.0,4,9,1.9459101490553132,1.0,3.6635616461296463,8.0,3.0,4.0,1.0,2
47081,3,0.0,0.0,2.0,4,1,1.791759469228055,2.0,3.871201010907891,1.0,3.0,4.0,1.0,5
47090,3,0.0,3.0,2.0,4,1,2.0794415416798357,1.0,3.4965075614664802,1.0,3.0,4.0,2.0,7
47092,3,0.0,0.0,1.0,4,1,2.0794415416798357,1.0,3.091042453358316,8.0,1.0,2.0,1.0,1
47096,3,0.0,0.0,2.0,1,2,2.9444389791664403,1.0,3.8066624897703196,8.0,3.0,4.0,1.0,5
47100,3,0.0,0.0,2.0,1,4,2.302585092994046,1.0,3.332204510175204,1.0,6.0,2.0,1.0,7
47105,3,0.0,0.0,1.0,4,1,1.6094379124341003,2.0,3.6888794541139363,8.0,1.0,2.0,2.0,2
47109,3,0.0,0.0,1.0,1,1,2.3978952727983707,1.0,3.6375861597263857,1.0,3.0,4.0,1.0,6
47114,3,0.0,0.0,1.0,4,1,2.4849066497880004,1.0,3.1780538303479458,8.0,3.0,4.0,2.0,7
47116,3,0.0,0.0,1.0,1,1,0.6931471805599453,1.0,3.828641396489095,8.0,2.0,4.0,2.0,7
47118,3,0.0,0.0,2.0,4,8,2.6390573296152584,1.0,3.8501476017100584,8.0,3.0,4.0,1.0,2
47125,3,0.0,0.0,1.0,1,1,2.70805020110221,1.0,3.332204510175204,8.0,3.0,4.0,2.0,1
47126,3,0.0,0.0,1.0,1,1,2.70805020110221,1.0,3.332204510175204,8.0,3.0,4.0,2.0,1
47131,3,0.0,0.0,2.0,4,1,2.0794415416798357,1.0,2.995732273553991,2.0,6.0,4.0,1.0,6
47132,3,0.0,3.0,2.0,4,1,2.0794415416798357,1.0,2.995732273553991,2.0,6.0,4.0,1.0,6
47136,2,0.0,0.0,2.0,4,2,1.0986122886681098,1.0,4.007333185232471,2.0,3.0,4.0,1.0,2
47140,3,0.0,0.0,2.0,4,2,2.1972245773362196,2.0,3.8918202981106265,8.0,6.0,2.0,2.0,4
47143,3,0.0,0.0,2.0,4,2,2.302585092994046,2.0,2.995732273553991,8.0,3.0,4.0,1.0,3
47157,3,0.0,0.0,2.0,4,1,2.302585092994046,1.0,3.1354942159291497,8.0,3.0,4.0,1.0,1
47165,3,0.0,0.0,1.0,4,1,1.6094379124341003,1.0,3.1780538303479458,1.0,3.0,2.0,2.0,3
47167,3,0.0,0.0,2.0,4,1,1.791759469228055,2.0,3.295836866004329,2.0,5.0,4.0,1.0,5
47175,3,0.0,0.0,1.0,4,1,2.772588722239781,1.0,3.9512437185814275,1.0,6.0,2.0,2.0,4
47177,3,0.0,0.0,1.0,4,1,1.0986122886681098,1.0,3.828641396489095,1.0,6.0,2.0,2.0,6
47179,3,0.0,0.0,1.0,1,1,0.6931471805599453,1.0,3.091042453358316,1.0,3.0,4.0,1.0,4
47183,3,0.0,0.0,2.0,4,2,2.302585092994046,1.0,3.7376696182833684,8.0,6.0,2.0,2.0,3
47189,3,0.0,0.0,1.0,1,1,1.791759469228055,1.0,3.912023005428146,2.0,6.0,4.0,1.0,4
47190,3,0.0,0.0,1.0,1,1,2.5649493574615367,1.0,3.970291913552122,1.0,6.0,2.0,1.0,5
47192,2,0.0,0.0,1.0,4,1,0.6931471805599453,1.0,4.1588830833596715,8.0,6.0,2.0,1.0,7
47193,2,0.0,0.0,1.0,4,1,0.6931471805599453,1.0,4.1588830833596715,8.0,6.0,2.0,1.0,7
47194,2,0.0,0.0,1.0,4,1,0.6931471805599453,1.0,4.1588830833596715,8.0,6.0,2.0,1.0,7
47196,3,0.0,0.0,1.0,4,1,1.6094379124341003,1.0,3.4965075614664802,1.0,1.0,4.0,2.0,2
47199,3,0.0,0.0,1.0,4,1,2.833213344056216,1.0,4.07753744390572,1.0,3.0,4.0,1.0,4
47200,3,0.0,0.0,2.0,4,2,2.0794415416798357,2.0,3.367295829986474,1.0,3.0,4.0,1.0,3
47201,3,0.0,0.0,2.0,4,2,2.0794415416798357,2.0,3.367295829986474,1.0,3.0,4.0,1.0,3
47204,3,0.0,0.0,1.0,1,1,2.3978952727983707,1.0,3.6635616461296463,1.0,3.0,2.0,1.0,2
47206,3,0.0,0.0,1.0,1,1,0.6931471805599453,1.0,3.4339872044851463,2.0,3.0,4.0,1.0,4
47210,3,0.0,0.0,1.0,1,1,1.9459101490553132,2.0,3.2188758248682006,8.0,8.0,4.0,2.0,5
47214,3,0.0,3.0,1.0,4,1,2.4849066497880004,1.0,3.367295829986474,2.0,6.0,2.0,1.0,4
47217,3,0.0,3.0,1.0,1,1,2.302585092994046,1.0,3.091042453358316,1.0,3.0,4.0,1.0,7
47220,3,0.0,0.0,1.0,4,1,1.791759469228055,1.0,3.8501476017100584,1.0,6.0,2.0,1.0,5
47221,3,0.0,0.0,1.0,4,1,1.791759469228055,1.0,3.8501476017100584,1.0,6.0,2.0,1.0,5
47222,3,0.0,0.0,1.0,4,1,1.791759469228055,1.0,3.8501476017100584,1.0,6.0,2.0,1.0,5
47225,3,0.0,0.0,2.0,4,2,2.6390573296152584,1.0,4.110873864173311,1.0,6.0,2.0,1.0,2
47228,3,0.0,0.0,1.0,1,1,2.0794415416798357,1.0,3.5263605246161616,8.0,3.0,4.0,1.0,1
47232,3,0.0,0.0,1.0,1,1,1.791759469228055,1.0,4.430816798843313,2.0,3.0,4.0,1.0,5
47241,3,0.0,0.0,2.0,4,1,2.1972245773362196,1.0,3.4965075614664802,1.0,2.0,4.0,1.0,7
47242,3,0.0,0.0,2.0,4,1,2.1972245773362196,1.0,3.4965075614664802,1.0,2.0,4.0,1.0,7
47244,3,0.0,0.0,2.0,1,2,2.302585092994046,2.0,3.6375861597263857,2.0,3.0,4.0,2.0,6
47246,3,0.0,3.0,1.0,1,1,2.4849066497880004,1.0,4.174387269895637,2.0,3.0,4.0,1.0,5
47251,3,0.0,0.0,1.0,4,1,2.6390573296152584,1.0,3.6635616461296463,8.0,6.0,2.0,2.0,7
47253,3,0.0,0.0,1.0,4,1,2.3978952727983707,2.0,3.044522437723423,2.0,3.0,4.0,1.0,5
47256,3,0.0,0.0,1.0,1,9,2.833213344056216,2.0,4.0943445622221,1.0,6.0,4.0,2.0,3
47259,3,0.0,0.0,1.0,1,1,2.6390573296152584,1.0,3.6109179126442243,8.0,3.0,4.0,1.0,4
47260,3,0.0,0.0,1.0,1,1,2.6390573296152584,1.0,3.6109179126442243,8.0,3.0,4.0,1.0,4
47261,3,0.0,0.0,1.0,1,1,2.302585092994046,2.0,3.1780538303479458,8.0,3.0,2.0,2.0,1
47262,3,0.0,0.0,1.0,1,1,2.302585092994046,2.0,3.1780538303479458,8.0,3.0,2.0,2.0,1
47268,3,0.0,0.0,1.0,7,9,1.791759469228055,1.0,4.060443010546419,1.0,3.0,4.0,1.0,2
47271,3,0.0,5.0,1.0,1,1,2.0794415416798357,1.0,3.6109179126442243,8.0,9.0,4.0,1.0,3
47280,2,0.0,1.0,1.0,1,9,2.6390573296152584,1.0,3.5263605246161616,1.0,3.0,4.0,1.0,6
47281,3,0.0,0.0,1.0,1,1,2.1972245773362196,1.0,4.189654742026425,1.0,3.0,4.0,1.0,4
47282,3,0.0,0.0,1.0,1,1,2.1972245773362196,1.0,4.189654742026425,1.0,3.0,4.0,1.0,4
47283,3,0.0,0.0,1.0,1,1,2.6390573296152584,1.0,3.828641396489095,1.0,3.0,4.0,1.0,4
47284,3,0.0,0.0,1.0,1,1,2.6390573296152584,1.0,3.828641396489095,1.0,3.0,4.0,1.0,4
47285,3,0.0,0.0,1.0,1,1,2.1972245773362196,2.0,3.2188758248682006,2.0,3.0,4.0,1.0,4
47294,3,0.0,4.0,2.0,1,5,2.3978952727983707,1.0,3.871201010907891,2.0,3.0,4.0,1.0,2
47296,3,0.0,0.0,1.0,1,1,1.6094379124341003,2.0,3.6109179126442243,8.0,2.0,4.0,1.0,2
47300,3,0.0,0.0,1.0,4,1,1.791759469228055,1.0,3.332204510175204,8.0,6.0,2.0,1.0,6
47302,3,0.0,0.0,2.0,4,9,2.0794415416798357,1.0,3.6635616461296463,8.0,3.0,2.0,1.0,7
47304,3,0.0,1.0,2.0,1,2,2.5649493574615367,2.0,3.9318256327243257,1.0,3.0,2.0,2.0,5
47306,3,0.0,0.0,2.0,1,2,2.4849066497880004,1.0,3.4011973816621555,1.0,3.0,4.0,1.0,2
47309,3,0.0,0.0,4.0,1,8,1.0986122886681098,1.0,3.4339872044851463,2.0,3.0,2.0,1.0,4
47313,3,0.0,0.0,2.0,4,1,0.6931471805599453,1.0,3.367295829986474,8.0,2.0,4.0,1.0,3
47315,3,0.0,0.0,1.0,4,1,2.6390573296152584,2.0,3.1354942159291497,8.0,1.0,4.0,2.0,1
47326,3,0.0,0.0,1.0,1,1,1.791759469228055,1.0,3.9512437185814275,1.0,3.0,4.0,1.0,7
47328,3,0.0,0.0,1.0,1,9,1.3862943611198906,1.0,3.7376696182833684,1.0,3.0,4.0,1.0,1
47329,3,0.0,0.0,1.0,1,9,1.3862943611198906,1.0,3.7376696182833684,1.0,3.0,4.0,1.0,1
47330,3,0.0,0.0,1.0,4,1,2.3978952727983707,2.0,3.295836866004329,8.0,8.0,4.0,1.0,4
47334,3,0.0,2.0,1.0,1,1,2.6390573296152584,1.0,3.828641396489095,1.0,3.0,4.0,1.0,7
47335,3,0.0,2.0,1.0,1,1,2.6390573296152584,1.0,3.828641396489095,1.0,3.0,4.0,1.0,7
47342,3,0.0,0.0,1.0,1,1,1.791759469228055,1.0,4.127134385045092,1.0,3.0,4.0,1.0,7
47344,3,0.0,0.0,1.0,1,1,1.9459101490553132,2.0,3.9512437185814275,8.0,9.0,2.0,1.0,2
47348,3,0.0,0.0,1.0,4,1,1.0986122886681098,1.0,3.828641396489095,1.0,3.0,4.0,1.0,5
47349,3,0.0,0.0,1.0,4,1,1.0986122886681098,1.0,3.828641396489095,1.0,3.0,4.0,1.0,5
47350,3,0.0,0.0,1.0,4,1,1.0986122886681098,1.0,3.828641396489095,1.0,3.0,4.0,1.0,5
47357,3,0.0,0.0,1.0,1,1,0.6931471805599453,1.0,4.060443010546419,2.0,6.0,2.0,1.0,3
47363,3,0.0,0.0,1.0,1,1,1.0986122886681098,1.0,4.143134726391533,1.0,9.0,2.0,1.0,5
47364,3,0.0,0.0,1.0,1,1,1.0986122886681098,1.0,4.143134726391533,1.0,9.0,2.0,1.0,5
47365,3,0.0,0.0,1.0,1,1,1.0986122886681098,1.0,4.143134726391533,1.0,9.0,2.0,1.0,5
47366,3,0.0,0.0,1.0,1,1,1.0986122886681098,1.0,4.143134726391533,1.0,9.0,2.0,1.0,5
47367,3,0.0,0.0,1.0,1,1,1.0986122886681098,1.0,4.143134726391533,1.0,9.0,2.0,1.0,5
47373,3,0.0,0.0,1.0,4,1,1.9459101490553132,1.0,3.5553480614894135,1.0,6.0,4.0,1.0,7
47374,3,0.0,0.0,2.0,1,1,2.1972245773362196,2.0,3.367295829986474,8.0,3.0,4.0,1.0,6
47376,3,0.0,0.0,1.0,1,1,1.791759469228055,1.0,3.4011973816621555,8.0,9.0,2.0,1.0,3
47380,3,0.0,0.0,2.0,4,1,1.791759469228055,2.0,3.6109179126442243,1.0,3.0,4.0,1.0,4
47381,3,0.0,0.0,2.0,4,1,1.791759469228055,2.0,3.6109179126442243,1.0,3.0,4.0,1.0,4
47383,3,0.0,0.0,1.0,1,1,1.791759469228055,1.0,3.332204510175204,1.0,3.0,4.0,1.0,6
47385,3,0.0,0.0,1.0,1,1,2.6390573296152584,1.0,3.5553480614894135,2.0,3.0,4.0,1.0,3
47386,3,0.0,0.0,1.0,1,1,2.6390573296152584,1.0,3.5553480614894135,2.0,3.0,4.0,1.0,3