accident_severity,special_conditions_at_site,pedestrian_movement,road_surface_conditions,light_conditions,weather_conditions,age_of_vehicle,sex_of_driver,age_of_driver,junction_location,junction_detail,junction_control,did_police_officer_attend_scene_of_accident,day_of_week
48015,2,0.0,0.0,1.0,1,1,1.0986122886681098,1.0,3.970291913552122,8.0,8.0,4.0,1.0,5
48017,2,0.0,0.0,1.0,1,1,0.6931471805599453,1.0,3.295836866004329,1.0,3.0,2.0,1.0,2
48020,3,0.0,4.0,1.0,1,1,2.1972245773362196,2.0,3.912023005428146,1.0,3.0,4.0,1.0,7
48021,3,0.0,0.0,1.0,7,9,1.6094379124341003,2.0,3.091042453358316,1.0,3.0,4.0,2.0,3
48023,3,0.0,2.0,1.0,1,1,2.1972245773362196,2.0,4.1588830833596715,2.0,3.0,4.0,1.0,4
48029,3,0.0,9.0,1.0,1,1,2.772588722239781,1.0,2.995732273553991,1.0,3.0,4.0,1.0,7
48032,3,0.0,0.0,1.0,1,1,1.791759469228055,1.0,3.784189633918261,1.0,3.0,4.0,1.0,5
48034,3,0.0,0.0,1.0,1,1,0.6931471805599453,2.0,3.1780538303479458,1.0,3.0,4.0,1.0,1
48039,3,0.0,0.0,1.0,1,9,2.772588722239781,1.0,3.5263605246161616,1.0,3.0,4.0,1.0,3
48045,3,0.0,0.0,1.0,4,1,0.6931471805599453,1.0,3.7376696182833684,1.0,3.0,2.0,2.0,6
48046,3,0.0,0.0,1.0,4,1,0.6931471805599453,1.0,3.7376696182833684,1.0,3.0,2.0,2.0,6
48048,3,0.0,9.0,1.0,1,1,1.3862943611198906,1.0,3.58351893845611,2.0,5.0,4.0,1.0,7
48049,3,0.0,9.0,1.0,1,1,1.3862943611198906,1.0,3.58351893845611,2.0,5.0,4.0,1.0,7
48052,3,0.0,1.0,1.0,1,1,0.6931471805599453,1.0,3.9512437185814275,1.0,3.0,4.0,1.0,2
48053,3,0.0,0.0,1.0,1,9,2.302585092994046,1.0,3.9318256327243257,8.0,1.0,4.0,1.0,3
48054,3,0.0,0.0,1.0,1,9,2.302585092994046,1.0,3.9318256327243257,8.0,1.0,4.0,1.0,3
48059,2,0.0,4.0,1.0,1,1,2.4849066497880004,1.0,3.044522437723423,2.0,3.0,4.0,1.0,3
48062,3,0.0,0.0,1.0,1,9,1.6094379124341003,1.0,3.8501476017100584,2.0,3.0,4.0,1.0,1
48069,3,0.0,0.0,1.0,4,1,1.6094379124341003,1.0,3.9512437185814275,1.0,6.0,2.0,2.0,7
48070,3,0.0,0.0,1.0,4,1,1.6094379124341003,1.0,3.9512437185814275,1.0,6.0,2.0,2.0,7
48077,3,0.0,0.0,1.0,1,1,2.6390573296152584,2.0,3.6635616461296463,8.0,3.0,4.0,1.0,5
48080,3,0.0,0.0,1.0,1,1,2.70805020110221,1.0,3.5553480614894135,1.0,3.0,4.0,1.0,2
48081,3,0.0,0.0,1.0,1,1,2.5649493574615367,2.0,3.6635616461296463,1.0,3.0,4.0,1.0,6
48082,3,0.0,0.0,1.0,1,1,2.0794415416798357,1.0,3.828641396489095,1.0,3.0,4.0,1.0,6
48083,3,0.0,0.0,1.0,1,1,1.0986122886681098,1.0,3.258096538021482,1.0,3.0,4.0,1.0,6
48085,3,0.0,0.0,1.0,4,1,2.1972245773362196,1.0,3.4011973816621555,2.0,3.0,2.0,1.0,7
48087,3,0.0,0.0,1.0,4,1,2.5649493574615367,1.0,2.8903717578961645,8.0,3.0,4.0,1.0,7
48098,3,0.0,0.0,2.0,1,1,0.6931471805599453,2.0,3.044522437723423,2.0,3.0,2.0,1.0,3
48099,3,0.0,0.0,2.0,1,1,1.6094379124341003,1.0,3.091042453358316,1.0,3.0,2.0,1.0,7
48100,3,0.0,0.0,2.0,1,1,1.9459101490553132,1.0,3.6109179126442243,1.0,3.0,2.0,1.0,7
48108,3,0.0,4.0,1.0,1,1,2.70805020110221,1.0,4.3694478524670215,1.0,6.0,2.0,1.0,5
48111,3,0.0,0.0,1.0,1,1,2.1972245773362196,2.0,3.9318256327243257,1.0,3.0,4.0,2.0,4
48112,3,0.0,3.0,1.0,1,1,2.1972245773362196,1.0,3.4011973816621555,2.0,3.0,4.0,1.0,3
48117,3,0.0,0.0,1.0,1,1,2.8903717578961645,1.0,3.9512437185814275,8.0,8.0,4.0,1.0,4
48119,3,0.0,0.0,1.0,1,1,2.1972245773362196,1.0,3.6375861597263857,8.0,9.0,4.0,1.0,2
48121,3,0.0,0.0,1.0,4,1,1.6094379124341003,1.0,3.4011973816621555,1.0,3.0,4.0,1.0,7
48123,3,0.0,0.0,1.0,1,1,2.1972245773362196,1.0,3.8918202981106265,1.0,6.0,2.0,2.0,6
48124,3,0.0,0.0,1.0,1,1,2.1972245773362196,1.0,3.8918202981106265,1.0,6.0,2.0,2.0,6
48127,3,0.0,0.0,1.0,1,9,1.3862943611198906,1.0,3.6635616461296463,2.0,3.0,4.0,1.0,7
48131,3,0.0,0.0,1.0,1,1,1.0986122886681098,1.0,3.8066624897703196,1.0,6.0,4.0,1.0,3
48140,3,0.0,0.0,1.0,1,1,1.791759469228055,1.0,3.970291913552122,1.0,3.0,4.0,1.0,6
48143,3,0.0,1.0,1.0,1,1,2.6390573296152584,1.0,3.4657359027997265,8.0,6.0,2.0,1.0,1
48144,3,0.0,0.0,1.0,1,1,2.4849066497880004,2.0,3.5263605246161616,1.0,6.0,2.0,2.0,1
48149,3,0.0,0.0,1.0,1,1,1.791759469228055,1.0,3.4339872044851463,1.0,3.0,4.0,1.0,2
48151,3,0.0,0.0,1.0,1,1,2.6390573296152584,2.0,4.31748811353631,2.0,3.0,4.0,1.0,3
48153,3,0.0,0.0,1.0,1,1,2.5649493574615367,1.0,2.995732273553991,1.0,3.0,4.0,1.0,2
48156,3,0.0,1.0,1.0,1,1,2.995732273553991,2.0,3.258096538021482,2.0,3.0,4.0,1.0,6
48157,3,0.0,1.0,1.0,1,1,2.995732273553991,2.0,3.258096538021482,2.0,3.0,4.0,1.0,6
48160,3,0.0,0.0,1.0,1,1,1.0986122886681098,1.0,3.4339872044851463,8.0,3.0,4.0,2.0,5
48164,2,0.0,0.0,1.0,1,1,0.6931471805599453,1.0,3.295836866004329,8.0,3.0,4.0,1.0,1
48169,3,0.0,0.0,1.0,1,1,1.6094379124341003,1.0,4.0943445622221,1.0,3.0,4.0,1.0,5
48171,3,0.0,0.0,1.0,4,1,0.6931471805599453,1.0,3.58351893845611,1.0,3.0,2.0,2.0,7
48172,3,0.0,0.0,1.0,4,1,0.6931471805599453,1.0,3.58351893845611,1.0,3.0,2.0,2.0,7
48174,3,0.0,0.0,1.0,1,1,1.791759469228055,2.0,2.9444389791664403,2.0,3.0,4.0,2.0,7
48177,3,0.0,0.0,1.0,7,9,2.0794415416798357,1.0,3.5263605246161616,1.0,3.0,4.0,1.0,5
48182,3,0.0,0.0,1.0,1,9,0.6931471805599453,2.0,3.367295829986474,1.0,3.0,4.0,1.0,3
48185,3,0.0,0.0,1.0,1,1,2.3978952727983707,2.0,3.2188758248682006,2.0,3.0,4.0,1.0,3
48190,3,0.0,0.0,1.0,1,1,0.6931471805599453,1.0,2.995732273553991,1.0,3.0,4.0,1.0,4
48194,3,0.0,0.0,1.0,1,1,1.9459101490553132,1.0,2.9444389791664403,1.0,3.0,4.0,1.0,3
48195,3,0.0,0.0,1.0,4,1,2.0794415416798357,1.0,3.9512437185814275,1.0,3.0,4.0,1.0,3
48196,3,0.0,2.0,1.0,4,1,2.0794415416798357,1.0,3.9512437185814275,1.0,3.0,4.0,1.0,3
48197,3,0.0,0.0,1.0,1,1,1.0986122886681098,1.0,3.8501476017100584,1.0,3.0,4.0,1.0,2
48200,3,0.0,0.0,1.0,1,1,1.6094379124341003,1.0,3.6888794541139363,8.0,3.0,4.0,1.0,2
48201,3,0.0,0.0,1.0,1,1,2.3978952727983707,2.0,3.8501476017100584,8.0,3.0,4.0,1.0,2
48202,3,0.0,0.0,1.0,1,1,2.3978952727983707,2.0,3.8501476017100584,8.0,3.0,4.0,1.0,2
48203,3,0.0,0.0,1.0,1,1,2.4849066497880004,1.0,3.1354942159291497,1.0,3.0,4.0,1.0,7
48208,2,0.0,0.0,1.0,1,1,1.0986122886681098,1.0,3.9512437185814275,8.0,3.0,4.0,1.0,3
48212,3,0.0,0.0,1.0,1,1,2.4849066497880004,1.0,4.110873864173311,2.0,6.0,2.0,1.0,3
48216,3,0.0,0.0,1.0,1,1,0.6931471805599453,1.0,3.367295829986474,8.0,6.0,4.0,1.0,5
48217,3,0.0,0.0,1.0,1,1,0.6931471805599453,1.0,3.367295829986474,8.0,6.0,4.0,1.0,5
48218,3,0.0,0.0,1.0,1,1,1.3862943611198906,1.0,3.871201010907891,8.0,6.0,4.0,1.0,5
48219,3,0.0,0.0,1.0,1,1,1.3862943611198906,1.0,3.871201010907891,8.0,6.0,4.0,1.0,5
48220,3,0.0,0.0,1.0,1,1,1.9459101490553132,2.0,3.1780538303479458,1.0,3.0,2.0,1.0,7
48222,3,0.0,0.0,1.0,1,9,2.5649493574615367,1.0,3.5263605246161616,1.0,3.0,4.0,1.0,3
48226,3,0.0,0.0,1.0,1,1,2.70805020110221,2.0,3.044522437723423,8.0,5.0,4.0,1.0,5
48236,3,0.0,1.0,1.0,1,1,1.791759469228055,1.0,3.713572066704308,1.0,3.0,4.0,1.0,2
48237,3,0.0,1.0,1.0,1,1,1.791759469228055,1.0,3.713572066704308,1.0,3.0,4.0,1.0,2
48242,3,0.0,0.0,1.0,1,1,1.3862943611198906,1.0,4.02535169073515,8.0,3.0,4.0,1.0,7
48247,3,0.0,0.0,1.0,1,1,2.5649493574615367,1.0,3.828641396489095,8.0,6.0,2.0,1.0,1
48248,3,0.0,0.0,1.0,1,1,2.5649493574615367,1.0,3.828641396489095,8.0,6.0,2.0,1.0,1
48250,2,0.0,0.0,1.0,4,1,2.5649493574615367,1.0,3.1354942159291497,8.0,8.0,4.0,2.0,7
48256,3,0.0,0.0,1.0,1,1,2.0794415416798357,1.0,4.07753744390572,8.0,3.0,4.0,1.0,4
48262,3,0.0,1.0,2.0,1,2,2.4849066497880004,1.0,3.970291913552122,1.0,3.0,4.0,1.0,4
48265,3,0.0,0.0,1.0,1,1,1.0986122886681098,2.0,3.4965075614664802,1.0,3.0,4.0,1.0,3
48269,3,0.0,0.0,1.0,7,9,2.5649493574615367,1.0,2.9444389791664403,1.0,3.0,4.0,1.0,6
48270,3,0.0,0.0,1.0,7,9,1.9459101490553132,2.0,4.0943445622221,1.0,3.0,4.0,1.0,6
48285,3,0.0,0.0,1.0,1,1,2.0794415416798357,2.0,3.1780538303479458,8.0,3.0,4.0,1.0,5
48286,3,0.0,0.0,1.0,4,1,1.3862943611198906,1.0,4.007333185232471,1.0,3.0,2.0,1.0,6
48287,3,0.0,0.0,1.0,4,1,1.3862943611198906,1.0,4.007333185232471,1.0,3.0,2.0,1.0,6
48289,3,0.0,0.0,1.0,1,1,2.6390573296152584,1.0,3.332204510175204,8.0,3.0,4.0,1.0,3
48290,3,0.0,0.0,1.0,1,1,1.9459101490553132,2.0,3.6109179126442243,8.0,3.0,4.0,1.0,3
48291,3,0.0,0.0,1.0,1,1,1.9459101490553132,2.0,3.6109179126442243,8.0,3.0,4.0,1.0,3
48292,3,0.0,0.0,1.0,1,1,1.9459101490553132,2.0,3.6109179126442243,8.0,3.0,4.0,1.0,3
48293,3,0.0,0.0,2.0,1,2,1.791759469228055,2.0,3.295836866004329,1.0,2.0,4.0,2.0,6
48295,3,0.0,0.0,1.0,1,1,2.1972245773362196,1.0,3.8918202981106265,8.0,3.0,4.0,1.0,2
48297,3,0.0,0.0,1.0,1,1,2.302585092994046,2.0,3.1354942159291497,8.0,6.0,2.0,1.0,1
48307,3,0.0,0.0,1.0,1,1,2.1972245773362196,1.0,4.189654742026425,8.0,6.0,2.0,1.0,6
48310,3,0.0,0.0,1.0,1,1,1.9459101490553132,1.0,3.5553480614894135,8.0,3.0,4.0,1.0,7
48313,3,0.0,0.0,1.0,1,1,2.0794415416798357,1.0,3.5263605246161616,2.0,3.0,4.0,1.0,2
48316,3,0.0,0.0,1.0,4,1,2.3978952727983707,1.0,2.995732273553991,8.0,3.0,4.0,1.0,1
48318,3,0.0,1.0,1.0,1,1,2.3978952727983707,1.0,3.091042453358316,1.0,3.0,4.0,1.0,3
48319,3,0.0,0.0,1.0,1,1,2.3978952727983707,1.0,3.091042453358316,1.0,3.0,4.0,1.0,3
48324,3,0.0,0.0,1.0,4,1,1.791759469228055,2.0,3.713572066704308,8.0,3.0,2.0,1.0,3
48328,3,0.0,0.0,1.0,1,1,2.6390573296152584,1.0,3.784189633918261,1.0,3.0,2.0,1.0,1
48330,3,0.0,1.0,1.0,1,1,1.0986122886681098,1.0,3.4965075614664802,8.0,3.0,4.0,1.0,3
48339,3,0.0,0.0,2.0,1,8,1.9459101490553132,2.0,3.295836866004329,1.0,6.0,2.0,1.0,2
48343,3,0.0,0.0,1.0,1,1,1.3862943611198906,1.0,3.871201010907891,8.0,3.0,4.0,1.0,7
48344,3,0.0,0.0,1.0,1,1,1.3862943611198906,1.0,3.871201010907891,8.0,3.0,4.0,1.0,7
48345,3,0.0,0.0,2.0,4,2,1.6094379124341003,1.0,3.4339872044851463,1.0,3.0,2.0,1.0,4
48346,3,0.0,0.0,1.0,1,1,2.1972245773362196,1.0,3.332204510175204,1.0,3.0,4.0,1.0,5
48349,3,0.0,0.0,1.0,1,1,1.6094379124341003,1.0,3.2188758248682006,8.0,3.0,4.0,1.0,4
48355,3,0.0,0.0,1.0,4,1,2.4849066497880004,1.0,4.110873864173311,1.0,3.0,4.0,1.0,6
48357,3,0.0,0.0,1.0,1,1,2.5649493574615367,1.0,3.970291913552122,1.0,3.0,4.0,1.0,6
48365,3,0.0,0.0,1.0,7,9,1.0986122886681098,1.0,3.784189633918261,1.0,3.0,4.0,1.0,5
48366,3,0.0,0.0,1.0,1,1,1.9459101490553132,1.0,4.02535169073515,2.0,6.0,2.0,1.0,5
48367,3,0.0,0.0,1.0,1,1,1.9459101490553132,1.0,4.02535169073515,2.0,6.0,2.0,1.0,5
48368,3,0.0,0.0,1.0,1,1,2.1972245773362196,1.0,3.9889840465642745,8.0,6.0,2.0,1.0,6
48371,3,0.0,0.0,1.0,1,1,2.1972245773362196,1.0,3.4011973816621555,8.0,3.0,4.0,1.0,6
48372,3,0.0,0.0,1.0,1,1,1.0986122886681098,1.0,3.58351893845611,1.0,3.0,4.0,1.0,4
48375,3,0.0,0.0,1.0,1,1,2.70805020110221,1.0,3.8918202981106265,8.0,3.0,4.0,1.0,1
48376,3,0.0,0.0,1.0,1,1,1.9459101490553132,1.0,3.713572066704308,8.0,3.0,4.0,1.0,1
48377,3,0.0,1.0,1.0,1,1,2.772588722239781,1.0,4.31748811353631,1.0,6.0,2.0,1.0,1
48390,3,0.0,0.0,1.0,4,1,1.791759469228055,1.0,3.4339872044851463,1.0,3.0,4.0,1.0,4
48403,3,0.0,0.0,1.0,1,1,1.6094379124341003,2.0,4.0943445622221,1.0,5.0,2.0,1.0,6
48404,3,0.0,0.0,1.0,1,1,1.6094379124341003,2.0,4.0943445622221,1.0,5.0,2.0,1.0,6
48405,3,0.0,0.0,1.0,1,1,2.833213344056216,1.0,4.110873864173311,8.0,3.0,4.0,1.0,4
48406,3,0.0,0.0,1.0,1,1,2.833213344056216,1.0,4.110873864173311,8.0,3.0,4.0,1.0,4
48409,3,0.0,0.0,1.0,4,9,1.9459101490553132,1.0,3.4011973816621555,2.0,3.0,2.0,1.0,6
48412,3,0.0,0.0,2.0,1,2,1.0986122886681098,1.0,3.4011973816621555,1.0,3.0,4.0,2.0,5
48414,3,0.0,0.0,2.0,1,1,2.5649493574615367,2.0,3.828641396489095,1.0,3.0,4.0,1.0,3
48415,3,0.0,0.0,1.0,1,1,2.6390573296152584,1.0,3.970291913552122,1.0,3.0,4.0,1.0,4
48419,3,0.0,0.0,1.0,4,1,1.0986122886681098,2.0,4.174387269895637,1.0,3.0,4.0,1.0,2
48420,3,0.0,0.0,1.0,4,1,1.0986122886681098,2.0,4.174387269895637,1.0,3.0,4.0,1.0,2
48423,3,0.0,0.0,1.0,1,1,1.9459101490553132,1.0,3.1354942159291497,8.0,3.0,4.0,1.0,4
48430,3,0.0,0.0,1.0,4,1,2.1972245773362196,1.0,3.1780538303479458,1.0,1.0,4.0,2.0,1
48432,3,0.0,0.0,1.0,1,1,2.6390573296152584,1.0,3.091042453358316,1.0,3.0,4.0,1.0,3
48433,3,0.0,0.0,1.0,1,1,2.6390573296152584,1.0,3.6375861597263857,8.0,6.0,2.0,1.0,5
48435,3,0.0,0.0,2.0,4,2,2.0794415416798357,1.0,2.995732273553991,1.0,6.0,4.0,1.0,7
48438,3,0.0,0.0,1.0,1,1,1.0986122886681098,1.0,3.4657359027997265,8.0,7.0,2.0,1.0,3
48439,3,0.0,9.0,1.0,1,1,1.0986122886681098,1.0,3.4657359027997265,8.0,7.0,2.0,1.0,3
48444,3,0.0,0.0,1.0,4,1,1.0986122886681098,1.0,3.4339872044851463,8.0,6.0,2.0,1.0,5
48445,3,0.0,1.0,1.0,1,1,2.8903717578961645,1.0,3.9318256327243257,2.0,3.0,4.0,1.0,1
48448,3,0.0,1.0,1.0,1,1,2.833213344056216,2.0,3.713572066704308,1.0,3.0,4.0,1.0,4
48450,3,0.0,0.0,1.0,1,1,1.0986122886681098,1.0,4.02535169073515,8.0,3.0,4.0,1.0,6
48457,3,0.0,0.0,1.0,1,1,1.791759469228055,2.0,3.7376696182833684,8.0,3.0,4.0,1.0,1
48460,3,0.0,0.0,1.0,1,1,2.5649493574615367,1.0,3.044522437723423,1.0,3.0,4.0,1.0,4
48461,3,0.0,0.0,1.0,4,1,2.8903717578961645,1.0,3.6109179126442243,1.0,6.0,2.0,1.0,5
48462,3,0.0,0.0,1.0,4,1,2.8903717578961645,1.0,3.6109179126442243,1.0,6.0,2.0,1.0,5
48472,3,0.0,0.0,1.0,4,1,1.791759469228055,1.0,3.295836866004329,1.0,3.0,4.0,1.0,7
48474,3,0.0,0.0,1.0,1,1,2.1972245773362196,1.0,2.8903717578961645,8.0,8.0,4.0,2.0,7
48480,3,0.0,2.0,1.0,1,1,1.6094379124341003,1.0,3.4339872044851463,1.0,3.0,4.0,1.0,6
48489,3,0.0,0.0,2.0,4,2,2.4849066497880004,1.0,3.8066624897703196,8.0,6.0,2.0,2.0,2
48501,3,0.0,0.0,1.0,1,1,2.995732273553991,2.0,3.6109179126442243,8.0,8.0,4.0,1.0,4
48503,3,0.0,0.0,1.0,1,1,2.772588722239781,1.0,3.912023005428146,8.0,6.0,2.0,2.0,7
48509,3,0.0,0.0,1.0,4,1,1.3862943611198906,2.0,3.4011973816621555,8.0,3.0,4.0,1.0,3
48513,3,0.0,0.0,1.0,4,1,2.1972245773362196,2.0,3.7612001156935624,1.0,3.0,2.0,1.0,7
48515,3,0.0,0.0,1.0,1,9,1.0986122886681098,1.0,3.713572066704308,1.0,6.0,2.0,1.0,6
48518,3,0.0,0.0,1.0,4,1,1.0986122886681098,1.0,3.258096538021482,1.0,3.0,4.0,1.0,2
48519,3,0.0,0.0,2.0,1,2,1.6094379124341003,1.0,3.1354942159291497,8.0,2.0,4.0,1.0,2
48521,3,0.0,0.0,1.0,1,1,2.3978952727983707,1.0,3.044522437723423,1.0,3.0,4.0,1.0,7
48522,3,0.0,0.0,1.0,1,1,2.3978952727983707,1.0,3.044522437723423,1.0,3.0,4.0,1.0,7
48523,3,0.0,0.0,1.0,1,1,2.3978952727983707,1.0,3.044522437723423,1.0,3.0,4.0,1.0,7
48525,3,0.0,0.0,1.0,1,1,1.6094379124341003,1.0,3.970291913552122,1.0,3.0,4.0,1.0,1
48527,3,0.0,0.0,1.0,7,9,2.1972245773362196,2.0,3.6109179126442243,2.0,9.0,4.0,1.0,1
48528,3,0.0,0.0,1.0,7,9,2.1972245773362196,2.0,3.6109179126442243,2.0,9.0,4.0,1.0,1
48529,3,0.0,0.0,1.0,1,1,1.6094379124341003,1.0,3.258096538021482,8.0,3.0,2.0,1.0,4
48533,3,0.0,0.0,1.0,7,9,2.0794415416798357,1.0,3.295836866004329,1.0,3.0,4.0,1.0,7
48534,3,0.0,0.0,1.0,7,9,2.302585092994046,1.0,3.8918202981106265,1.0,3.0,4.0,1.0,7
48535,3,3.0,0.0,1.0,4,1,2.1972245773362196,1.0,3.258096538021482,8.0,3.0,4.0,1.0,1
48538,3,0.0,0.0,2.0,4,1,1.3862943611198906,1.0,4.110873864173311,1.0,3.0,4.0,1.0,2
48539,3,0.0,0.0,2.0,1,2,1.791759469228055,1.0,3.7376696182833684,1.0,3.0,4.0,1.0,3
48543,3,0.0,0.0,1.0,4,1,2.70805020110221,1.0,4.343805421853684,8.0,3.0,4.0,1.0,3
48545,3,0.0,0.0,1.0,4,1,2.0794415416798357,1.0,3.970291913552122,1.0,3.0,4.0,1.0,3
48553,3,0.0,0.0,2.0,1,2,2.1972245773362196,1.0,3.091042453358316,1.0,3.0,4.0,1.0,2
48554,3,0.0,0.0,2.0,1,2,2.6390573296152584,2.0,4.174387269895637,1.0,3.0,4.0,1.0,2
48555,3,0.0,0.0,1.0,1,1,0.6931471805599453,1.0,3.7376696182833684,8.0,9.0,4.0,1.0,1
48556,3,0.0,0.0,1.0,1,1,0.6931471805599453,1.0,3.7376696182833684,8.0,9.0,4.0,1.0,1
48567,3,0.0,9.0,1.0,1,1,1.0986122886681098,1.0,3.6109179126442243,8.0,3.0,4.0,1.0,5
48570,3,0.0,0.0,1.0,1,1,1.791759469228055,1.0,3.091042453358316,1.0,6.0,2.0,1.0,6
48574,2,0.0,3.0,1.0,1,1,3.2188758248682006,1.0,3.367295829986474,2.0,3.0,4.0,1.0,5
48582,3,0.0,0.0,1.0,1,1,1.0986122886681098,1.0,3.295836866004329,1.0,3.0,4.0,1.0,3
48588,3,0.0,0.0,1.0,7,9,0.6931471805599453,1.0,3.7376696182833684,8.0,6.0,2.0,2.0,3
48594,3,0.0,0.0,1.0,1,1,2.833213344056216,2.0,3.4339872044851463,8.0,3.0,4.0,1.0,1
48597,3,0.0,0.0,1.0,1,1,2.0794415416798357,2.0,3.7376696182833684,5.0,3.0,4.0,2.0,5
48599,3,0.0,0.0,1.0,4,1,2.1972245773362196,2.0,3.2188758248682006,1.0,5.0,4.0,1.0,1
48602,3,0.0,3.0,1.0,1,1,1.6094379124341003,2.0,4.2626798770413155,8.0,6.0,4.0,1.0,6
48603,3,0.0,0.0,1.0,4,1,1.9459101490553132,1.0,2.995732273553991,8.0,8.0,4.0,1.0,2
48611,3,0.0,0.0,1.0,1,1,1.0986122886681098,1.0,4.04305126783455,1.0,3.0,4.0,1.0,7
48612,3,0.0,2.0,1.0,1,1,1.6094379124341003,1.0,3.9512437185814275,2.0,6.0,2.0,1.0,3
48621,2,0.0,0.0,2.0,1,8,1.3862943611198906,1.0,3.6109179126442243,8.0,6.0,2.0,1.0,5
48622,2,0.0,0.0,2.0,1,8,1.3862943611198906,1.0,3.6109179126442243,8.0,6.0,2.0,1.0,5
48623,3,0.0,0.0,2.0,4,1,0.6931471805599453,1.0,3.871201010907891,2.0,3.0,4.0,1.0,2
48626,3,0.0,0.0,1.0,1,1,2.302585092994046,1.0,3.6888794541139363,1.0,3.0,4.0,1.0,5
48627,3,0.0,0.0,1.0,1,1,2.302585092994046,1.0,3.6888794541139363,1.0,3.0,4.0,1.0,5
48629,3,0.0,0.0,1.0,1,1,1.6094379124341003,1.0,3.258096538021482,8.0,3.0,4.0,1.0,5
48631,3,0.0,0.0,1.0,1,1,2.302585092994046,2.0,3.4011973816621555,8.0,3.0,4.0,1.0,7
48634,3,0.0,0.0,1.0,4,1,2.0794415416798357,2.0,3.4339872044851463,1.0,3.0,4.0,2.0,2
48635,3,0.0,0.0,1.0,4,1,2.0794415416798357,2.0,3.4339872044851463,1.0,3.0,4.0,2.0,2
48637,3,0.0,0.0,1.0,7,1,2.1972245773362196,2.0,2.8903717578961645,1.0,6.0,2.0,1.0,6
48639,2,0.0,0.0,2.0,1,8,1.3862943611198906,2.0,4.02535169073515,1.0,6.0,2.0,1.0,5
48641,3,0.0,1.0,1.0,4,1,1.6094379124341003,1.0,3.5553480614894135,1.0,6.0,2.0,1.0,7
48647,3,0.0,0.0,1.0,1,4,2.3978952727983707,2.0,3.912023005428146,1.0,3.0,4.0,1.0,7
48649,3,0.0,0.0,2.0,4,1,1.9459101490553132,1.0,3.871201010907891,1.0,9.0,4.0,1.0,5
48651,3,0.0,0.0,2.0,1,2,2.5649493574615367,1.0,3.4965075614664802,8.0,6.0,4.0,1.0,4
48656,3,0.0,0.0,1.0,4,9,1.9459101490553132,1.0,3.1354942159291497,1.0,9.0,2.0,1.0,7
48657,3,0.0,2.0,1.0,4,9,1.9459101490553132,1.0,3.1354942159291497,1.0,9.0,2.0,1.0,7
48672,3,0.0,0.0,2.0,1,7,2.5649493574615367,1.0,2.8903717578961645,8.0,7.0,2.0,1.0,2
48674,3,0.0,0.0,1.0,4,1,1.791759469228055,1.0,4.02535169073515,1.0,3.0,4.0,1.0,3
48675,3,0.0,0.0,1.0,4,1,1.791759469228055,1.0,4.02535169073515,1.0,3.0,4.0,1.0,3
48676,3,0.0,1.0,1.0,4,1,1.791759469228055,1.0,3.6109179126442243,2.0,3.0,4.0,1.0,6
48678,3,0.0,0.0,1.0,4,1,2.4849066497880004,1.0,3.2188758248682006,8.0,3.0,4.0,1.0,6
48681,3,0.0,0.0,1.0,1,1,2.4849066497880004,2.0,3.58351893845611,1.0,3.0,2.0,2.0,6
48685,3,0.0,0.0,1.0,1,1,1.6094379124341003,2.0,3.6109179126442243,8.0,3.0,4.0,2.0,4
48687,2,0.0,0.0,1.0,1,1,0.6931471805599453,1.0,3.828641396489095,8.0,7.0,2.0,1.0,6
48690,3,0.0,0.0,1.0,1,9,2.5649493574615367,2.0,4.204692619390966,1.0,8.0,4.0,1.0,4
48693,3,0.0,0.0,1.0,4,1,1.0986122886681098,1.0,3.4339872044851463,1.0,9.0,2.0,1.0,5
48697,3,0.0,0.0,1.0,1,1,1.0986122886681098,2.0,3.8066624897703196,8.0,6.0,4.0,1.0,7
48698,3,0.0,0.0,1.0,1,1,1.0986122886681098,2.0,3.8066624897703196,8.0,6.0,4.0,1.0,7
48699,3,0.0,0.0,1.0,1,1,1.0986122886681098,2.0,3.8066624897703196,8.0,6.0,4.0,1.0,7
48700,3,0.0,0.0,1.0,1,1,1.0986122886681098,2.0,3.8066624897703196,8.0,6.0,4.0,1.0,7
48703,3,0.0,1.0,2.0,1,2,1.6094379124341003,1.0,4.0943445622221,8.0,3.0,4.0,1.0,3
48704,2,0.0,0.0,1.0,4,1,1.0986122886681098,1.0,3.091042453358316,8.0,6.0,2.0,1.0,4
48705,2,0.0,0.0,1.0,4,1,2.3978952727983707,1.0,3.1354942159291497,8.0,6.0,2.0,1.0,4
48706,3,0.0,0.0,1.0,4,1,0.6931471805599453,2.0,3.6635616461296463,8.0,3.0,4.0,1.0,6
48707,3,0.0,0.0,1.0,4,1,0.6931471805599453,1.0,3.4339872044851463,8.0,3.0,4.0,1.0,6
48710,2,0.0,0.0,2.0,4,2,2.4849066497880004,1.0,3.912023005428146,1.0,6.0,2.0,2.0,2