accident_severity,special_conditions_at_site,pedestrian_movement,road_surface_conditions,light_conditions,weather_conditions,age_of_vehicle,sex_of_driver,age_of_driver,junction_location,junction_detail,junction_control,did_police_officer_attend_scene_of_accident,day_of_week
48711,2,0.0,0.0,2.0,4,2,2.4849066497880004,1.0,3.912023005428146,1.0,6.0,2.0,2.0,2
48713,3,0.0,0.0,2.0,1,2,2.6390573296152584,2.0,3.6635616461296463,8.0,3.0,4.0,2.0,5
48714,3,0.0,0.0,2.0,1,2,2.6390573296152584,2.0,3.6635616461296463,8.0,3.0,4.0,2.0,5
48728,3,0.0,1.0,1.0,1,1,2.6390573296152584,1.0,3.9318256327243257,1.0,2.0,4.0,1.0,6
48738,3,0.0,3.0,2.0,1,2,2.4849066497880004,1.0,3.8918202981106265,8.0,3.0,4.0,1.0,4
48743,3,0.0,2.0,1.0,4,1,1.6094379124341003,1.0,3.9889840465642745,2.0,3.0,4.0,1.0,4
48747,3,0.0,0.0,1.0,1,9,0.6931471805599453,2.0,3.2188758248682006,1.0,3.0,4.0,1.0,3
48749,3,0.0,0.0,1.0,4,1,1.0986122886681098,1.0,3.713572066704308,1.0,3.0,4.0,1.0,1
48752,3,0.0,0.0,2.0,1,2,2.70805020110221,1.0,3.8501476017100584,1.0,6.0,4.0,1.0,2
48754,3,0.0,0.0,1.0,1,1,1.6094379124341003,1.0,4.110873864173311,1.0,3.0,4.0,1.0,6
48759,3,0.0,4.0,1.0,1,1,1.791759469228055,1.0,3.6109179126442243,1.0,3.0,4.0,1.0,2
48760,3,0.0,0.0,1.0,1,1,1.791759469228055,1.0,3.6109179126442243,1.0,3.0,4.0,1.0,2
48761,3,0.0,3.0,1.0,7,1,2.0794415416798357,1.0,3.295836866004329,2.0,3.0,4.0,1.0,1
48766,3,0.0,0.0,1.0,4,4,2.302585092994046,1.0,3.044522437723423,1.0,3.0,2.0,1.0,4
48768,3,0.0,1.0,2.0,4,2,1.791759469228055,1.0,3.912023005428146,1.0,3.0,4.0,1.0,6
48769,3,0.0,0.0,1.0,4,1,2.6390573296152584,1.0,3.58351893845611,1.0,9.0,4.0,1.0,4
48774,2,0.0,0.0,1.0,4,1,1.3862943611198906,1.0,3.6635616461296463,8.0,3.0,4.0,1.0,2
48775,3,0.0,0.0,1.0,1,1,1.6094379124341003,2.0,3.4011973816621555,2.0,5.0,4.0,1.0,6
48777,3,0.0,0.0,1.0,1,1,1.6094379124341003,1.0,4.0943445622221,8.0,3.0,4.0,2.0,5
48779,3,0.0,0.0,1.0,1,1,2.302585092994046,1.0,3.332204510175204,2.0,6.0,4.0,2.0,1
48780,3,0.0,0.0,1.0,1,1,2.302585092994046,1.0,3.332204510175204,2.0,6.0,4.0,2.0,1
48783,3,0.0,0.0,1.0,1,1,0.6931471805599453,1.0,3.1780538303479458,8.0,2.0,4.0,1.0,7
48784,3,0.0,3.0,1.0,4,1,2.772588722239781,1.0,3.871201010907891,8.0,9.0,2.0,1.0,4
48792,3,0.0,0.0,2.0,4,2,1.9459101490553132,1.0,3.4965075614664802,8.0,6.0,4.0,2.0,5
48794,3,0.0,0.0,1.0,4,1,1.3862943611198906,1.0,3.8918202981106265,1.0,3.0,4.0,1.0,6
48795,3,0.0,0.0,1.0,4,1,1.3862943611198906,1.0,3.8918202981106265,1.0,3.0,4.0,1.0,6
48796,3,0.0,0.0,1.0,4,1,1.3862943611198906,1.0,3.8918202981106265,1.0,3.0,4.0,1.0,6
48798,3,0.0,0.0,2.0,1,9,2.4849066497880004,2.0,3.258096538021482,1.0,3.0,4.0,1.0,5
48803,3,0.0,4.0,1.0,4,1,0.6931471805599453,1.0,3.1780538303479458,1.0,6.0,2.0,1.0,7
48806,3,0.0,0.0,2.0,1,1,2.0794415416798357,1.0,3.1780538303479458,1.0,3.0,4.0,1.0,7
48809,3,0.0,0.0,1.0,1,1,1.0986122886681098,2.0,4.02535169073515,2.0,3.0,4.0,2.0,7
48813,3,0.0,0.0,1.0,1,1,2.70805020110221,1.0,3.9318256327243257,8.0,3.0,4.0,1.0,2
48815,3,0.0,0.0,1.0,1,1,1.3862943611198906,1.0,2.995732273553991,8.0,8.0,4.0,1.0,4
48819,3,0.0,0.0,2.0,4,2,1.3862943611198906,1.0,3.332204510175204,8.0,3.0,2.0,1.0,7
48820,3,0.0,0.0,2.0,4,2,2.302585092994046,2.0,3.4657359027997265,5.0,3.0,2.0,1.0,7
48821,3,0.0,0.0,2.0,4,2,2.302585092994046,2.0,3.4657359027997265,5.0,3.0,2.0,1.0,7
48823,3,0.0,0.0,2.0,4,2,2.772588722239781,1.0,3.5553480614894135,8.0,3.0,2.0,1.0,6
48824,3,0.0,0.0,2.0,4,2,2.772588722239781,1.0,3.5553480614894135,8.0,3.0,2.0,1.0,6
48827,3,0.0,0.0,1.0,1,1,1.6094379124341003,1.0,3.6635616461296463,1.0,6.0,2.0,2.0,7
48829,3,0.0,0.0,2.0,1,1,1.0986122886681098,1.0,3.332204510175204,1.0,6.0,2.0,1.0,3
48830,3,0.0,0.0,1.0,7,1,1.0986122886681098,1.0,3.4965075614664802,1.0,6.0,4.0,1.0,6
48832,3,0.0,3.0,2.0,4,2,2.302585092994046,1.0,3.367295829986474,2.0,1.0,4.0,1.0,4
48833,3,0.0,0.0,1.0,1,1,1.6094379124341003,1.0,3.2188758248682006,1.0,3.0,2.0,1.0,1
48834,3,0.0,0.0,1.0,1,1,1.6094379124341003,1.0,3.2188758248682006,1.0,3.0,2.0,1.0,1
48835,3,0.0,0.0,1.0,1,1,1.6094379124341003,1.0,3.2188758248682006,1.0,3.0,2.0,1.0,1
48836,3,0.0,0.0,2.0,4,1,0.6931471805599453,2.0,3.1354942159291497,2.0,3.0,4.0,1.0,4
48839,3,0.0,0.0,1.0,1,1,0.6931471805599453,1.0,3.091042453358316,1.0,3.0,4.0,1.0,7
48840,3,0.0,0.0,1.0,1,1,1.6094379124341003,2.0,4.0943445622221,1.0,9.0,4.0,1.0,7
48843,3,0.0,0.0,2.0,1,9,0.6931471805599453,1.0,3.9318256327243257,8.0,3.0,4.0,1.0,6
48845,3,0.0,0.0,2.0,4,2,2.1972245773362196,1.0,3.784189633918261,5.0,8.0,2.0,1.0,4
48846,3,0.0,0.0,2.0,4,2,2.9444389791664403,1.0,4.04305126783455,8.0,8.0,2.0,1.0,4
48847,3,0.0,0.0,2.0,4,2,2.9444389791664403,1.0,4.04305126783455,8.0,8.0,2.0,1.0,4
48848,3,0.0,0.0,2.0,4,2,2.9444389791664403,1.0,4.04305126783455,8.0,8.0,2.0,1.0,4
48852,3,0.0,0.0,1.0,7,1,1.0986122886681098,1.0,3.4965075614664802,1.0,3.0,4.0,1.0,3
48853,3,0.0,9.0,1.0,7,1,1.0986122886681098,1.0,3.4965075614664802,1.0,3.0,4.0,1.0,3
48858,3,0.0,0.0,2.0,4,1,2.8903717578961645,1.0,4.060443010546419,1.0,6.0,2.0,2.0,5
48859,3,0.0,0.0,2.0,4,1,2.8903717578961645,1.0,4.060443010546419,1.0,6.0,2.0,2.0,5
48860,3,0.0,0.0,2.0,4,1,2.8903717578961645,1.0,4.060443010546419,1.0,6.0,2.0,2.0,5
48862,3,0.0,0.0,2.0,4,2,2.772588722239781,2.0,3.6888794541139363,8.0,3.0,4.0,1.0,5
48863,3,0.0,0.0,1.0,4,1,2.0794415416798357,1.0,3.4657359027997265,2.0,3.0,4.0,2.0,7
48868,2,0.0,0.0,1.0,7,1,1.9459101490553132,1.0,3.713572066704308,1.0,3.0,4.0,2.0,1
48871,3,0.0,0.0,1.0,1,1,1.6094379124341003,2.0,4.060443010546419,8.0,6.0,4.0,1.0,7
48872,3,0.0,0.0,1.0,1,1,2.772588722239781,2.0,3.7376696182833684,8.0,1.0,4.0,1.0,2
48876,3,0.0,9.0,2.0,4,4,1.3862943611198906,1.0,3.6635616461296463,1.0,3.0,4.0,1.0,7
48877,2,0.0,0.0,1.0,1,1,2.8903717578961645,1.0,3.9318256327243257,1.0,3.0,2.0,2.0,4
48880,3,0.0,0.0,1.0,1,1,2.302585092994046,1.0,3.784189633918261,8.0,2.0,4.0,1.0,2
48882,3,0.0,1.0,1.0,4,1,2.6390573296152584,1.0,3.713572066704308,2.0,3.0,4.0,1.0,7
48884,3,0.0,0.0,1.0,1,1,2.1972245773362196,1.0,3.2188758248682006,8.0,3.0,4.0,1.0,1
48887,3,0.0,0.0,2.0,1,2,0.6931471805599453,2.0,3.1354942159291497,2.0,3.0,4.0,1.0,3
48888,3,0.0,0.0,2.0,1,2,0.6931471805599453,2.0,3.1354942159291497,2.0,3.0,4.0,1.0,3
48889,3,0.0,0.0,1.0,1,1,2.1972245773362196,1.0,3.6888794541139363,8.0,2.0,4.0,1.0,5
48893,3,0.0,3.0,1.0,7,9,2.1972245773362196,1.0,3.9318256327243257,1.0,6.0,2.0,1.0,7
48894,2,0.0,0.0,1.0,4,1,2.4849066497880004,1.0,3.6635616461296463,1.0,3.0,4.0,1.0,2
48899,3,0.0,0.0,1.0,4,1,2.4849066497880004,1.0,3.8501476017100584,5.0,9.0,4.0,1.0,1
48901,3,0.0,0.0,1.0,4,1,1.6094379124341003,1.0,3.8066624897703196,2.0,3.0,4.0,1.0,4
48902,3,0.0,0.0,1.0,1,1,1.3862943611198906,2.0,3.828641396489095,8.0,6.0,4.0,1.0,6
48903,3,0.0,0.0,1.0,1,1,2.5649493574615367,2.0,3.6375861597263857,8.0,6.0,4.0,1.0,6
48909,3,0.0,0.0,2.0,4,5,1.791759469228055,1.0,3.295836866004329,8.0,2.0,4.0,1.0,4
48911,3,0.0,0.0,2.0,4,1,1.0986122886681098,1.0,3.1354942159291497,8.0,3.0,4.0,1.0,6
48913,3,0.0,0.0,2.0,4,2,2.3978952727983707,1.0,3.4965075614664802,2.0,3.0,4.0,1.0,5
48915,3,0.0,0.0,1.0,4,1,2.0794415416798357,2.0,4.143134726391533,8.0,3.0,4.0,2.0,6
48922,3,0.0,0.0,1.0,1,1,2.4849066497880004,1.0,3.332204510175204,8.0,3.0,2.0,1.0,4
48923,3,0.0,0.0,1.0,1,1,2.302585092994046,2.0,3.713572066704308,2.0,3.0,4.0,1.0,4
48925,3,0.0,0.0,2.0,1,2,1.3862943611198906,1.0,3.58351893845611,2.0,3.0,4.0,1.0,3
48926,3,0.0,0.0,2.0,1,2,1.9459101490553132,1.0,3.6635616461296463,2.0,3.0,4.0,1.0,3
48927,3,0.0,0.0,2.0,1,2,2.3978952727983707,1.0,4.07753744390572,2.0,3.0,4.0,1.0,3
48936,3,0.0,1.0,1.0,4,1,2.1972245773362196,1.0,3.784189633918261,1.0,3.0,4.0,1.0,6
48938,3,0.0,0.0,2.0,1,1,1.0986122886681098,1.0,2.9444389791664403,1.0,3.0,4.0,1.0,1
48940,3,0.0,0.0,1.0,1,1,1.791759469228055,2.0,3.6635616461296463,2.0,3.0,4.0,1.0,5
48943,3,0.0,3.0,2.0,4,2,1.0986122886681098,1.0,3.2188758248682006,2.0,9.0,2.0,1.0,3
48949,3,0.0,4.0,1.0,4,1,2.5649493574615367,1.0,3.9889840465642745,2.0,3.0,4.0,1.0,6
48950,3,0.0,4.0,1.0,4,1,2.5649493574615367,1.0,3.9889840465642745,2.0,3.0,4.0,1.0,6
48952,3,0.0,0.0,2.0,1,1,2.70805020110221,2.0,3.784189633918261,1.0,3.0,4.0,1.0,1
48953,3,0.0,3.0,2.0,4,2,2.4849066497880004,1.0,3.6635616461296463,1.0,3.0,2.0,1.0,3
48955,3,0.0,0.0,1.0,4,1,1.3862943611198906,1.0,3.332204510175204,1.0,3.0,4.0,1.0,1
48956,3,0.0,1.0,1.0,4,4,2.4849066497880004,1.0,4.2626798770413155,1.0,3.0,2.0,1.0,7
48966,3,0.0,0.0,1.0,4,1,1.6094379124341003,1.0,3.5263605246161616,1.0,3.0,4.0,1.0,6
48967,3,0.0,0.0,1.0,4,1,1.6094379124341003,1.0,3.5263605246161616,1.0,3.0,4.0,1.0,6
48970,3,0.0,0.0,2.0,4,2,1.9459101490553132,1.0,3.1354942159291497,1.0,3.0,4.0,1.0,4
48973,3,0.0,1.0,1.0,1,1,1.791759469228055,1.0,3.58351893845611,1.0,8.0,4.0,1.0,1
48975,3,0.0,0.0,1.0,1,1,2.4849066497880004,2.0,3.7376696182833684,8.0,3.0,4.0,1.0,7
48977,3,0.0,0.0,1.0,4,1,0.6931471805599453,1.0,4.007333185232471,8.0,6.0,2.0,1.0,7
48980,3,0.0,0.0,1.0,1,1,2.1972245773362196,1.0,3.9889840465642745,8.0,3.0,4.0,1.0,2
48981,3,0.0,0.0,1.0,1,1,2.1972245773362196,2.0,3.4657359027997265,8.0,3.0,4.0,1.0,2
48985,3,0.0,0.0,1.0,1,1,1.6094379124341003,1.0,3.367295829986474,1.0,2.0,4.0,1.0,2
48987,3,0.0,0.0,1.0,1,1,2.4849066497880004,1.0,2.8903717578961645,8.0,3.0,4.0,1.0,4
48991,3,0.0,3.0,1.0,4,4,2.4849066497880004,1.0,3.6635616461296463,1.0,3.0,4.0,1.0,1
48993,3,0.0,0.0,1.0,4,1,1.3862943611198906,1.0,3.8066624897703196,1.0,9.0,2.0,1.0,4
48994,3,0.0,0.0,1.0,4,1,1.3862943611198906,1.0,3.8066624897703196,1.0,9.0,2.0,1.0,4
48995,3,0.0,0.0,1.0,4,1,1.3862943611198906,1.0,3.8066624897703196,1.0,9.0,2.0,1.0,4
48999,2,0.0,2.0,1.0,1,9,2.302585092994046,1.0,3.9318256327243257,1.0,3.0,4.0,1.0,2
49004,3,0.0,1.0,1.0,1,9,1.6094379124341003,1.0,3.4657359027997265,1.0,3.0,4.0,1.0,4
49005,2,0.0,1.0,1.0,4,1,2.302585092994046,1.0,4.143134726391533,8.0,3.0,4.0,1.0,4
49006,3,0.0,0.0,1.0,4,1,2.1972245773362196,1.0,3.784189633918261,1.0,6.0,4.0,2.0,4
49007,3,0.0,0.0,1.0,1,1,2.8903717578961645,1.0,3.332204510175204,8.0,3.0,4.0,2.0,2
49009,3,0.0,0.0,1.0,1,1,2.0794415416798357,2.0,4.060443010546419,2.0,3.0,4.0,1.0,6
49011,3,0.0,0.0,2.0,4,5,2.0794415416798357,1.0,3.4965075614664802,1.0,3.0,4.0,2.0,6
49014,3,0.0,0.0,1.0,1,1,2.1972245773362196,2.0,3.8501476017100584,2.0,5.0,4.0,1.0,6
49015,3,0.0,0.0,1.0,4,4,1.0986122886681098,1.0,3.9889840465642745,2.0,3.0,4.0,1.0,6
49017,3,0.0,0.0,1.0,1,1,1.9459101490553132,1.0,3.713572066704308,1.0,6.0,2.0,1.0,2
49023,2,0.0,0.0,4.0,4,1,1.3862943611198906,1.0,3.2188758248682006,8.0,3.0,4.0,1.0,3
49024,3,0.0,3.0,1.0,4,1,0.6931471805599453,1.0,3.828641396489095,1.0,3.0,4.0,2.0,3
49025,3,0.0,1.0,2.0,1,2,2.772588722239781,1.0,3.4965075614664802,1.0,3.0,4.0,1.0,4
49026,3,0.0,0.0,1.0,4,1,2.4849066497880004,2.0,4.04305126783455,8.0,3.0,4.0,1.0,6
49031,3,0.0,0.0,1.0,7,1,1.6094379124341003,1.0,3.5263605246161616,1.0,3.0,4.0,1.0,6
49032,3,0.0,1.0,2.0,1,1,2.4849066497880004,1.0,4.110873864173311,1.0,3.0,4.0,1.0,3
49035,3,0.0,1.0,1.0,4,1,2.6390573296152584,2.0,3.4011973816621555,1.0,7.0,2.0,1.0,6
49039,3,0.0,0.0,1.0,4,1,2.6390573296152584,1.0,3.044522437723423,8.0,3.0,4.0,2.0,2
49041,3,0.0,0.0,2.0,1,1,1.791759469228055,1.0,3.8501476017100584,1.0,3.0,4.0,1.0,6
49042,3,0.0,1.0,2.0,1,2,2.1972245773362196,1.0,3.871201010907891,1.0,6.0,2.0,2.0,2
49044,3,0.0,0.0,2.0,1,1,2.4849066497880004,1.0,3.367295829986474,8.0,3.0,4.0,1.0,4
49045,3,0.0,1.0,2.0,1,2,2.302585092994046,2.0,3.6109179126442243,1.0,3.0,4.0,2.0,5
49048,3,0.0,5.0,1.0,1,1,1.6094379124341003,1.0,3.9889840465642745,1.0,3.0,4.0,1.0,6
49053,3,0.0,0.0,1.0,1,1,2.5649493574615367,1.0,3.091042453358316,8.0,3.0,4.0,1.0,2
49054,3,0.0,0.0,2.0,4,1,0.6931471805599453,1.0,3.8501476017100584,8.0,3.0,4.0,2.0,6
49058,3,0.0,1.0,1.0,4,1,2.302585092994046,2.0,3.784189633918261,2.0,3.0,4.0,2.0,4
49060,3,0.0,0.0,1.0,4,1,2.772588722239781,1.0,3.1354942159291497,1.0,3.0,4.0,1.0,5
49061,3,0.0,0.0,2.0,4,1,1.3862943611198906,1.0,4.174387269895637,1.0,3.0,4.0,1.0,3
49063,3,0.0,0.0,2.0,1,1,2.5649493574615367,1.0,4.394449154672439,1.0,6.0,4.0,1.0,7
49069,3,0.0,0.0,2.0,1,1,2.1972245773362196,1.0,3.4657359027997265,1.0,1.0,4.0,1.0,5
49071,3,0.0,0.0,1.0,4,1,2.3978952727983707,2.0,3.1354942159291497,8.0,3.0,4.0,2.0,4
49073,3,0.0,0.0,1.0,4,1,0.6931471805599453,1.0,3.1780538303479458,8.0,1.0,4.0,1.0,6
49075,3,0.0,0.0,1.0,4,1,1.9459101490553132,1.0,3.044522437723423,8.0,3.0,4.0,1.0,1
49076,3,0.0,0.0,2.0,1,2,2.0794415416798357,2.0,3.6109179126442243,8.0,3.0,4.0,1.0,7
49079,3,0.0,0.0,1.0,4,1,1.9459101490553132,1.0,4.007333185232471,8.0,2.0,4.0,1.0,2
49083,3,0.0,0.0,1.0,7,1,0.6931471805599453,1.0,3.9512437185814275,1.0,3.0,4.0,1.0,1
49086,3,0.0,0.0,1.0,1,1,2.8903717578961645,1.0,3.295836866004329,8.0,3.0,4.0,2.0,6
49091,3,0.0,0.0,1.0,1,1,2.5649493574615367,2.0,3.9318256327243257,8.0,3.0,4.0,1.0,7
49093,3,0.0,0.0,1.0,7,1,2.772588722239781,1.0,3.9318256327243257,1.0,6.0,4.0,2.0,7
49099,3,0.0,9.0,1.0,1,1,2.4849066497880004,1.0,3.9889840465642745,8.0,6.0,4.0,1.0,6
49104,3,0.0,1.0,2.0,4,2,1.6094379124341003,1.0,3.332204510175204,1.0,3.0,4.0,1.0,6
49105,3,0.0,0.0,3.0,1,6,2.1972245773362196,1.0,3.5553480614894135,8.0,3.0,4.0,2.0,5
49108,3,0.0,0.0,2.0,4,2,2.302585092994046,1.0,3.5553480614894135,8.0,2.0,4.0,1.0,7
49111,3,0.0,0.0,2.0,1,1,2.70805020110221,1.0,4.02535169073515,1.0,3.0,4.0,2.0,7
49112,3,0.0,0.0,1.0,1,1,1.3862943611198906,1.0,3.970291913552122,1.0,3.0,4.0,2.0,7
49114,3,0.0,0.0,2.0,1,2,2.6390573296152584,1.0,4.127134385045092,8.0,2.0,4.0,1.0,2
49120,3,0.0,0.0,2.0,1,1,1.3862943611198906,1.0,3.091042453358316,1.0,3.0,4.0,1.0,5
49122,3,0.0,0.0,2.0,1,2,2.1972245773362196,2.0,3.1354942159291497,8.0,6.0,4.0,1.0,2
49124,3,0.0,0.0,2.0,1,5,0.6931471805599453,2.0,4.060443010546419,2.0,3.0,4.0,1.0,5
49126,3,0.0,0.0,2.0,1,1,2.5649493574615367,1.0,3.258096538021482,1.0,3.0,4.0,2.0,6
49128,3,0.0,0.0,2.0,4,2,2.772588722239781,1.0,4.07753744390572,1.0,3.0,4.0,2.0,1
49130,3,0.0,0.0,1.0,1,1,2.302585092994046,1.0,3.332204510175204,8.0,6.0,4.0,1.0,5
49134,3,0.0,1.0,1.0,4,1,1.0986122886681098,1.0,3.332204510175204,1.0,7.0,2.0,1.0,5
49135,3,0.0,1.0,1.0,1,1,3.1354942159291497,1.0,3.912023005428146,1.0,6.0,2.0,1.0,6
49139,3,0.0,0.0,2.0,4,1,2.302585092994046,1.0,3.4657359027997265,8.0,3.0,4.0,1.0,5
49140,2,0.0,0.0,1.0,7,1,2.833213344056216,1.0,3.091042453358316,2.0,3.0,4.0,1.0,3
49143,3,0.0,0.0,1.0,4,1,3.044522437723423,1.0,3.8066624897703196,1.0,2.0,4.0,1.0,3
49145,3,0.0,0.0,2.0,4,1,2.0794415416798357,1.0,4.07753744390572,8.0,3.0,4.0,1.0,6
49150,2,0.0,1.0,1.0,4,1,2.5649493574615367,1.0,3.8501476017100584,2.0,3.0,2.0,1.0,1
49154,2,0.0,1.0,2.0,4,1,0.6931471805599453,1.0,3.8066624897703196,1.0,3.0,4.0,1.0,1
49155,2,0.0,0.0,2.0,4,1,0.6931471805599453,1.0,3.8066624897703196,1.0,3.0,4.0,1.0,1
49157,3,0.0,0.0,1.0,7,1,2.302585092994046,1.0,3.1780538303479458,1.0,3.0,4.0,1.0,4
49161,3,0.0,0.0,1.0,1,1,2.1972245773362196,1.0,3.9889840465642745,8.0,3.0,4.0,2.0,6
49167,3,0.0,1.0,1.0,4,1,0.6931471805599453,1.0,3.091042453358316,1.0,3.0,4.0,1.0,2
49168,3,0.0,0.0,1.0,7,1,2.302585092994046,1.0,3.044522437723423,1.0,3.0,4.0,1.0,6
49170,2,0.0,0.0,1.0,4,1,2.1972245773362196,1.0,3.871201010907891,8.0,6.0,4.0,1.0,3
49171,2,0.0,0.0,1.0,4,1,1.0986122886681098,1.0,3.1354942159291497,8.0,6.0,4.0,1.0,3
49173,2,0.0,0.0,1.0,4,1,2.4849066497880004,1.0,4.0943445622221,8.0,3.0,2.0,1.0,7
49175,3,0.0,0.0,1.0,1,1,1.9459101490553132,2.0,3.4339872044851463,8.0,3.0,4.0,1.0,6
49176,3,0.0,1.0,2.0,1,2,1.0986122886681098,1.0,3.6109179126442243,1.0,6.0,2.0,1.0,7
49177,3,0.0,0.0,1.0,7,1,2.3978952727983707,1.0,3.1780538303479458,1.0,6.0,4.0,2.0,7
49179,3,0.0,1.0,2.0,4,2,2.4849066497880004,1.0,3.6375861597263857,1.0,3.0,4.0,1.0,2
49181,3,0.0,0.0,1.0,4,1,2.3978952727983707,1.0,3.9512437185814275,1.0,3.0,4.0,1.0,7
49182,2,0.0,0.0,2.0,1,2,1.9459101490553132,1.0,3.871201010907891,1.0,3.0,4.0,1.0,5
49186,3,0.0,0.0,1.0,1,1,2.5649493574615367,2.0,3.784189633918261,1.0,3.0,4.0,1.0,1
49193,3,0.0,0.0,1.0,1,1,0.6931471805599453,1.0,3.4965075614664802,1.0,3.0,4.0,1.0,7
49194,3,0.0,1.0,1.0,1,1,1.3862943611198906,1.0,3.4339872044851463,1.0,3.0,2.0,1.0,5
49196,3,0.0,0.0,1.0,4,1,1.0986122886681098,1.0,3.091042453358316,8.0,3.0,4.0,2.0,7
49198,3,0.0,1.0,2.0,1,1,2.833213344056216,1.0,3.4657359027997265,1.0,6.0,4.0,2.0,2
49207,2,0.0,0.0,1.0,4,1,2.4849066497880004,1.0,3.4657359027997265,8.0,3.0,4.0,1.0,4
49209,3,0.0,0.0,2.0,4,1,2.4849066497880004,1.0,3.4011973816621555,8.0,3.0,4.0,1.0,2
49212,3,0.0,1.0,1.0,1,1,2.1972245773362196,2.0,3.4657359027997265,2.0,3.0,4.0,2.0,4
49216,3,0.0,1.0,1.0,4,1,2.0794415416798357,2.0,4.2626798770413155,1.0,6.0,4.0,1.0,3
49217,3,0.0,0.0,1.0,1,1,2.3978952727983707,1.0,4.174387269895637,1.0,3.0,2.0,1.0,3
49218,3,0.0,0.0,1.0,1,1,1.0986122886681098,2.0,3.2188758248682006,1.0,3.0,2.0,1.0,3
49224,3,0.0,0.0,2.0,4,2,1.6094379124341003,2.0,3.258096538021482,8.0,8.0,4.0,1.0,1
49227,3,0.0,0.0,1.0,1,1,1.0986122886681098,1.0,3.4011973816621555,1.0,3.0,4.0,2.0,4
49230,3,0.0,0.0,1.0,1,1,2.1972245773362196,1.0,2.9444389791664403,8.0,3.0,4.0,1.0,4
49232,3,0.0,1.0,2.0,4,2,2.8903717578961645,1.0,3.713572066704308,1.0,3.0,4.0,1.0,7
49236,2,0.0,0.0,1.0,4,1,1.3862943611198906,1.0,3.9318256327243257,1.0,3.0,4.0,1.0,5
49237,3,0.0,0.0,1.0,4,1,2.1972245773362196,1.0,3.1780538303479458,1.0,3.0,4.0,1.0,2
49242,3,0.0,0.0,5.0,4,5,1.3862943611198906,2.0,3.1780538303479458,8.0,3.0,4.0,1.0,1
49244,3,0.0,0.0,1.0,1,1,2.4849066497880004,2.0,3.6888794541139363,1.0,3.0,4.0,1.0,3
49247,3,0.0,0.0,1.0,7,1,2.3978952727983707,2.0,3.258096538021482,8.0,3.0,4.0,2.0,4
49253,3,0.0,0.0,1.0,4,1,2.1972245773362196,1.0,2.995732273553991,8.0,6.0,4.0,1.0,4
49255,3,0.0,0.0,1.0,1,1,2.3978952727983707,1.0,3.970291913552122,8.0,7.0,2.0,1.0,5
49263,3,0.0,0.0,1.0,1,1,2.302585092994046,1.0,3.828641396489095,2.0,3.0,4.0,1.0,5
49270,3,0.0,0.0,1.0,1,1,1.0986122886681098,1.0,3.8501476017100584,1.0,3.0,4.0,2.0,4
49272,3,0.0,1.0,2.0,1,2,2.70805020110221,1.0,3.8918202981106265,1.0,3.0,4.0,1.0,3
49273,3,0.0,0.0,1.0,1,1,2.6390573296152584,2.0,3.4339872044851463,8.0,3.0,4.0,2.0,2
49279,3,0.0,1.0,1.0,1,1,0.6931471805599453,2.0,3.8501476017100584,1.0,6.0,4.0,1.0,1
49281,3,0.0,0.0,2.0,1,2,0.6931471805599453,1.0,3.044522437723423,1.0,3.0,4.0,1.0,2
49283,3,0.0,0.0,1.0,4,1,1.791759469228055,2.0,3.091042453358316,1.0,3.0,4.0,1.0,6
49285,3,0.0,0.0,1.0,4,1,2.8903717578961645,1.0,3.1354942159291497,8.0,6.0,4.0,1.0,7
49287,3,0.0,0.0,2.0,1,2,0.6931471805599453,2.0,2.9444389791664403,1.0,3.0,4.0,1.0,3
49295,3,0.0,0.0,1.0,1,1,2.772588722239781,1.0,2.995732273553991,8.0,3.0,4.0,1.0,6
49303,3,0.0,0.0,1.0,1,1,1.0986122886681098,1.0,2.833213344056216,8.0,3.0,4.0,1.0,3
49306,2,0.0,0.0,1.0,1,1,2.4849066497880004,1.0,3.4965075614664802,8.0,3.0,4.0,1.0,2
49309,3,0.0,0.0,1.0,4,1,1.6094379124341003,1.0,2.9444389791664403,8.0,8.0,4.0,1.0,1
49311,3,0.0,0.0,1.0,4,1,1.6094379124341003,1.0,3.4011973816621555,2.0,8.0,4.0,1.0,2
49312,3,0.0,0.0,1.0,1,1,0.6931471805599453,2.0,3.295836866004329,2.0,6.0,4.0,1.0,2
49313,3,0.0,0.0,1.0,1,1,2.4849066497880004,2.0,3.4657359027997265,2.0,6.0,4.0,1.0,2
49316,3,0.0,0.0,1.0,1,1,1.791759469228055,1.0,4.30406509320417,1.0,3.0,4.0,1.0,4
49320,3,0.0,0.0,1.0,1,1,0.6931471805599453,1.0,2.833213344056216,8.0,6.0,4.0,1.0,2
49324,3,0.0,0.0,1.0,1,1,0.6931471805599453,1.0,3.713572066704308,8.0,3.0,4.0,1.0,2
49333,2,0.0,3.0,2.0,4,2,2.1972245773362196,1.0,3.332204510175204,8.0,6.0,2.0,1.0,2
49334,3,0.0,0.0,1.0,4,1,1.0986122886681098,1.0,3.258096538021482,1.0,3.0,4.0,1.0,6