accident_severity,special_conditions_at_site,pedestrian_movement,road_surface_conditions,light_conditions,weather_conditions,age_of_vehicle,sex_of_driver,age_of_driver,junction_location,junction_detail,junction_control,did_police_officer_attend_scene_of_accident,day_of_week
49338,3,0.0,1.0,1.0,4,1,2.302585092994046,1.0,3.9318256327243257,2.0,3.0,4.0,1.0,5
49342,3,0.0,0.0,1.0,1,1,1.791759469228055,1.0,3.8918202981106265,1.0,6.0,2.0,1.0,3
49343,3,0.0,0.0,1.0,1,1,1.791759469228055,1.0,3.8918202981106265,1.0,6.0,2.0,1.0,3
49346,3,0.0,0.0,1.0,4,1,2.70805020110221,1.0,3.6888794541139363,8.0,3.0,4.0,1.0,1
49349,3,0.0,0.0,1.0,1,1,1.3862943611198906,1.0,3.713572066704308,1.0,3.0,4.0,1.0,4
49352,3,0.0,0.0,1.0,4,1,1.9459101490553132,2.0,3.8501476017100584,8.0,6.0,2.0,1.0,5
49362,3,0.0,0.0,1.0,7,1,2.1972245773362196,1.0,3.713572066704308,8.0,3.0,4.0,1.0,1
49369,3,0.0,0.0,1.0,1,1,1.3862943611198906,1.0,3.091042453358316,8.0,8.0,4.0,1.0,5
49371,3,0.0,0.0,1.0,1,1,1.791759469228055,1.0,3.8501476017100584,8.0,3.0,4.0,1.0,3
49373,3,0.0,0.0,1.0,1,1,1.791759469228055,2.0,3.5553480614894135,8.0,3.0,4.0,2.0,6
49375,3,0.0,0.0,1.0,1,1,2.8903717578961645,1.0,3.6375861597263857,1.0,3.0,2.0,1.0,3
49381,3,0.0,0.0,2.0,1,2,2.3978952727983707,1.0,3.4011973816621555,8.0,6.0,2.0,1.0,4
49382,3,0.0,0.0,1.0,1,1,2.1972245773362196,1.0,3.4339872044851463,8.0,3.0,4.0,1.0,3
49383,3,0.0,0.0,1.0,1,1,2.70805020110221,1.0,4.007333185232471,8.0,3.0,4.0,1.0,3
49389,3,0.0,0.0,1.0,1,1,1.9459101490553132,1.0,4.060443010546419,8.0,3.0,4.0,1.0,5
49394,3,0.0,0.0,1.0,1,1,1.3862943611198906,2.0,3.58351893845611,8.0,3.0,2.0,1.0,4
49401,3,0.0,0.0,1.0,1,1,2.0794415416798357,1.0,3.2188758248682006,8.0,8.0,4.0,1.0,1
49402,3,0.0,0.0,1.0,1,1,2.1972245773362196,2.0,2.995732273553991,1.0,1.0,4.0,2.0,7
49404,3,0.0,0.0,2.0,4,1,2.0794415416798357,2.0,3.091042453358316,1.0,3.0,4.0,2.0,6
49408,3,0.0,0.0,1.0,1,1,0.6931471805599453,2.0,3.713572066704308,2.0,6.0,2.0,1.0,7
49409,3,0.0,0.0,1.0,1,1,1.9459101490553132,1.0,3.6375861597263857,8.0,3.0,4.0,1.0,7
49411,2,0.0,0.0,1.0,1,1,1.0986122886681098,1.0,4.007333185232471,2.0,3.0,4.0,1.0,6
49413,3,0.0,0.0,2.0,1,2,1.0986122886681098,1.0,3.332204510175204,8.0,8.0,4.0,1.0,3
49416,3,0.0,0.0,5.0,1,5,2.6390573296152584,2.0,3.8918202981106265,1.0,3.0,4.0,1.0,4
49425,3,0.0,1.0,1.0,1,1,2.0794415416798357,1.0,3.9512437185814275,1.0,6.0,4.0,1.0,6
49427,3,0.0,0.0,1.0,1,1,2.5649493574615367,2.0,3.4657359027997265,8.0,6.0,4.0,1.0,6
49430,3,0.0,0.0,1.0,1,1,1.3862943611198906,1.0,3.7376696182833684,8.0,8.0,4.0,1.0,2
49432,3,0.0,0.0,1.0,1,1,1.9459101490553132,2.0,3.295836866004329,1.0,3.0,2.0,1.0,2
49434,3,4.0,0.0,1.0,1,1,2.0794415416798357,2.0,3.8501476017100584,8.0,6.0,2.0,1.0,6
49435,3,0.0,0.0,1.0,1,4,2.0794415416798357,2.0,3.8918202981106265,1.0,1.0,4.0,2.0,3
49437,3,0.0,0.0,2.0,1,2,1.9459101490553132,1.0,3.2188758248682006,8.0,3.0,4.0,1.0,6
49439,3,0.0,0.0,1.0,1,1,2.1972245773362196,1.0,3.9889840465642745,8.0,3.0,4.0,1.0,7
49443,3,0.0,0.0,1.0,1,1,2.0794415416798357,1.0,3.091042453358316,8.0,3.0,4.0,1.0,7
49446,3,0.0,2.0,1.0,4,1,1.3862943611198906,1.0,3.9512437185814275,1.0,3.0,4.0,1.0,3
49447,3,0.0,0.0,1.0,1,1,0.6931471805599453,1.0,3.4657359027997265,8.0,3.0,4.0,1.0,4
49448,3,0.0,0.0,1.0,1,1,0.6931471805599453,1.0,3.4657359027997265,8.0,3.0,4.0,1.0,4
49452,3,0.0,0.0,1.0,4,1,1.6094379124341003,2.0,2.995732273553991,1.0,1.0,4.0,2.0,3
49455,3,0.0,0.0,1.0,4,1,2.0794415416798357,1.0,3.258096538021482,1.0,3.0,4.0,1.0,1
49456,3,0.0,0.0,1.0,4,1,2.0794415416798357,1.0,3.258096538021482,1.0,3.0,4.0,1.0,1
49461,3,0.0,1.0,1.0,4,1,2.70805020110221,2.0,3.9318256327243257,1.0,3.0,4.0,1.0,3
49462,3,0.0,0.0,1.0,1,1,2.1972245773362196,2.0,4.0943445622221,8.0,3.0,4.0,1.0,3
49463,3,0.0,0.0,1.0,1,1,2.3978952727983707,2.0,3.6635616461296463,8.0,3.0,4.0,1.0,3
49466,3,0.0,0.0,1.0,1,1,2.3978952727983707,1.0,3.784189633918261,1.0,3.0,4.0,2.0,3
49468,3,0.0,1.0,1.0,1,1,2.833213344056216,1.0,4.219507705176107,1.0,3.0,4.0,1.0,6
49471,3,0.0,0.0,1.0,1,1,3.2188758248682006,2.0,3.9318256327243257,1.0,3.0,4.0,2.0,5
49473,3,0.0,0.0,5.0,1,5,2.3978952727983707,1.0,3.1354942159291497,1.0,6.0,4.0,1.0,3
49475,3,0.0,0.0,2.0,1,1,0.6931471805599453,1.0,2.8903717578961645,8.0,3.0,4.0,2.0,1
49477,3,0.0,0.0,1.0,1,1,2.6390573296152584,1.0,3.1780538303479458,1.0,6.0,2.0,1.0,1
49479,3,0.0,1.0,1.0,1,1,1.9459101490553132,1.0,3.091042453358316,2.0,3.0,4.0,1.0,3
49483,3,0.0,0.0,1.0,1,1,1.9459101490553132,1.0,3.6635616461296463,1.0,3.0,4.0,1.0,7
49484,3,0.0,1.0,1.0,1,1,2.302585092994046,1.0,3.8066624897703196,1.0,3.0,4.0,2.0,2
49487,3,0.0,1.0,2.0,1,2,1.3862943611198906,1.0,4.04305126783455,1.0,3.0,4.0,1.0,7
49491,3,0.0,0.0,1.0,1,1,1.791759469228055,1.0,3.4657359027997265,8.0,3.0,4.0,1.0,5
49492,3,0.0,0.0,1.0,1,1,1.791759469228055,1.0,3.4657359027997265,8.0,3.0,4.0,1.0,5
49499,3,0.0,0.0,1.0,7,1,2.6390573296152584,2.0,3.091042453358316,8.0,6.0,4.0,1.0,3
49501,3,0.0,0.0,1.0,1,1,2.4849066497880004,1.0,3.4657359027997265,1.0,3.0,4.0,1.0,3
49502,3,0.0,0.0,1.0,1,1,2.833213344056216,2.0,3.1780538303479458,2.0,3.0,4.0,1.0,3
49505,3,0.0,0.0,1.0,1,1,1.3862943611198906,2.0,3.7376696182833684,8.0,8.0,4.0,1.0,4
49508,3,0.0,0.0,5.0,1,5,2.0794415416798357,2.0,3.6635616461296463,2.0,3.0,2.0,2.0,5
49510,3,0.0,1.0,2.0,1,2,2.5649493574615367,1.0,3.6375861597263857,2.0,3.0,4.0,1.0,4
49522,3,0.0,0.0,2.0,1,2,2.4849066497880004,1.0,3.912023005428146,8.0,3.0,4.0,1.0,6
49525,3,0.0,0.0,1.0,1,1,1.0986122886681098,1.0,3.6635616461296463,8.0,3.0,2.0,1.0,7
49527,3,0.0,0.0,1.0,1,1,1.3862943611198906,1.0,3.784189633918261,1.0,3.0,4.0,1.0,5
49531,3,0.0,0.0,2.0,1,2,1.791759469228055,2.0,3.4657359027997265,8.0,3.0,4.0,1.0,3
49533,3,0.0,0.0,1.0,1,1,1.9459101490553132,1.0,4.07753744390572,8.0,8.0,4.0,1.0,3
49534,3,0.0,0.0,1.0,1,1,1.9459101490553132,1.0,4.07753744390572,8.0,8.0,4.0,1.0,3
49535,3,0.0,0.0,1.0,1,1,1.9459101490553132,1.0,4.07753744390572,8.0,8.0,4.0,1.0,3
49537,3,0.0,1.0,2.0,1,1,2.302585092994046,2.0,3.8918202981106265,2.0,3.0,4.0,1.0,1
49538,3,0.0,0.0,1.0,1,1,1.9459101490553132,2.0,3.6888794541139363,1.0,3.0,4.0,2.0,2
49544,3,0.0,0.0,2.0,1,2,1.6094379124341003,1.0,3.4011973816621555,8.0,3.0,4.0,2.0,5
49549,2,0.0,0.0,1.0,1,1,1.6094379124341003,1.0,3.091042453358316,2.0,3.0,4.0,1.0,4
49551,3,0.0,0.0,1.0,1,1,0.6931471805599453,1.0,3.4011973816621555,8.0,3.0,4.0,1.0,4
49553,3,0.0,0.0,1.0,1,1,2.3978952727983707,2.0,3.6109179126442243,1.0,3.0,4.0,1.0,7
49554,3,0.0,0.0,1.0,1,1,2.3978952727983707,1.0,3.713572066704308,8.0,6.0,4.0,1.0,3
49556,3,0.0,0.0,1.0,1,1,2.4849066497880004,2.0,2.995732273553991,8.0,3.0,4.0,1.0,2
49559,3,0.0,0.0,2.0,1,2,2.5649493574615367,1.0,4.204692619390966,1.0,3.0,4.0,1.0,5
49562,3,0.0,0.0,1.0,1,1,2.3978952727983707,1.0,4.007333185232471,2.0,3.0,4.0,1.0,7
49564,3,0.0,0.0,1.0,1,1,2.4849066497880004,1.0,4.060443010546419,8.0,6.0,4.0,1.0,6
49569,3,0.0,0.0,1.0,1,1,2.302585092994046,1.0,3.1354942159291497,8.0,6.0,4.0,1.0,7
49574,3,0.0,0.0,1.0,1,1,1.0986122886681098,1.0,2.9444389791664403,8.0,6.0,4.0,1.0,3
49576,3,0.0,1.0,1.0,1,1,1.9459101490553132,2.0,3.332204510175204,1.0,1.0,2.0,1.0,3
49578,3,0.0,0.0,1.0,1,1,1.3862943611198906,1.0,3.332204510175204,8.0,3.0,4.0,1.0,5
49579,3,0.0,0.0,1.0,1,1,2.3978952727983707,1.0,3.9318256327243257,8.0,6.0,2.0,1.0,5
49581,3,0.0,0.0,1.0,4,4,1.3862943611198906,1.0,3.091042453358316,8.0,3.0,4.0,1.0,5
49585,3,0.0,0.0,1.0,1,1,1.0986122886681098,2.0,3.5263605246161616,1.0,3.0,4.0,1.0,2
49587,3,0.0,0.0,1.0,1,1,2.0794415416798357,2.0,3.258096538021482,1.0,3.0,4.0,1.0,2
49588,3,0.0,0.0,1.0,1,1,2.70805020110221,2.0,3.8066624897703196,1.0,3.0,4.0,2.0,3
49591,3,0.0,0.0,1.0,1,1,2.772588722239781,1.0,3.912023005428146,1.0,3.0,4.0,1.0,5
49592,3,0.0,1.0,1.0,1,1,2.3978952727983707,2.0,3.9512437185814275,1.0,3.0,4.0,1.0,1
49594,3,0.0,0.0,1.0,1,1,2.1972245773362196,2.0,3.295836866004329,8.0,6.0,4.0,1.0,3
49596,3,0.0,0.0,1.0,1,1,2.5649493574615367,1.0,4.02535169073515,1.0,3.0,4.0,1.0,3
49597,3,0.0,0.0,1.0,4,1,1.0986122886681098,1.0,3.828641396489095,8.0,3.0,4.0,1.0,4
49601,3,0.0,0.0,2.0,4,1,2.70805020110221,1.0,3.6375861597263857,8.0,3.0,4.0,1.0,7
49602,3,0.0,0.0,2.0,4,1,2.70805020110221,1.0,3.6375861597263857,8.0,3.0,4.0,1.0,7
49606,3,0.0,1.0,1.0,1,1,2.6390573296152584,1.0,4.418840607796598,1.0,3.0,4.0,1.0,6
49609,3,0.0,0.0,1.0,1,1,2.0794415416798357,1.0,3.8066624897703196,8.0,3.0,4.0,1.0,3
49611,3,0.0,1.0,1.0,1,1,2.6390573296152584,1.0,4.060443010546419,1.0,7.0,2.0,1.0,4
49615,3,0.0,1.0,1.0,1,1,1.6094379124341003,1.0,4.07753744390572,2.0,3.0,4.0,1.0,4
49620,3,0.0,0.0,1.0,1,1,1.6094379124341003,1.0,3.1780538303479458,8.0,3.0,2.0,1.0,4
49625,3,0.0,0.0,1.0,1,1,2.5649493574615367,1.0,3.044522437723423,8.0,3.0,4.0,1.0,5
49626,3,0.0,0.0,1.0,1,1,2.4849066497880004,2.0,3.828641396489095,8.0,3.0,4.0,2.0,5
49632,3,0.0,1.0,1.0,5,1,1.6094379124341003,1.0,3.9318256327243257,2.0,3.0,4.0,1.0,6
49634,3,0.0,0.0,1.0,1,1,2.0794415416798357,1.0,3.4011973816621555,8.0,6.0,4.0,1.0,6
49641,3,0.0,0.0,1.0,1,1,2.302585092994046,1.0,3.258096538021482,8.0,3.0,2.0,1.0,2
49644,3,0.0,0.0,1.0,1,1,0.6931471805599453,1.0,3.2188758248682006,8.0,3.0,4.0,1.0,3
49647,3,0.0,0.0,1.0,1,1,0.6931471805599453,2.0,3.871201010907891,8.0,3.0,4.0,1.0,5
49655,3,0.0,0.0,1.0,1,1,0.6931471805599453,2.0,4.07753744390572,8.0,3.0,4.0,1.0,5
49657,3,0.0,0.0,1.0,1,1,2.1972245773362196,2.0,3.1354942159291497,8.0,3.0,4.0,1.0,4
49658,3,0.0,0.0,1.0,1,1,2.6390573296152584,2.0,3.784189633918261,1.0,3.0,4.0,2.0,6
49659,3,0.0,0.0,1.0,1,1,2.6390573296152584,2.0,3.784189633918261,1.0,3.0,4.0,2.0,6
49660,3,0.0,0.0,1.0,1,1,2.6390573296152584,2.0,3.784189633918261,1.0,3.0,4.0,2.0,6
49666,3,0.0,0.0,1.0,1,1,2.0794415416798357,1.0,2.995732273553991,2.0,3.0,4.0,1.0,5
49685,3,0.0,0.0,2.0,1,2,2.3978952727983707,1.0,3.4339872044851463,8.0,2.0,4.0,1.0,2
49692,3,0.0,0.0,2.0,4,1,0.6931471805599453,1.0,3.6109179126442243,1.0,3.0,4.0,1.0,1
49698,3,0.0,0.0,1.0,1,1,0.6931471805599453,1.0,3.7612001156935624,8.0,3.0,4.0,1.0,3
49709,3,0.0,0.0,1.0,1,1,2.302585092994046,1.0,3.871201010907891,1.0,3.0,4.0,2.0,5
49712,3,0.0,0.0,1.0,1,1,2.5649493574615367,1.0,3.5263605246161616,8.0,3.0,4.0,1.0,2
49713,3,0.0,0.0,1.0,1,1,2.5649493574615367,1.0,3.5263605246161616,8.0,3.0,4.0,1.0,2
49720,3,0.0,0.0,1.0,7,1,1.3862943611198906,1.0,4.007333185232471,1.0,3.0,4.0,1.0,5
49721,2,0.0,1.0,1.0,1,1,1.0986122886681098,2.0,3.4965075614664802,2.0,3.0,4.0,1.0,6
49724,3,0.0,0.0,1.0,1,1,1.3862943611198906,1.0,3.5553480614894135,1.0,3.0,4.0,1.0,1
49725,3,0.0,1.0,1.0,1,1,1.791759469228055,1.0,4.276666119016055,2.0,3.0,4.0,2.0,1
49736,3,0.0,0.0,1.0,1,1,2.3978952727983707,1.0,3.58351893845611,1.0,6.0,2.0,2.0,3
49738,3,0.0,1.0,1.0,1,1,2.0794415416798357,1.0,3.6375861597263857,2.0,3.0,4.0,1.0,2
49740,3,0.0,0.0,1.0,1,1,2.70805020110221,2.0,2.9444389791664403,1.0,3.0,4.0,1.0,4
49744,3,0.0,0.0,1.0,1,1,2.70805020110221,2.0,3.2188758248682006,1.0,1.0,4.0,1.0,7
49749,3,0.0,0.0,1.0,1,1,2.302585092994046,2.0,3.5263605246161616,1.0,3.0,4.0,1.0,7
49750,3,0.0,0.0,1.0,1,1,2.6390573296152584,1.0,3.1354942159291497,1.0,3.0,4.0,1.0,7
49756,3,0.0,0.0,1.0,4,1,2.1972245773362196,1.0,3.4339872044851463,1.0,3.0,4.0,1.0,3
49758,3,0.0,0.0,2.0,1,1,0.6931471805599453,1.0,3.044522437723423,8.0,3.0,2.0,1.0,2
49769,3,0.0,0.0,1.0,4,1,2.0794415416798357,1.0,3.58351893845611,1.0,3.0,4.0,1.0,5
49770,3,0.0,1.0,1.0,1,1,1.9459101490553132,1.0,3.6888794541139363,2.0,3.0,4.0,1.0,6
49773,3,0.0,0.0,1.0,1,1,1.3862943611198906,1.0,3.367295829986474,1.0,3.0,4.0,1.0,1
49779,2,0.0,1.0,1.0,1,1,2.302585092994046,1.0,3.8918202981106265,1.0,3.0,4.0,1.0,6
49783,3,0.0,0.0,1.0,1,1,2.4849066497880004,1.0,3.091042453358316,1.0,3.0,4.0,1.0,6
49794,3,0.0,0.0,1.0,4,1,1.791759469228055,1.0,3.367295829986474,8.0,3.0,4.0,1.0,4
49795,3,0.0,1.0,1.0,1,1,2.0794415416798357,2.0,3.58351893845611,1.0,7.0,2.0,1.0,6
49800,3,0.0,0.0,1.0,7,1,1.791759469228055,1.0,3.258096538021482,1.0,3.0,4.0,2.0,1
49806,3,0.0,0.0,1.0,1,1,2.6390573296152584,1.0,2.995732273553991,8.0,1.0,4.0,1.0,4
49813,3,0.0,0.0,1.0,4,1,1.791759469228055,1.0,2.9444389791664403,8.0,3.0,4.0,1.0,2
49814,3,0.0,0.0,1.0,1,1,2.0794415416798357,2.0,3.4339872044851463,8.0,3.0,4.0,1.0,2
49816,3,0.0,0.0,1.0,4,1,2.4849066497880004,1.0,3.332204510175204,8.0,3.0,4.0,1.0,2
49818,3,0.0,0.0,1.0,4,1,1.9459101490553132,1.0,4.465908118654584,1.0,6.0,2.0,1.0,3
49823,3,0.0,0.0,1.0,1,1,2.302585092994046,2.0,3.367295829986474,2.0,3.0,4.0,1.0,7
49825,3,0.0,0.0,2.0,4,1,2.772588722239781,1.0,3.258096538021482,8.0,6.0,4.0,1.0,6
49828,3,0.0,0.0,2.0,1,2,1.9459101490553132,1.0,2.995732273553991,8.0,3.0,4.0,1.0,6
49829,2,0.0,0.0,2.0,1,2,2.6390573296152584,1.0,3.4657359027997265,8.0,3.0,2.0,1.0,6
49831,3,0.0,0.0,1.0,1,1,2.1972245773362196,1.0,3.044522437723423,1.0,3.0,4.0,1.0,1
49832,3,0.0,0.0,1.0,1,1,2.0794415416798357,1.0,4.060443010546419,1.0,3.0,4.0,1.0,2
49833,2,0.0,0.0,2.0,1,2,0.6931471805599453,1.0,3.1780538303479458,1.0,6.0,2.0,1.0,6
49834,2,0.0,0.0,2.0,1,2,1.6094379124341003,1.0,3.4339872044851463,1.0,6.0,2.0,1.0,6
49835,3,0.0,0.0,1.0,1,1,2.3978952727983707,1.0,3.332204510175204,8.0,3.0,4.0,1.0,2
49838,3,0.0,0.0,1.0,7,1,2.5649493574615367,2.0,3.295836866004329,8.0,3.0,4.0,1.0,3
49840,3,0.0,0.0,1.0,4,1,2.0794415416798357,1.0,3.4011973816621555,2.0,3.0,4.0,1.0,7
49841,3,0.0,0.0,1.0,4,1,2.0794415416798357,1.0,3.4011973816621555,2.0,3.0,4.0,1.0,7
49842,3,0.0,0.0,1.0,4,1,2.0794415416798357,1.0,3.4011973816621555,2.0,3.0,4.0,1.0,7
49843,3,0.0,0.0,1.0,4,1,2.0794415416798357,1.0,3.4011973816621555,2.0,3.0,4.0,1.0,7
49844,3,0.0,0.0,1.0,4,1,2.0794415416798357,1.0,3.4011973816621555,2.0,3.0,4.0,1.0,7
49845,3,0.0,0.0,1.0,4,1,2.0794415416798357,1.0,3.4011973816621555,2.0,3.0,4.0,1.0,7
49846,3,0.0,0.0,1.0,4,1,2.0794415416798357,1.0,3.4011973816621555,2.0,3.0,4.0,1.0,7
49853,3,0.0,0.0,1.0,1,1,2.0794415416798357,1.0,3.9512437185814275,8.0,3.0,2.0,1.0,5
49860,3,0.0,0.0,1.0,1,1,1.3862943611198906,1.0,3.367295829986474,2.0,3.0,4.0,1.0,4
49861,3,0.0,0.0,1.0,1,1,1.9459101490553132,1.0,3.8066624897703196,1.0,6.0,2.0,2.0,5
49862,3,0.0,1.0,1.0,1,1,1.0986122886681098,1.0,4.060443010546419,8.0,3.0,4.0,1.0,5
49865,3,0.0,0.0,2.0,1,2,2.0794415416798357,1.0,3.4339872044851463,1.0,3.0,4.0,1.0,6
49866,3,0.0,0.0,1.0,1,1,1.9459101490553132,1.0,3.784189633918261,8.0,3.0,4.0,1.0,7
49868,2,0.0,3.0,1.0,1,1,2.0794415416798357,2.0,3.9889840465642745,2.0,3.0,4.0,1.0,3
49869,3,6.0,0.0,1.0,1,1,1.791759469228055,1.0,3.332204510175204,1.0,1.0,4.0,2.0,3
49872,3,0.0,0.0,1.0,4,1,1.0986122886681098,1.0,3.1354942159291497,1.0,3.0,4.0,1.0,4
49874,3,0.0,0.0,1.0,1,1,2.302585092994046,1.0,3.4657359027997265,2.0,3.0,4.0,1.0,5
49877,3,0.0,0.0,1.0,1,1,1.6094379124341003,1.0,3.6888794541139363,8.0,3.0,4.0,1.0,7
49880,3,0.0,0.0,1.0,1,1,2.5649493574615367,2.0,3.970291913552122,8.0,6.0,4.0,1.0,1
49881,3,0.0,0.0,1.0,1,1,2.5649493574615367,2.0,3.970291913552122,8.0,6.0,4.0,1.0,1
49882,3,0.0,1.0,2.0,1,2,2.302585092994046,1.0,3.367295829986474,1.0,3.0,4.0,1.0,2
49883,3,0.0,0.0,1.0,1,1,2.1972245773362196,2.0,4.23410650459726,1.0,3.0,4.0,2.0,3
49886,3,0.0,0.0,1.0,1,1,2.833213344056216,1.0,3.4339872044851463,1.0,3.0,4.0,1.0,5
49894,3,0.0,0.0,1.0,1,1,2.6390573296152584,2.0,3.1780538303479458,8.0,3.0,4.0,2.0,4
49897,3,0.0,3.0,1.0,1,1,2.3978952727983707,2.0,3.9889840465642745,8.0,1.0,4.0,1.0,4
49905,3,0.0,0.0,1.0,1,1,1.9459101490553132,2.0,3.5263605246161616,8.0,3.0,2.0,1.0,4
49906,3,0.0,0.0,1.0,1,1,2.1972245773362196,2.0,4.02535169073515,8.0,3.0,2.0,1.0,4
49909,3,0.0,0.0,1.0,4,1,2.302585092994046,2.0,3.044522437723423,8.0,3.0,4.0,1.0,3
49910,3,0.0,0.0,1.0,1,1,2.302585092994046,2.0,3.5263605246161616,1.0,3.0,2.0,1.0,7
49918,3,0.0,0.0,1.0,1,1,2.0794415416798357,1.0,3.58351893845611,2.0,3.0,4.0,1.0,2
49920,3,0.0,0.0,1.0,1,1,2.3978952727983707,1.0,2.9444389791664403,8.0,6.0,4.0,1.0,4
49921,3,0.0,0.0,1.0,1,1,2.3978952727983707,1.0,2.9444389791664403,8.0,6.0,4.0,1.0,4
49927,3,0.0,0.0,1.0,1,1,2.5649493574615367,1.0,3.7612001156935624,8.0,3.0,4.0,1.0,7
49929,3,0.0,0.0,1.0,4,1,1.0986122886681098,1.0,3.4011973816621555,8.0,7.0,2.0,1.0,7
49935,3,0.0,0.0,1.0,1,1,1.6094379124341003,1.0,3.258096538021482,8.0,3.0,4.0,1.0,7
49950,3,0.0,0.0,1.0,1,1,2.772588722239781,1.0,3.8066624897703196,8.0,3.0,4.0,1.0,5
49966,3,0.0,0.0,1.0,1,1,2.772588722239781,1.0,3.8066624897703196,8.0,1.0,4.0,2.0,6
49967,3,0.0,0.0,1.0,1,1,2.6390573296152584,1.0,3.713572066704308,8.0,1.0,4.0,2.0,6
49968,3,0.0,0.0,1.0,1,1,1.6094379124341003,1.0,3.1780538303479458,8.0,6.0,4.0,1.0,3
49972,3,0.0,0.0,1.0,1,1,1.0986122886681098,1.0,3.295836866004329,8.0,3.0,4.0,1.0,5
49978,2,0.0,0.0,1.0,1,1,2.995732273553991,1.0,4.356708826689592,2.0,3.0,4.0,1.0,1
49980,2,0.0,0.0,1.0,1,1,2.302585092994046,2.0,3.9318256327243257,1.0,3.0,4.0,1.0,1
49981,2,0.0,0.0,1.0,1,1,2.772588722239781,2.0,3.4965075614664802,1.0,3.0,4.0,1.0,1
49984,3,0.0,0.0,1.0,1,1,1.9459101490553132,2.0,4.02535169073515,8.0,3.0,4.0,1.0,2
49991,3,0.0,0.0,1.0,4,1,2.4849066497880004,2.0,3.4011973816621555,2.0,3.0,4.0,1.0,4
49998,3,0.0,0.0,1.0,1,1,2.4849066497880004,2.0,3.1354942159291497,8.0,3.0,4.0,1.0,1
49999,3,0.0,0.0,1.0,1,1,2.4849066497880004,2.0,3.1354942159291497,8.0,3.0,4.0,1.0,1
50006,3,0.0,0.0,1.0,4,1,2.5649493574615367,1.0,3.258096538021482,8.0,3.0,4.0,1.0,7
50009,3,0.0,0.0,1.0,1,1,1.9459101490553132,1.0,3.5553480614894135,8.0,3.0,4.0,1.0,3
50011,3,0.0,1.0,2.0,1,2,1.9459101490553132,2.0,3.1780538303479458,2.0,3.0,4.0,1.0,4
50013,3,0.0,0.0,1.0,1,1,2.6390573296152584,1.0,3.9318256327243257,8.0,3.0,4.0,1.0,5
50020,3,0.0,0.0,1.0,1,1,0.6931471805599453,1.0,3.912023005428146,8.0,3.0,4.0,1.0,6
50022,3,0.0,0.0,1.0,1,1,2.5649493574615367,1.0,3.8918202981106265,8.0,6.0,2.0,1.0,7
50024,3,0.0,0.0,1.0,4,1,2.302585092994046,1.0,3.4011973816621555,8.0,3.0,4.0,1.0,7
50026,3,0.0,0.0,1.0,4,1,1.3862943611198906,1.0,4.04305126783455,8.0,2.0,4.0,1.0,1
50027,3,0.0,0.0,1.0,4,1,1.3862943611198906,1.0,4.04305126783455,8.0,2.0,4.0,1.0,1
50029,3,0.0,0.0,1.0,1,1,1.0986122886681098,1.0,3.9318256327243257,1.0,3.0,4.0,1.0,6
50030,3,0.0,3.0,1.0,1,1,2.70805020110221,2.0,3.4011973816621555,2.0,3.0,4.0,1.0,4
50031,3,0.0,1.0,2.0,4,2,1.791759469228055,2.0,3.5263605246161616,1.0,3.0,2.0,1.0,5
50039,3,0.0,0.0,1.0,1,1,2.1972245773362196,1.0,3.332204510175204,8.0,3.0,4.0,1.0,1
50051,3,0.0,1.0,2.0,1,1,0.6931471805599453,1.0,4.07753744390572,2.0,3.0,4.0,1.0,4
50052,3,0.0,1.0,2.0,1,1,0.6931471805599453,1.0,4.07753744390572,2.0,3.0,4.0,1.0,4
50054,2,0.0,0.0,2.0,4,2,2.772588722239781,1.0,2.9444389791664403,1.0,3.0,4.0,1.0,4
50055,2,0.0,0.0,2.0,4,2,2.772588722239781,1.0,2.9444389791664403,1.0,3.0,4.0,1.0,4
50056,3,0.0,1.0,1.0,1,1,2.0794415416798357,1.0,3.295836866004329,1.0,3.0,4.0,1.0,4
50057,3,0.0,0.0,1.0,1,1,2.6390573296152584,2.0,3.295836866004329,8.0,3.0,2.0,1.0,5
50063,3,0.0,1.0,1.0,1,1,2.772588722239781,1.0,3.6375861597263857,1.0,3.0,4.0,1.0,5
50068,3,0.0,0.0,1.0,1,1,2.3978952727983707,2.0,3.8501476017100584,8.0,3.0,4.0,1.0,1
50069,3,0.0,0.0,1.0,1,1,1.3862943611198906,2.0,3.5553480614894135,8.0,3.0,4.0,1.0,1
50070,3,0.0,0.0,1.0,1,1,1.3862943611198906,2.0,3.5553480614894135,8.0,3.0,4.0,1.0,1
50074,3,0.0,0.0,1.0,1,1,2.3978952727983707,1.0,3.5553480614894135,8.0,3.0,4.0,2.0,7
50080,3,0.0,0.0,1.0,1,1,1.0986122886681098,1.0,4.343805421853684,8.0,3.0,4.0,1.0,1
50089,3,0.0,0.0,2.0,4,2,2.8903717578961645,1.0,3.9512437185814275,1.0,8.0,2.0,1.0,4