accident_severity,special_conditions_at_site,pedestrian_movement,road_surface_conditions,light_conditions,weather_conditions,age_of_vehicle,sex_of_driver,age_of_driver,junction_location,junction_detail,junction_control,did_police_officer_attend_scene_of_accident,day_of_week
51612,3,0.0,0.0,2.0,1,2,1.0986122886681098,2.0,4.442651256490317,1.0,7.0,4.0,1.0,1
51618,3,0.0,0.0,1.0,1,1,2.0794415416798357,1.0,4.007333185232471,1.0,8.0,4.0,1.0,1
51645,3,0.0,0.0,2.0,1,8,2.1972245773362196,1.0,4.02535169073515,1.0,6.0,4.0,1.0,7
51646,3,0.0,0.0,2.0,1,8,2.1972245773362196,1.0,4.02535169073515,1.0,6.0,4.0,1.0,7
51647,3,0.0,1.0,2.0,7,2,1.0986122886681098,1.0,3.8501476017100584,3.0,1.0,2.0,1.0,4
51651,3,0.0,0.0,2.0,1,1,1.791759469228055,1.0,3.8066624897703196,1.0,9.0,4.0,2.0,2
51654,3,0.0,0.0,1.0,1,1,1.791759469228055,2.0,3.7612001156935624,8.0,6.0,2.0,1.0,5
51659,3,4.0,0.0,2.0,1,1,2.5649493574615367,2.0,4.189654742026425,3.0,1.0,4.0,1.0,3
51661,3,0.0,0.0,1.0,1,1,2.70805020110221,2.0,3.295836866004329,1.0,3.0,4.0,2.0,6
51665,3,0.0,0.0,2.0,1,1,2.1972245773362196,1.0,4.060443010546419,1.0,6.0,4.0,1.0,2
51666,3,0.0,0.0,2.0,1,1,1.791759469228055,2.0,3.1780538303479458,8.0,6.0,4.0,1.0,2
51667,3,0.0,0.0,2.0,1,1,2.302585092994046,1.0,4.07753744390572,4.0,1.0,4.0,2.0,2
51670,3,0.0,0.0,2.0,1,4,2.833213344056216,2.0,4.189654742026425,1.0,3.0,4.0,1.0,1
51671,3,0.0,0.0,2.0,1,4,2.833213344056216,2.0,4.189654742026425,1.0,3.0,4.0,1.0,1
51673,1,0.0,1.0,2.0,1,3,2.70805020110221,2.0,3.258096538021482,1.0,6.0,4.0,1.0,2
51677,3,0.0,0.0,1.0,4,1,2.1972245773362196,1.0,4.31748811353631,1.0,3.0,4.0,1.0,5
51685,3,0.0,0.0,1.0,6,4,0.6931471805599453,2.0,3.258096538021482,6.0,3.0,4.0,1.0,6
51686,3,0.0,0.0,1.0,6,4,0.6931471805599453,2.0,3.258096538021482,6.0,3.0,4.0,1.0,6
51688,2,0.0,0.0,1.0,1,4,1.6094379124341003,1.0,3.367295829986474,1.0,3.0,4.0,1.0,6
51703,3,0.0,0.0,2.0,1,1,2.302585092994046,2.0,3.912023005428146,1.0,3.0,4.0,1.0,2
51706,3,0.0,0.0,2.0,1,1,1.0986122886681098,2.0,3.1354942159291497,1.0,3.0,3.0,1.0,4
51724,3,0.0,0.0,1.0,1,1,1.791759469228055,1.0,3.713572066704308,3.0,1.0,4.0,1.0,2
51725,3,0.0,0.0,1.0,1,1,1.0986122886681098,2.0,3.713572066704308,4.0,1.0,4.0,1.0,2
51727,3,0.0,0.0,1.0,1,1,2.5649493574615367,2.0,4.51085950651685,1.0,3.0,4.0,1.0,6
51732,2,0.0,3.0,1.0,4,1,2.70805020110221,1.0,3.7376696182833684,8.0,7.0,4.0,1.0,3
51746,3,0.0,0.0,2.0,1,9,2.0794415416798357,2.0,3.1354942159291497,2.0,7.0,4.0,2.0,4
51748,2,0.0,0.0,1.0,1,1,0.6931471805599453,1.0,3.9318256327243257,2.0,3.0,4.0,2.0,4
51754,3,0.0,0.0,1.0,1,1,2.5649493574615367,1.0,3.1780538303479458,1.0,3.0,4.0,1.0,1
51757,3,0.0,5.0,1.0,1,1,2.5649493574615367,1.0,3.295836866004329,2.0,3.0,4.0,1.0,1
51761,3,0.0,0.0,1.0,1,1,2.1972245773362196,2.0,3.1354942159291497,1.0,1.0,4.0,1.0,2
51774,3,0.0,0.0,1.0,4,2,1.0986122886681098,2.0,3.091042453358316,6.0,6.0,4.0,1.0,3
51775,3,0.0,0.0,1.0,4,2,1.0986122886681098,2.0,3.091042453358316,6.0,6.0,4.0,1.0,3
51781,3,0.0,0.0,2.0,4,2,1.791759469228055,1.0,3.091042453358316,1.0,7.0,2.0,2.0,5
51782,3,0.0,0.0,1.0,1,1,2.302585092994046,1.0,3.295836866004329,1.0,6.0,4.0,1.0,4
51790,3,0.0,0.0,2.0,1,1,2.4849066497880004,1.0,4.2626798770413155,8.0,3.0,4.0,1.0,1
51791,3,0.0,0.0,1.0,1,1,2.6390573296152584,2.0,4.406719247264253,1.0,3.0,4.0,1.0,5
51795,3,0.0,0.0,1.0,1,1,2.6390573296152584,2.0,3.8918202981106265,8.0,6.0,4.0,1.0,6
51804,3,0.0,0.0,1.0,1,1,2.833213344056216,1.0,2.995732273553991,1.0,3.0,4.0,1.0,2
51814,3,0.0,0.0,2.0,1,5,1.791759469228055,2.0,3.1354942159291497,1.0,1.0,4.0,1.0,2
51820,3,0.0,0.0,2.0,4,5,2.70805020110221,1.0,3.4011973816621555,1.0,3.0,4.0,2.0,2
51822,3,0.0,0.0,1.0,1,1,1.0986122886681098,2.0,2.995732273553991,1.0,3.0,4.0,1.0,5
51829,3,0.0,0.0,1.0,1,1,1.9459101490553132,1.0,2.8903717578961645,3.0,1.0,4.0,1.0,6
51832,3,0.0,0.0,1.0,1,1,1.9459101490553132,1.0,4.143134726391533,1.0,6.0,4.0,1.0,3
51833,3,0.0,0.0,1.0,1,1,2.4849066497880004,1.0,3.5263605246161616,1.0,6.0,4.0,1.0,3
51839,3,0.0,0.0,1.0,1,1,1.0986122886681098,2.0,3.2188758248682006,1.0,8.0,4.0,1.0,3
51845,3,0.0,0.0,1.0,1,1,1.6094379124341003,1.0,4.48863636973214,8.0,1.0,4.0,2.0,3
51855,3,0.0,0.0,1.0,1,1,1.0986122886681098,1.0,3.8066624897703196,6.0,6.0,4.0,1.0,6
51856,3,0.0,0.0,1.0,1,1,1.0986122886681098,1.0,3.8066624897703196,6.0,6.0,4.0,1.0,6
51858,3,0.0,0.0,1.0,6,1,2.4849066497880004,1.0,4.430816798843313,1.0,3.0,4.0,1.0,1
51859,3,0.0,0.0,1.0,6,1,1.791759469228055,1.0,3.6109179126442243,1.0,3.0,4.0,1.0,1
51860,3,0.0,0.0,1.0,1,1,1.3862943611198906,2.0,3.2188758248682006,7.0,9.0,4.0,1.0,1
51863,3,0.0,0.0,1.0,1,1,0.6931471805599453,1.0,3.091042453358316,1.0,3.0,4.0,1.0,3
51866,2,0.0,0.0,1.0,1,1,1.3862943611198906,1.0,3.9318256327243257,2.0,5.0,4.0,1.0,3
51874,3,0.0,0.0,1.0,4,1,1.791759469228055,1.0,3.2188758248682006,1.0,9.0,4.0,1.0,3
51877,3,0.0,0.0,2.0,1,1,1.3862943611198906,1.0,3.4657359027997265,1.0,7.0,4.0,1.0,2
51878,3,0.0,0.0,2.0,1,1,1.3862943611198906,1.0,3.4657359027997265,1.0,7.0,4.0,1.0,2
51879,3,0.0,0.0,2.0,1,1,1.3862943611198906,1.0,3.4657359027997265,1.0,7.0,4.0,1.0,2
51884,3,0.0,0.0,1.0,1,1,0.6931471805599453,1.0,2.8903717578961645,6.0,3.0,4.0,1.0,4
51888,3,0.0,0.0,1.0,1,1,2.0794415416798357,1.0,4.219507705176107,3.0,1.0,4.0,1.0,7
51891,3,0.0,0.0,1.0,1,1,2.1972245773362196,2.0,3.828641396489095,1.0,9.0,4.0,2.0,6
51905,3,0.0,0.0,1.0,1,1,1.6094379124341003,2.0,3.4339872044851463,4.0,1.0,4.0,1.0,7
51906,3,0.0,1.0,1.0,1,1,2.6390573296152584,1.0,3.9318256327243257,2.0,3.0,4.0,2.0,2
51907,3,0.0,1.0,1.0,4,1,2.5649493574615367,1.0,3.044522437723423,2.0,6.0,2.0,1.0,1
51912,2,0.0,0.0,1.0,1,1,1.3862943611198906,2.0,3.970291913552122,8.0,3.0,4.0,1.0,7
51915,3,0.0,0.0,1.0,1,1,2.302585092994046,2.0,3.5263605246161616,1.0,6.0,4.0,2.0,2
51916,3,0.0,0.0,1.0,1,1,2.302585092994046,2.0,3.5263605246161616,1.0,6.0,4.0,2.0,2
51917,3,0.0,0.0,1.0,1,1,2.302585092994046,2.0,3.5263605246161616,1.0,6.0,4.0,2.0,2
51922,3,0.0,0.0,1.0,1,1,2.302585092994046,1.0,4.060443010546419,8.0,3.0,4.0,2.0,2
51927,3,0.0,1.0,1.0,1,1,0.6931471805599453,1.0,4.174387269895637,1.0,3.0,4.0,1.0,4
51932,3,0.0,0.0,1.0,1,1,2.833213344056216,1.0,3.2188758248682006,6.0,6.0,4.0,1.0,5
51944,3,0.0,1.0,1.0,1,1,0.6931471805599453,2.0,4.174387269895637,2.0,6.0,4.0,1.0,5
51950,3,0.0,0.0,1.0,1,1,2.302585092994046,1.0,3.7376696182833684,1.0,3.0,4.0,1.0,2
51951,3,0.0,0.0,1.0,1,1,2.302585092994046,1.0,3.7376696182833684,1.0,3.0,4.0,1.0,2
51958,3,0.0,0.0,1.0,1,1,2.4849066497880004,1.0,3.9318256327243257,4.0,1.0,4.0,2.0,5
51963,3,0.0,0.0,1.0,1,1,1.3862943611198906,2.0,4.07753744390572,8.0,6.0,4.0,1.0,5
51982,3,0.0,0.0,1.0,1,1,2.0794415416798357,1.0,2.8903717578961645,6.0,1.0,4.0,2.0,3
51984,3,0.0,0.0,1.0,1,1,2.0794415416798357,1.0,3.295836866004329,4.0,1.0,4.0,1.0,4
51990,3,0.0,0.0,2.0,1,2,1.0986122886681098,2.0,3.1780538303479458,6.0,6.0,4.0,1.0,7
51991,3,0.0,0.0,2.0,1,2,1.0986122886681098,2.0,3.1780538303479458,6.0,6.0,4.0,1.0,7
52006,3,0.0,0.0,1.0,1,1,0.6931471805599453,1.0,4.02535169073515,8.0,6.0,4.0,1.0,5
52009,3,0.0,0.0,1.0,1,1,0.6931471805599453,2.0,4.3694478524670215,1.0,3.0,4.0,2.0,4
52013,3,0.0,0.0,1.0,4,1,2.1972245773362196,1.0,4.143134726391533,6.0,6.0,3.0,1.0,1
52021,3,0.0,0.0,2.0,1,2,2.3978952727983707,2.0,3.4339872044851463,1.0,3.0,4.0,2.0,3
52022,3,0.0,0.0,2.0,1,2,2.6390573296152584,1.0,3.828641396489095,1.0,3.0,4.0,1.0,3
52023,3,0.0,0.0,2.0,1,2,1.9459101490553132,2.0,3.367295829986474,1.0,3.0,4.0,1.0,3
52032,3,0.0,0.0,1.0,1,1,2.6390573296152584,2.0,3.258096538021482,1.0,3.0,4.0,1.0,5
52037,3,0.0,0.0,2.0,1,1,2.5649493574615367,1.0,4.406719247264253,2.0,6.0,2.0,1.0,4
52046,2,0.0,0.0,1.0,1,1,1.6094379124341003,1.0,4.174387269895637,1.0,3.0,4.0,1.0,7
52049,2,0.0,0.0,1.0,1,1,2.1972245773362196,2.0,3.258096538021482,1.0,5.0,4.0,1.0,6
52050,2,0.0,0.0,1.0,1,1,2.1972245773362196,2.0,3.258096538021482,1.0,5.0,4.0,1.0,6
52056,3,0.0,0.0,1.0,1,1,2.1972245773362196,2.0,4.3694478524670215,8.0,6.0,4.0,1.0,7
52057,3,0.0,0.0,1.0,1,1,2.1972245773362196,2.0,4.3694478524670215,8.0,6.0,4.0,1.0,7
52059,3,0.0,0.0,1.0,1,1,2.3978952727983707,2.0,3.4011973816621555,5.0,9.0,4.0,1.0,2
52060,3,0.0,0.0,1.0,1,1,2.3978952727983707,2.0,3.4011973816621555,5.0,9.0,4.0,1.0,2
52063,3,0.0,0.0,1.0,1,1,1.9459101490553132,1.0,4.465908118654584,6.0,3.0,4.0,1.0,5
52064,3,0.0,0.0,1.0,1,1,1.9459101490553132,1.0,3.9318256327243257,8.0,3.0,4.0,1.0,5
52073,3,0.0,0.0,1.0,1,1,2.6390573296152584,2.0,3.4339872044851463,1.0,1.0,4.0,2.0,3
52074,3,0.0,0.0,1.0,1,1,2.833213344056216,1.0,4.406719247264253,8.0,6.0,2.0,1.0,3
52075,3,0.0,0.0,1.0,1,1,2.833213344056216,1.0,4.406719247264253,8.0,6.0,2.0,1.0,3
52078,3,0.0,0.0,1.0,1,1,2.1972245773362196,2.0,3.2188758248682006,1.0,1.0,4.0,1.0,5
52079,2,0.0,0.0,1.0,6,1,2.6390573296152584,2.0,2.9444389791664403,2.0,3.0,4.0,1.0,5
52080,2,0.0,0.0,1.0,6,1,2.6390573296152584,2.0,2.9444389791664403,2.0,3.0,4.0,1.0,5
52081,2,0.0,0.0,1.0,6,1,2.6390573296152584,2.0,2.9444389791664403,2.0,3.0,4.0,1.0,5
52082,2,0.0,0.0,1.0,6,1,2.6390573296152584,2.0,2.9444389791664403,2.0,3.0,4.0,1.0,5
52083,2,0.0,0.0,1.0,6,1,2.6390573296152584,2.0,2.9444389791664403,2.0,3.0,4.0,1.0,5
52091,3,0.0,0.0,1.0,1,1,2.6390573296152584,2.0,3.332204510175204,1.0,5.0,4.0,1.0,6
52093,3,0.0,0.0,1.0,1,1,2.1972245773362196,2.0,3.4339872044851463,1.0,3.0,4.0,2.0,2
52105,3,0.0,0.0,1.0,1,1,2.70805020110221,1.0,3.8918202981106265,1.0,3.0,4.0,1.0,7
52106,3,0.0,0.0,2.0,1,2,2.3978952727983707,2.0,2.995732273553991,1.0,3.0,4.0,1.0,3
52107,3,0.0,0.0,2.0,1,2,2.302585092994046,2.0,3.9318256327243257,1.0,3.0,4.0,1.0,3
52110,2,0.0,9.0,1.0,7,1,2.6390573296152584,1.0,2.995732273553991,1.0,3.0,4.0,1.0,1
52116,3,0.0,0.0,1.0,1,1,2.3978952727983707,2.0,3.295836866004329,1.0,3.0,2.0,2.0,6
52119,3,0.0,0.0,2.0,1,2,2.70805020110221,2.0,3.044522437723423,4.0,1.0,4.0,1.0,2
52137,3,0.0,1.0,1.0,1,1,2.6390573296152584,1.0,3.091042453358316,8.0,3.0,4.0,1.0,4
52141,3,0.0,0.0,1.0,1,1,2.4849066497880004,1.0,4.02535169073515,1.0,6.0,4.0,1.0,5
52142,3,0.0,0.0,1.0,1,1,2.4849066497880004,1.0,4.02535169073515,1.0,6.0,4.0,1.0,5
52144,3,0.0,0.0,1.0,1,1,1.6094379124341003,1.0,3.5553480614894135,1.0,3.0,4.0,2.0,7
52145,3,0.0,0.0,1.0,1,1,1.6094379124341003,1.0,3.5553480614894135,1.0,3.0,4.0,2.0,7
52148,2,0.0,3.0,1.0,1,1,2.833213344056216,1.0,3.912023005428146,8.0,6.0,2.0,1.0,7
52152,3,0.0,0.0,1.0,1,1,2.1972245773362196,1.0,3.784189633918261,1.0,3.0,4.0,1.0,4
52159,3,0.0,0.0,1.0,1,1,2.1972245773362196,1.0,3.4965075614664802,1.0,3.0,4.0,1.0,3
52162,3,0.0,0.0,1.0,1,1,2.302585092994046,2.0,4.07753744390572,1.0,9.0,4.0,1.0,3
52185,3,0.0,0.0,1.0,1,1,1.791759469228055,1.0,4.02535169073515,1.0,3.0,4.0,1.0,5
52190,2,0.0,0.0,1.0,1,1,2.1972245773362196,1.0,3.332204510175204,1.0,3.0,4.0,1.0,5
52194,3,0.0,0.0,1.0,1,1,2.8903717578961645,1.0,3.713572066704308,1.0,3.0,4.0,1.0,6
52197,3,0.0,0.0,1.0,1,1,2.0794415416798357,2.0,3.332204510175204,1.0,3.0,4.0,2.0,6
52202,3,0.0,0.0,1.0,1,1,0.6931471805599453,2.0,3.1780538303479458,1.0,9.0,2.0,1.0,7
52203,3,0.0,0.0,2.0,6,2,1.0986122886681098,1.0,3.332204510175204,2.0,3.0,4.0,1.0,1
52216,3,0.0,0.0,1.0,1,1,2.6390573296152584,1.0,3.912023005428146,8.0,6.0,4.0,1.0,4
52232,3,0.0,0.0,1.0,1,1,2.70805020110221,1.0,3.6888794541139363,1.0,5.0,4.0,1.0,6
52242,3,0.0,0.0,1.0,1,1,1.0986122886681098,1.0,4.204692619390966,1.0,9.0,2.0,1.0,2
52243,2,0.0,0.0,2.0,1,1,2.6390573296152584,1.0,3.2188758248682006,4.0,1.0,4.0,1.0,6
52244,2,0.0,0.0,2.0,1,1,2.1972245773362196,1.0,3.4339872044851463,4.0,1.0,4.0,1.0,6
52245,3,0.0,0.0,1.0,1,1,1.9459101490553132,1.0,2.995732273553991,1.0,3.0,4.0,1.0,3
52246,3,0.0,0.0,1.0,1,1,1.9459101490553132,1.0,2.995732273553991,1.0,3.0,4.0,1.0,3
52249,3,0.0,1.0,1.0,1,9,1.3862943611198906,1.0,4.3694478524670215,6.0,9.0,4.0,2.0,7
52252,3,0.0,0.0,1.0,1,1,2.833213344056216,1.0,3.044522437723423,8.0,3.0,4.0,1.0,5
52253,3,0.0,0.0,1.0,1,1,2.833213344056216,1.0,3.044522437723423,8.0,3.0,4.0,1.0,5
52254,3,0.0,0.0,1.0,1,1,2.4849066497880004,2.0,4.1588830833596715,8.0,3.0,4.0,1.0,5
52258,3,0.0,0.0,1.0,1,1,1.3862943611198906,2.0,4.174387269895637,1.0,3.0,4.0,1.0,5
52259,3,0.0,0.0,1.0,1,1,1.0986122886681098,1.0,3.6888794541139363,5.0,3.0,4.0,1.0,5
52263,2,0.0,0.0,1.0,1,1,2.4849066497880004,1.0,4.30406509320417,1.0,3.0,4.0,1.0,5
52264,2,0.0,0.0,1.0,1,1,2.4849066497880004,1.0,4.30406509320417,1.0,3.0,4.0,1.0,5
52274,3,0.0,9.0,1.0,1,1,0.6931471805599453,1.0,3.4339872044851463,1.0,3.0,4.0,1.0,4
52275,3,0.0,9.0,1.0,1,1,0.6931471805599453,1.0,3.4339872044851463,1.0,3.0,4.0,1.0,4
52279,3,0.0,0.0,1.0,1,1,2.1972245773362196,1.0,3.9318256327243257,1.0,3.0,4.0,1.0,4
52286,3,0.0,0.0,1.0,1,1,1.3862943611198906,2.0,3.8066624897703196,1.0,3.0,2.0,1.0,2
52287,3,0.0,0.0,1.0,1,1,2.1972245773362196,1.0,4.07753744390572,4.0,5.0,4.0,1.0,7
52288,3,0.0,0.0,1.0,1,1,2.1972245773362196,1.0,4.07753744390572,4.0,5.0,4.0,1.0,7
52291,2,0.0,0.0,1.0,1,1,2.6390573296152584,2.0,3.8066624897703196,6.0,6.0,2.0,1.0,3
52314,3,4.0,0.0,1.0,1,1,0.6931471805599453,1.0,4.127134385045092,1.0,6.0,4.0,1.0,5
52325,3,0.0,0.0,2.0,1,2,1.3862943611198906,1.0,3.2188758248682006,4.0,1.0,4.0,1.0,7
52328,3,0.0,2.0,1.0,1,1,2.6390573296152584,2.0,3.367295829986474,1.0,3.0,2.0,1.0,2
52332,3,0.0,0.0,1.0,1,1,1.9459101490553132,1.0,3.6375861597263857,1.0,3.0,4.0,2.0,2
52333,3,0.0,0.0,1.0,1,1,1.3862943611198906,2.0,3.4011973816621555,1.0,9.0,4.0,1.0,3
52334,3,0.0,0.0,1.0,1,1,2.302585092994046,1.0,4.189654742026425,1.0,9.0,4.0,1.0,3
52335,3,0.0,0.0,1.0,1,1,2.302585092994046,1.0,4.189654742026425,1.0,9.0,4.0,1.0,3
52337,3,0.0,0.0,1.0,1,1,2.5649493574615367,1.0,4.30406509320417,1.0,5.0,4.0,1.0,1
52338,3,0.0,0.0,1.0,1,1,2.5649493574615367,1.0,4.30406509320417,1.0,5.0,4.0,1.0,1
52342,2,0.0,0.0,1.0,1,1,1.6094379124341003,1.0,2.995732273553991,8.0,3.0,4.0,1.0,1
52343,2,0.0,0.0,1.0,1,1,1.6094379124341003,1.0,2.995732273553991,8.0,3.0,4.0,1.0,1
52344,2,0.0,0.0,1.0,1,1,0.6931471805599453,1.0,4.110873864173311,8.0,3.0,4.0,1.0,1
52355,3,0.0,0.0,1.0,1,1,2.0794415416798357,1.0,3.6109179126442243,8.0,3.0,4.0,1.0,3
52361,3,0.0,0.0,1.0,1,1,2.302585092994046,2.0,3.828641396489095,1.0,3.0,4.0,2.0,2
52362,3,0.0,0.0,1.0,1,1,2.302585092994046,2.0,3.828641396489095,1.0,3.0,4.0,2.0,2
52363,3,0.0,0.0,1.0,1,1,0.6931471805599453,1.0,4.356708826689592,4.0,2.0,4.0,1.0,2
52374,3,0.0,0.0,2.0,1,2,2.302585092994046,2.0,2.9444389791664403,5.0,9.0,4.0,1.0,5
52375,3,0.0,0.0,2.0,1,2,2.302585092994046,2.0,2.9444389791664403,5.0,9.0,4.0,1.0,5
52377,3,0.0,0.0,1.0,1,1,1.3862943611198906,2.0,4.31748811353631,8.0,3.0,4.0,1.0,5
52379,3,0.0,0.0,2.0,1,8,1.9459101490553132,2.0,2.9444389791664403,1.0,9.0,4.0,1.0,5
52385,3,0.0,0.0,1.0,1,1,2.0794415416798357,1.0,3.295836866004329,1.0,3.0,4.0,2.0,7
52388,3,3.0,0.0,1.0,1,1,1.3862943611198906,1.0,4.442651256490317,6.0,6.0,4.0,1.0,3
52389,3,3.0,0.0,1.0,1,1,1.3862943611198906,1.0,4.442651256490317,6.0,6.0,4.0,1.0,3
52390,3,3.0,0.0,1.0,1,1,1.3862943611198906,2.0,3.332204510175204,1.0,6.0,4.0,1.0,3
52396,3,0.0,0.0,1.0,1,1,2.1972245773362196,1.0,3.1780538303479458,8.0,3.0,4.0,1.0,3
52400,3,0.0,0.0,1.0,1,1,1.9459101490553132,1.0,3.258096538021482,1.0,8.0,4.0,1.0,3
52403,2,0.0,0.0,2.0,1,8,3.044522437723423,1.0,3.871201010907891,1.0,6.0,4.0,1.0,1
52414,3,0.0,0.0,1.0,1,1,0.6931471805599453,1.0,4.276666119016055,1.0,9.0,4.0,1.0,5
52415,3,0.0,0.0,1.0,1,1,2.0794415416798357,1.0,4.248495242049359,1.0,9.0,4.0,1.0,5
52416,3,0.0,0.0,1.0,1,1,2.0794415416798357,1.0,4.248495242049359,1.0,9.0,4.0,1.0,5
52417,3,0.0,0.0,1.0,1,1,2.0794415416798357,1.0,4.248495242049359,1.0,9.0,4.0,1.0,5
52418,3,0.0,0.0,1.0,1,1,2.0794415416798357,1.0,4.248495242049359,1.0,9.0,4.0,1.0,5
52423,2,0.0,0.0,1.0,1,1,1.3862943611198906,1.0,4.04305126783455,1.0,3.0,4.0,1.0,3
52431,3,0.0,0.0,1.0,1,1,1.9459101490553132,1.0,3.6635616461296463,1.0,1.0,2.0,2.0,7
52436,3,0.0,0.0,1.0,1,1,2.772588722239781,2.0,3.044522437723423,1.0,9.0,4.0,2.0,2
52441,3,0.0,0.0,1.0,1,1,1.0986122886681098,2.0,3.8501476017100584,1.0,9.0,4.0,1.0,3
52442,3,0.0,0.0,1.0,1,1,1.0986122886681098,2.0,3.8501476017100584,1.0,9.0,4.0,1.0,3
52443,3,0.0,0.0,1.0,1,1,2.4849066497880004,1.0,4.04305126783455,8.0,6.0,3.0,1.0,5
52444,3,0.0,0.0,1.0,1,1,2.4849066497880004,1.0,4.04305126783455,8.0,6.0,3.0,1.0,5
52445,3,0.0,0.0,1.0,1,1,2.302585092994046,1.0,3.7376696182833684,1.0,6.0,3.0,1.0,5
52447,3,0.0,0.0,1.0,1,1,1.791759469228055,2.0,3.367295829986474,1.0,9.0,4.0,1.0,6
52452,3,0.0,0.0,1.0,1,1,2.3978952727983707,1.0,4.189654742026425,2.0,3.0,4.0,1.0,4
52459,3,0.0,0.0,1.0,1,1,1.6094379124341003,2.0,3.912023005428146,1.0,6.0,4.0,1.0,4
52460,3,0.0,0.0,1.0,1,1,2.4849066497880004,1.0,4.356708826689592,1.0,6.0,4.0,1.0,4
52467,3,0.0,0.0,1.0,1,1,2.4849066497880004,2.0,4.04305126783455,1.0,9.0,4.0,1.0,5
52468,3,0.0,0.0,1.0,1,1,1.0986122886681098,2.0,4.248495242049359,1.0,3.0,4.0,1.0,2
52475,3,0.0,1.0,2.0,4,2,2.4849066497880004,1.0,2.8903717578961645,8.0,6.0,2.0,1.0,7
52476,3,0.0,0.0,1.0,1,1,1.791759469228055,2.0,4.04305126783455,1.0,9.0,4.0,1.0,5
52477,3,0.0,0.0,1.0,1,1,0.6931471805599453,1.0,4.060443010546419,1.0,9.0,4.0,1.0,5
52484,3,0.0,0.0,1.0,1,1,1.0986122886681098,1.0,3.871201010907891,1.0,6.0,4.0,1.0,4
52485,3,0.0,0.0,1.0,1,1,1.0986122886681098,1.0,3.871201010907891,1.0,6.0,4.0,1.0,4
52486,3,0.0,0.0,1.0,1,1,1.0986122886681098,1.0,3.871201010907891,1.0,6.0,4.0,1.0,4
52491,3,0.0,0.0,1.0,1,1,0.6931471805599453,2.0,3.1780538303479458,8.0,3.0,4.0,1.0,4
52492,3,0.0,0.0,1.0,1,1,2.1972245773362196,2.0,3.2188758248682006,5.0,3.0,4.0,1.0,4
52502,3,0.0,0.0,1.0,1,1,1.6094379124341003,1.0,3.6109179126442243,1.0,3.0,4.0,2.0,4
52503,3,0.0,0.0,1.0,4,1,2.6390573296152584,1.0,3.2188758248682006,1.0,7.0,2.0,1.0,5
52505,3,0.0,0.0,1.0,1,1,2.5649493574615367,1.0,2.8903717578961645,1.0,3.0,4.0,1.0,5
52506,3,0.0,0.0,1.0,1,1,2.5649493574615367,1.0,2.8903717578961645,1.0,3.0,4.0,1.0,5
52513,2,0.0,0.0,1.0,4,1,2.833213344056216,1.0,3.044522437723423,1.0,1.0,4.0,1.0,4
52514,3,0.0,0.0,1.0,1,1,0.6931471805599453,2.0,4.330733340286331,6.0,6.0,4.0,1.0,3
52515,3,0.0,0.0,1.0,1,1,0.6931471805599453,2.0,4.330733340286331,6.0,6.0,4.0,1.0,3
52516,3,0.0,0.0,1.0,1,1,2.3978952727983707,2.0,3.1780538303479458,1.0,6.0,4.0,1.0,3
52517,3,0.0,0.0,1.0,1,1,2.3978952727983707,2.0,3.1780538303479458,1.0,6.0,4.0,1.0,3
52525,3,0.0,0.0,1.0,1,1,2.1972245773362196,1.0,3.5553480614894135,2.0,3.0,4.0,1.0,2
52527,3,0.0,0.0,1.0,1,1,2.8903717578961645,1.0,4.1588830833596715,8.0,1.0,4.0,1.0,4
52532,3,0.0,0.0,1.0,1,1,1.9459101490553132,1.0,3.8918202981106265,1.0,1.0,2.0,1.0,7
52533,3,0.0,0.0,1.0,1,1,2.302585092994046,2.0,4.143134726391533,6.0,3.0,2.0,1.0,5
52536,2,0.0,0.0,1.0,6,1,2.3978952727983707,1.0,2.833213344056216,1.0,6.0,4.0,1.0,7
52537,3,0.0,0.0,2.0,1,1,1.791759469228055,2.0,3.8918202981106265,6.0,3.0,4.0,1.0,1
52538,3,0.0,0.0,2.0,1,1,1.9459101490553132,2.0,4.406719247264253,1.0,3.0,4.0,1.0,1
52551,3,0.0,0.0,1.0,1,1,1.0986122886681098,1.0,3.5553480614894135,1.0,6.0,4.0,1.0,2
52552,3,0.0,0.0,1.0,1,1,1.791759469228055,1.0,3.912023005428146,1.0,6.0,4.0,1.0,2
52567,3,0.0,0.0,2.0,1,2,1.9459101490553132,1.0,3.4657359027997265,1.0,9.0,4.0,1.0,3
52569,3,0.0,0.0,2.0,1,2,2.5649493574615367,1.0,3.1780538303479458,1.0,9.0,4.0,1.0,3
52572,3,0.0,0.0,2.0,1,2,2.70805020110221,2.0,3.9318256327243257,6.0,3.0,4.0,1.0,3
52573,3,0.0,1.0,1.0,1,1,2.5649493574615367,2.0,3.4339872044851463,8.0,7.0,4.0,1.0,4
52580,3,0.0,0.0,1.0,1,1,2.1972245773362196,2.0,3.332204510175204,1.0,6.0,4.0,1.0,7